{
  "type": "FeatureCollection",
  "generated_at": "2026-09-08T18:39:12.651673+00:00",
  "features": [
    {
      "type": "Feature",
      "geometry": {
        "type": "Point",
        "coordinates": [
          74.01,
          14.98
        ]
      },
      "properties": {
        "layer": "deployment_points",
        "station_id": "DEMO_A",
        "depth_m": 250.0,
        "drift_scale_m": 400.0,
        "demo_mode": true,
        "data_provenance": "DEMO",
        "notes": "Synthetic DEMO data \u2014 not real measurements"
      }
    },
    {
      "type": "Feature",
      "geometry": {
        "type": "Point",
        "coordinates": [
          74.0135,
          14.982
        ]
      },
      "properties": {
        "layer": "deployment_points",
        "station_id": "DEMO_B",
        "depth_m": 250.0,
        "drift_scale_m": 400.0,
        "demo_mode": true,
        "data_provenance": "DEMO",
        "notes": "Synthetic DEMO data \u2014 not real measurements"
      }
    },
    {
      "type": "Feature",
      "geometry": {
        "type": "Point",
        "coordinates": [
          74.016,
          14.9805
        ]
      },
      "properties": {
        "layer": "deployment_points",
        "station_id": "DEMO_C",
        "depth_m": 250.0,
        "drift_scale_m": 400.0,
        "demo_mode": true,
        "data_provenance": "DEMO",
        "notes": "Synthetic DEMO data \u2014 not real measurements"
      }
    },
    {
      "type": "Feature",
      "geometry": {
        "type": "Point",
        "coordinates": [
          74.01,
          14.98
        ]
      },
      "properties": {
        "layer": "deployment_points",
        "station_id": "STATION_A",
        "depth_m": 250.0,
        "drift_scale_m": 400.0,
        "demo_mode": false,
        "data_provenance": "MEASURED",
        "notes": ""
      }
    },
    {
      "type": "Feature",
      "geometry": {
        "type": "Point",
        "coordinates": [
          74.01,
          14.98
        ]
      },
      "properties": {
        "layer": "measured_anomaly_points",
        "station_id": "DEMO_A",
        "start_timestamp": "2026-09-01 08:18:50+00:00",
        "end_timestamp": "2026-09-01 08:21:50+00:00",
        "representative_timestamp": "2026-09-01 08:20:20+00:00",
        "latitude": 14.98,
        "longitude": 74.01,
        "pi_strength": 0.3748488321475152,
        "temperature": 4.816670974611017,
        "temperature_delta": 0.7796249697567097,
        "magnetic_strength": 36.47107500781792,
        "heading": 81.58048467527871,
        "evidence_score": 1.0,
        "classification": "POSSIBLE_HYDROTHERMAL_ASSOCIATED_ANOMALY",
        "evidence_flags": [
          "PI_LOCAL_EXCURSION",
          "TEMPERATURE_LOCAL_EXCURSION",
          "MAGNETIC_LOCAL_EXCURSION"
        ],
        "data_provenance": "DEMO",
        "anomaly_type": "POSSIBLE_HYDROTHERMAL_ASSOCIATED_ANOMALY"
      }
    },
    {
      "type": "Feature",
      "geometry": {
        "type": "Point",
        "coordinates": [
          74.01,
          14.98
        ]
      },
      "properties": {
        "layer": "measured_anomaly_points",
        "station_id": "DEMO_A",
        "start_timestamp": "2026-09-01 08:22:20+00:00",
        "end_timestamp": "2026-09-01 08:22:20+00:00",
        "representative_timestamp": "2026-09-01 08:22:20+00:00",
        "latitude": 14.98,
        "longitude": 74.01,
        "pi_strength": 0.47107778098297576,
        "temperature": 4.749515641214058,
        "temperature_delta": 0.004566486753272869,
        "magnetic_strength": 30.961656030149445,
        "heading": 81.52183696481974,
        "evidence_score": 0.4,
        "classification": "POSSIBLE_METALLIC_ANOMALY",
        "evidence_flags": [
          "MAGNETIC_LOCAL_EXCURSION"
        ],
        "data_provenance": "DEMO",
        "anomaly_type": "POSSIBLE_METALLIC_ANOMALY"
      }
    },
    {
      "type": "Feature",
      "geometry": {
        "type": "Point",
        "coordinates": [
          74.01,
          14.98
        ]
      },
      "properties": {
        "layer": "measured_anomaly_points",
        "station_id": "DEMO_A",
        "start_timestamp": "2026-09-01 08:22:40+00:00",
        "end_timestamp": "2026-09-01 08:22:40+00:00",
        "representative_timestamp": "2026-09-01 08:22:40+00:00",
        "latitude": 14.98,
        "longitude": 74.01,
        "pi_strength": 0.38615174803280017,
        "temperature": 4.811796752085247,
        "temperature_delta": 0.06228111087118915,
        "magnetic_strength": 32.33905958344454,
        "heading": 80.75599886360752,
        "evidence_score": 0.4,
        "classification": "POSSIBLE_METALLIC_ANOMALY",
        "evidence_flags": [
          "MAGNETIC_LOCAL_EXCURSION"
        ],
        "data_provenance": "DEMO",
        "anomaly_type": "POSSIBLE_METALLIC_ANOMALY"
      }
    },
    {
      "type": "Feature",
      "geometry": {
        "type": "Point",
        "coordinates": [
          74.01,
          14.98
        ]
      },
      "properties": {
        "layer": "measured_anomaly_points",
        "station_id": "DEMO_A",
        "start_timestamp": "2026-09-01 08:23:30+00:00",
        "end_timestamp": "2026-09-01 08:23:50+00:00",
        "representative_timestamp": "2026-09-01 08:23:40+00:00",
        "latitude": 14.98,
        "longitude": 74.01,
        "pi_strength": 0.26637836380113433,
        "temperature": 4.842107652535718,
        "temperature_delta": 0.04952270495797961,
        "magnetic_strength": 32.906897323066694,
        "heading": 85.3067652234198,
        "evidence_score": 0.4,
        "classification": "POSSIBLE_METALLIC_ANOMALY",
        "evidence_flags": [
          "MAGNETIC_LOCAL_EXCURSION"
        ],
        "data_provenance": "DEMO",
        "anomaly_type": "POSSIBLE_METALLIC_ANOMALY"
      }
    },
    {
      "type": "Feature",
      "geometry": {
        "type": "Point",
        "coordinates": [
          74.01,
          14.98
        ]
      },
      "properties": {
        "layer": "measured_anomaly_points",
        "station_id": "DEMO_A",
        "start_timestamp": "2026-09-01 08:24:30+00:00",
        "end_timestamp": "2026-09-01 08:24:40+00:00",
        "representative_timestamp": "2026-09-01 08:24:40+00:00",
        "latitude": 14.98,
        "longitude": 74.01,
        "pi_strength": 0.3623200277269087,
        "temperature": 4.852668341819708,
        "temperature_delta": 0.04087158973446137,
        "magnetic_strength": 38.632900493996814,
        "heading": 92.26062021758055,
        "evidence_score": 0.4,
        "classification": "POSSIBLE_METALLIC_ANOMALY",
        "evidence_flags": [
          "MAGNETIC_LOCAL_EXCURSION"
        ],
        "data_provenance": "DEMO",
        "anomaly_type": "POSSIBLE_METALLIC_ANOMALY"
      }
    },
    {
      "type": "Feature",
      "geometry": {
        "type": "Point",
        "coordinates": [
          74.01,
          14.98
        ]
      },
      "properties": {
        "layer": "measured_anomaly_points",
        "station_id": "DEMO_A",
        "start_timestamp": "2026-09-01 08:25:00+00:00",
        "end_timestamp": "2026-09-01 08:25:00+00:00",
        "representative_timestamp": "2026-09-01 08:25:00+00:00",
        "latitude": 14.98,
        "longitude": 74.01,
        "pi_strength": 0.30404819982963954,
        "temperature": 4.836007500159552,
        "temperature_delta": 0.024210748074305677,
        "magnetic_strength": 37.18458786353236,
        "heading": 93.09628439177189,
        "evidence_score": 0.4,
        "classification": "POSSIBLE_METALLIC_ANOMALY",
        "evidence_flags": [
          "MAGNETIC_LOCAL_EXCURSION"
        ],
        "data_provenance": "DEMO",
        "anomaly_type": "POSSIBLE_METALLIC_ANOMALY"
      }
    },
    {
      "type": "Feature",
      "geometry": {
        "type": "Point",
        "coordinates": [
          74.01,
          14.98
        ]
      },
      "properties": {
        "layer": "measured_anomaly_points",
        "station_id": "DEMO_A",
        "start_timestamp": "2026-09-01 08:25:40+00:00",
        "end_timestamp": "2026-09-01 08:25:40+00:00",
        "representative_timestamp": "2026-09-01 08:25:40+00:00",
        "latitude": 14.98,
        "longitude": 74.01,
        "pi_strength": 0.44970671618604363,
        "temperature": 4.7338334521648,
        "temperature_delta": -0.08119005420665015,
        "magnetic_strength": 36.933596078597624,
        "heading": 86.23950967526717,
        "evidence_score": 0.4,
        "classification": "POSSIBLE_METALLIC_ANOMALY",
        "evidence_flags": [
          "MAGNETIC_LOCAL_EXCURSION"
        ],
        "data_provenance": "DEMO",
        "anomaly_type": "POSSIBLE_METALLIC_ANOMALY"
      }
    },
    {
      "type": "Feature",
      "geometry": {
        "type": "Point",
        "coordinates": [
          74.01,
          14.98
        ]
      },
      "properties": {
        "layer": "measured_anomaly_points",
        "station_id": "DEMO_A",
        "start_timestamp": "2026-09-01 08:26:10+00:00",
        "end_timestamp": "2026-09-01 08:26:10+00:00",
        "representative_timestamp": "2026-09-01 08:26:10+00:00",
        "latitude": 14.98,
        "longitude": 74.01,
        "pi_strength": 0.3473516110276207,
        "temperature": 4.846841579650196,
        "temperature_delta": 0.01951689744427565,
        "magnetic_strength": 32.57123874166545,
        "heading": 85.02980629351538,
        "evidence_score": 0.4,
        "classification": "POSSIBLE_METALLIC_ANOMALY",
        "evidence_flags": [
          "MAGNETIC_LOCAL_EXCURSION"
        ],
        "data_provenance": "DEMO",
        "anomaly_type": "POSSIBLE_METALLIC_ANOMALY"
      }
    },
    {
      "type": "Feature",
      "geometry": {
        "type": "Point",
        "coordinates": [
          74.01,
          14.98
        ]
      },
      "properties": {
        "layer": "measured_anomaly_points",
        "station_id": "DEMO_A",
        "start_timestamp": "2026-09-01 08:26:30+00:00",
        "end_timestamp": "2026-09-01 08:26:40+00:00",
        "representative_timestamp": "2026-09-01 08:26:40+00:00",
        "latitude": 14.98,
        "longitude": 74.01,
        "pi_strength": 0.4589621051377492,
        "temperature": 5.038976702250223,
        "temperature_delta": 0.22480670163901983,
        "magnetic_strength": 36.60635134884701,
        "heading": 88.16692992095341,
        "evidence_score": 0.4,
        "classification": "POSSIBLE_METALLIC_ANOMALY",
        "evidence_flags": [
          "MAGNETIC_LOCAL_EXCURSION"
        ],
        "data_provenance": "DEMO",
        "anomaly_type": "POSSIBLE_METALLIC_ANOMALY"
      }
    },
    {
      "type": "Feature",
      "geometry": {
        "type": "Point",
        "coordinates": [
          74.01,
          14.98
        ]
      },
      "properties": {
        "layer": "measured_anomaly_points",
        "station_id": "DEMO_A",
        "start_timestamp": "2026-09-01 08:27:00+00:00",
        "end_timestamp": "2026-09-01 08:27:20+00:00",
        "representative_timestamp": "2026-09-01 08:27:10+00:00",
        "latitude": 14.98,
        "longitude": 74.01,
        "pi_strength": 0.37680607528252325,
        "temperature": 4.863925154255344,
        "temperature_delta": 0.036600472049423516,
        "magnetic_strength": 30.032902735128797,
        "heading": 99.36781781469773,
        "evidence_score": 0.4,
        "classification": "POSSIBLE_METALLIC_ANOMALY",
        "evidence_flags": [
          "MAGNETIC_LOCAL_EXCURSION"
        ],
        "data_provenance": "DEMO",
        "anomaly_type": "POSSIBLE_METALLIC_ANOMALY"
      }
    },
    {
      "type": "Feature",
      "geometry": {
        "type": "Point",
        "coordinates": [
          74.01,
          14.98
        ]
      },
      "properties": {
        "layer": "measured_anomaly_points",
        "station_id": "DEMO_A",
        "start_timestamp": "2026-09-01 08:27:50+00:00",
        "end_timestamp": "2026-09-01 08:28:00+00:00",
        "representative_timestamp": "2026-09-01 08:28:00+00:00",
        "latitude": 14.98,
        "longitude": 74.01,
        "pi_strength": 0.38198138829194805,
        "temperature": 4.614710459823391,
        "temperature_delta": -0.22739719271232772,
        "magnetic_strength": 39.24074632106659,
        "heading": 89.08718869357438,
        "evidence_score": 0.4,
        "classification": "POSSIBLE_METALLIC_ANOMALY",
        "evidence_flags": [
          "MAGNETIC_LOCAL_EXCURSION"
        ],
        "data_provenance": "DEMO",
        "anomaly_type": "POSSIBLE_METALLIC_ANOMALY"
      }
    },
    {
      "type": "Feature",
      "geometry": {
        "type": "Point",
        "coordinates": [
          74.01,
          14.98
        ]
      },
      "properties": {
        "layer": "measured_anomaly_points",
        "station_id": "DEMO_A",
        "start_timestamp": "2026-09-01 08:28:30+00:00",
        "end_timestamp": "2026-09-01 08:28:30+00:00",
        "representative_timestamp": "2026-09-01 08:28:30+00:00",
        "latitude": 14.98,
        "longitude": 74.01,
        "pi_strength": 0.33034688288298153,
        "temperature": 4.886390252787407,
        "temperature_delta": 0.05038275262785419,
        "magnetic_strength": 37.150893791118776,
        "heading": 89.53965761133036,
        "evidence_score": 0.4,
        "classification": "POSSIBLE_METALLIC_ANOMALY",
        "evidence_flags": [
          "MAGNETIC_LOCAL_EXCURSION"
        ],
        "data_provenance": "DEMO",
        "anomaly_type": "POSSIBLE_METALLIC_ANOMALY"
      }
    },
    {
      "type": "Feature",
      "geometry": {
        "type": "Point",
        "coordinates": [
          74.01,
          14.98
        ]
      },
      "properties": {
        "layer": "measured_anomaly_points",
        "station_id": "DEMO_A",
        "start_timestamp": "2026-09-01 08:28:50+00:00",
        "end_timestamp": "2026-09-01 08:29:30+00:00",
        "representative_timestamp": "2026-09-01 08:29:10+00:00",
        "latitude": 14.98,
        "longitude": 74.01,
        "pi_strength": 0.39028189007075725,
        "temperature": 4.8986998132311275,
        "temperature_delta": 0.06269231307157508,
        "magnetic_strength": 38.43777353910932,
        "heading": 81.69092600547864,
        "evidence_score": 0.4,
        "classification": "POSSIBLE_METALLIC_ANOMALY",
        "evidence_flags": [
          "MAGNETIC_LOCAL_EXCURSION"
        ],
        "data_provenance": "DEMO",
        "anomaly_type": "POSSIBLE_METALLIC_ANOMALY"
      }
    },
    {
      "type": "Feature",
      "geometry": {
        "type": "Point",
        "coordinates": [
          74.01,
          14.98
        ]
      },
      "properties": {
        "layer": "measured_anomaly_points",
        "station_id": "DEMO_A",
        "start_timestamp": "2026-09-01 08:30:30+00:00",
        "end_timestamp": "2026-09-01 08:31:00+00:00",
        "representative_timestamp": "2026-09-01 08:30:50+00:00",
        "latitude": 14.98,
        "longitude": 74.01,
        "pi_strength": 0.28400138369595573,
        "temperature": 4.8275483085715045,
        "temperature_delta": 0.03162296027768097,
        "magnetic_strength": 31.777033884446514,
        "heading": 88.44076883736076,
        "evidence_score": 0.4,
        "classification": "POSSIBLE_METALLIC_ANOMALY",
        "evidence_flags": [
          "MAGNETIC_LOCAL_EXCURSION"
        ],
        "data_provenance": "DEMO",
        "anomaly_type": "POSSIBLE_METALLIC_ANOMALY"
      }
    },
    {
      "type": "Feature",
      "geometry": {
        "type": "Point",
        "coordinates": [
          74.0135,
          14.982
        ]
      },
      "properties": {
        "layer": "measured_anomaly_points",
        "station_id": "DEMO_B",
        "start_timestamp": "2026-09-01 08:18:50+00:00",
        "end_timestamp": "2026-09-01 08:21:20+00:00",
        "representative_timestamp": "2026-09-01 08:20:10+00:00",
        "latitude": 14.982,
        "longitude": 74.0135,
        "pi_strength": 0.4515885519681545,
        "temperature": 4.845505773093518,
        "temperature_delta": 0.8475302531141469,
        "magnetic_strength": 34.03867487207215,
        "heading": 98.91725661079289,
        "evidence_score": 1.0,
        "classification": "POSSIBLE_HYDROTHERMAL_ASSOCIATED_ANOMALY",
        "evidence_flags": [
          "PI_LOCAL_EXCURSION",
          "TEMPERATURE_LOCAL_EXCURSION",
          "MAGNETIC_LOCAL_EXCURSION"
        ],
        "data_provenance": "DEMO",
        "anomaly_type": "POSSIBLE_HYDROTHERMAL_ASSOCIATED_ANOMALY"
      }
    },
    {
      "type": "Feature",
      "geometry": {
        "type": "Point",
        "coordinates": [
          74.0135,
          14.982
        ]
      },
      "properties": {
        "layer": "measured_anomaly_points",
        "station_id": "DEMO_B",
        "start_timestamp": "2026-09-01 08:22:00+00:00",
        "end_timestamp": "2026-09-01 08:22:00+00:00",
        "representative_timestamp": "2026-09-01 08:22:00+00:00",
        "latitude": 14.982,
        "longitude": 74.0135,
        "pi_strength": 0.38391454761345434,
        "temperature": 4.906974221720038,
        "temperature_delta": 0.16103225163721735,
        "magnetic_strength": 30.558439109667376,
        "heading": 80.28752670351227,
        "evidence_score": 0.4,
        "classification": "POSSIBLE_METALLIC_ANOMALY",
        "evidence_flags": [
          "MAGNETIC_LOCAL_EXCURSION"
        ],
        "data_provenance": "DEMO",
        "anomaly_type": "POSSIBLE_METALLIC_ANOMALY"
      }
    },
    {
      "type": "Feature",
      "geometry": {
        "type": "Point",
        "coordinates": [
          74.0135,
          14.982
        ]
      },
      "properties": {
        "layer": "measured_anomaly_points",
        "station_id": "DEMO_B",
        "start_timestamp": "2026-09-01 08:22:20+00:00",
        "end_timestamp": "2026-09-01 08:23:00+00:00",
        "representative_timestamp": "2026-09-01 08:22:40+00:00",
        "latitude": 14.982,
        "longitude": 74.0135,
        "pi_strength": 0.41025368262546236,
        "temperature": 4.728119649117804,
        "temperature_delta": -0.05666916420658197,
        "magnetic_strength": 31.922249799210892,
        "heading": 92.71916082211474,
        "evidence_score": 0.4,
        "classification": "POSSIBLE_METALLIC_ANOMALY",
        "evidence_flags": [
          "MAGNETIC_LOCAL_EXCURSION"
        ],
        "data_provenance": "DEMO",
        "anomaly_type": "POSSIBLE_METALLIC_ANOMALY"
      }
    },
    {
      "type": "Feature",
      "geometry": {
        "type": "Point",
        "coordinates": [
          74.0135,
          14.982
        ]
      },
      "properties": {
        "layer": "measured_anomaly_points",
        "station_id": "DEMO_B",
        "start_timestamp": "2026-09-01 08:23:40+00:00",
        "end_timestamp": "2026-09-01 08:23:40+00:00",
        "representative_timestamp": "2026-09-01 08:23:40+00:00",
        "latitude": 14.982,
        "longitude": 74.0135,
        "pi_strength": 0.4415780008053398,
        "temperature": 4.8189180765866535,
        "temperature_delta": 0.03136184294196198,
        "magnetic_strength": 39.21844483859824,
        "heading": 98.75210348247619,
        "evidence_score": 0.4,
        "classification": "POSSIBLE_METALLIC_ANOMALY",
        "evidence_flags": [
          "MAGNETIC_LOCAL_EXCURSION"
        ],
        "data_provenance": "DEMO",
        "anomaly_type": "POSSIBLE_METALLIC_ANOMALY"
      }
    },
    {
      "type": "Feature",
      "geometry": {
        "type": "Point",
        "coordinates": [
          74.0135,
          14.982
        ]
      },
      "properties": {
        "layer": "measured_anomaly_points",
        "station_id": "DEMO_B",
        "start_timestamp": "2026-09-01 08:24:00+00:00",
        "end_timestamp": "2026-09-01 08:24:10+00:00",
        "representative_timestamp": "2026-09-01 08:24:10+00:00",
        "latitude": 14.982,
        "longitude": 74.0135,
        "pi_strength": 0.2896768857544089,
        "temperature": 4.743423157734483,
        "temperature_delta": -0.053872725347711814,
        "magnetic_strength": 36.053974796256036,
        "heading": 92.9405370889019,
        "evidence_score": 0.4,
        "classification": "POSSIBLE_METALLIC_ANOMALY",
        "evidence_flags": [
          "MAGNETIC_LOCAL_EXCURSION"
        ],
        "data_provenance": "DEMO",
        "anomaly_type": "POSSIBLE_METALLIC_ANOMALY"
      }
    },
    {
      "type": "Feature",
      "geometry": {
        "type": "Point",
        "coordinates": [
          74.0135,
          14.982
        ]
      },
      "properties": {
        "layer": "measured_anomaly_points",
        "station_id": "DEMO_B",
        "start_timestamp": "2026-09-01 08:24:30+00:00",
        "end_timestamp": "2026-09-01 08:24:30+00:00",
        "representative_timestamp": "2026-09-01 08:24:30+00:00",
        "latitude": 14.982,
        "longitude": 74.0135,
        "pi_strength": 0.45359943522351337,
        "temperature": 4.968349432852093,
        "temperature_delta": 0.18079319920740122,
        "magnetic_strength": 29.8471844870463,
        "heading": 87.28026015859209,
        "evidence_score": 0.4,
        "classification": "POSSIBLE_METALLIC_ANOMALY",
        "evidence_flags": [
          "MAGNETIC_LOCAL_EXCURSION"
        ],
        "data_provenance": "DEMO",
        "anomaly_type": "POSSIBLE_METALLIC_ANOMALY"
      }
    },
    {
      "type": "Feature",
      "geometry": {
        "type": "Point",
        "coordinates": [
          74.0135,
          14.982
        ]
      },
      "properties": {
        "layer": "measured_anomaly_points",
        "station_id": "DEMO_B",
        "start_timestamp": "2026-09-01 08:24:50+00:00",
        "end_timestamp": "2026-09-01 08:24:50+00:00",
        "representative_timestamp": "2026-09-01 08:24:50+00:00",
        "latitude": 14.982,
        "longitude": 74.0135,
        "pi_strength": 0.29019142082681704,
        "temperature": 4.943149615361709,
        "temperature_delta": 0.15559338171701764,
        "magnetic_strength": 31.85821410169186,
        "heading": 88.9129209010913,
        "evidence_score": 0.4,
        "classification": "POSSIBLE_METALLIC_ANOMALY",
        "evidence_flags": [
          "MAGNETIC_LOCAL_EXCURSION"
        ],
        "data_provenance": "DEMO",
        "anomaly_type": "POSSIBLE_METALLIC_ANOMALY"
      }
    },
    {
      "type": "Feature",
      "geometry": {
        "type": "Point",
        "coordinates": [
          74.0135,
          14.982
        ]
      },
      "properties": {
        "layer": "measured_anomaly_points",
        "station_id": "DEMO_B",
        "start_timestamp": "2026-09-01 08:25:20+00:00",
        "end_timestamp": "2026-09-01 08:26:00+00:00",
        "representative_timestamp": "2026-09-01 08:25:40+00:00",
        "latitude": 14.982,
        "longitude": 74.0135,
        "pi_strength": 0.4306575321416291,
        "temperature": 4.701399565660814,
        "temperature_delta": -0.11019118950454576,
        "magnetic_strength": 40.1845246486213,
        "heading": 93.1384511182337,
        "evidence_score": 0.4,
        "classification": "POSSIBLE_METALLIC_ANOMALY",
        "evidence_flags": [
          "MAGNETIC_LOCAL_EXCURSION"
        ],
        "data_provenance": "DEMO",
        "anomaly_type": "POSSIBLE_METALLIC_ANOMALY"
      }
    },
    {
      "type": "Feature",
      "geometry": {
        "type": "Point",
        "coordinates": [
          74.0135,
          14.982
        ]
      },
      "properties": {
        "layer": "measured_anomaly_points",
        "station_id": "DEMO_B",
        "start_timestamp": "2026-09-01 08:26:30+00:00",
        "end_timestamp": "2026-09-01 08:26:30+00:00",
        "representative_timestamp": "2026-09-01 08:26:30+00:00",
        "latitude": 14.982,
        "longitude": 74.0135,
        "pi_strength": 0.2985933077829762,
        "temperature": 4.774694758772385,
        "temperature_delta": -0.04791425734294741,
        "magnetic_strength": 31.66623930279853,
        "heading": 97.23350033986993,
        "evidence_score": 0.4,
        "classification": "POSSIBLE_METALLIC_ANOMALY",
        "evidence_flags": [
          "MAGNETIC_LOCAL_EXCURSION"
        ],
        "data_provenance": "DEMO",
        "anomaly_type": "POSSIBLE_METALLIC_ANOMALY"
      }
    },
    {
      "type": "Feature",
      "geometry": {
        "type": "Point",
        "coordinates": [
          74.0135,
          14.982
        ]
      },
      "properties": {
        "layer": "measured_anomaly_points",
        "station_id": "DEMO_B",
        "start_timestamp": "2026-09-01 08:26:50+00:00",
        "end_timestamp": "2026-09-01 08:26:50+00:00",
        "representative_timestamp": "2026-09-01 08:26:50+00:00",
        "latitude": 14.982,
        "longitude": 74.0135,
        "pi_strength": 0.3106210753163384,
        "temperature": 4.621994792947581,
        "temperature_delta": -0.2006142231677508,
        "magnetic_strength": 37.413352400057896,
        "heading": 81.42831121186477,
        "evidence_score": 0.4,
        "classification": "POSSIBLE_METALLIC_ANOMALY",
        "evidence_flags": [
          "MAGNETIC_LOCAL_EXCURSION"
        ],
        "data_provenance": "DEMO",
        "anomaly_type": "POSSIBLE_METALLIC_ANOMALY"
      }
    },
    {
      "type": "Feature",
      "geometry": {
        "type": "Point",
        "coordinates": [
          74.0135,
          14.982
        ]
      },
      "properties": {
        "layer": "measured_anomaly_points",
        "station_id": "DEMO_B",
        "start_timestamp": "2026-09-01 08:27:10+00:00",
        "end_timestamp": "2026-09-01 08:27:10+00:00",
        "representative_timestamp": "2026-09-01 08:27:10+00:00",
        "latitude": 14.982,
        "longitude": 74.0135,
        "pi_strength": 0.4586743992690483,
        "temperature": 4.684922911446754,
        "temperature_delta": -0.13399516513989962,
        "magnetic_strength": 36.44572724889314,
        "heading": 89.49142649458378,
        "evidence_score": 0.4,
        "classification": "POSSIBLE_METALLIC_ANOMALY",
        "evidence_flags": [
          "MAGNETIC_LOCAL_EXCURSION"
        ],
        "data_provenance": "DEMO",
        "anomaly_type": "POSSIBLE_METALLIC_ANOMALY"
      }
    },
    {
      "type": "Feature",
      "geometry": {
        "type": "Point",
        "coordinates": [
          74.0135,
          14.982
        ]
      },
      "properties": {
        "layer": "measured_anomaly_points",
        "station_id": "DEMO_B",
        "start_timestamp": "2026-09-01 08:27:30+00:00",
        "end_timestamp": "2026-09-01 08:27:40+00:00",
        "representative_timestamp": "2026-09-01 08:27:40+00:00",
        "latitude": 14.982,
        "longitude": 74.0135,
        "pi_strength": 0.28888564368643777,
        "temperature": 4.848679220492686,
        "temperature_delta": 0.029761143906032572,
        "magnetic_strength": 40.14392167576137,
        "heading": 85.45262810061763,
        "evidence_score": 0.4,
        "classification": "POSSIBLE_METALLIC_ANOMALY",
        "evidence_flags": [
          "MAGNETIC_LOCAL_EXCURSION"
        ],
        "data_provenance": "DEMO",
        "anomaly_type": "POSSIBLE_METALLIC_ANOMALY"
      }
    },
    {
      "type": "Feature",
      "geometry": {
        "type": "Point",
        "coordinates": [
          74.0135,
          14.982
        ]
      },
      "properties": {
        "layer": "measured_anomaly_points",
        "station_id": "DEMO_B",
        "start_timestamp": "2026-09-01 08:28:30+00:00",
        "end_timestamp": "2026-09-01 08:28:40+00:00",
        "representative_timestamp": "2026-09-01 08:28:40+00:00",
        "latitude": 14.982,
        "longitude": 74.0135,
        "pi_strength": 0.45699513384268664,
        "temperature": 4.983999793023295,
        "temperature_delta": 0.1353205725306088,
        "magnetic_strength": 31.36166455382164,
        "heading": 97.46351864715973,
        "evidence_score": 0.4,
        "classification": "POSSIBLE_METALLIC_ANOMALY",
        "evidence_flags": [
          "MAGNETIC_LOCAL_EXCURSION"
        ],
        "data_provenance": "DEMO",
        "anomaly_type": "POSSIBLE_METALLIC_ANOMALY"
      }
    },
    {
      "type": "Feature",
      "geometry": {
        "type": "Point",
        "coordinates": [
          74.0135,
          14.982
        ]
      },
      "properties": {
        "layer": "measured_anomaly_points",
        "station_id": "DEMO_B",
        "start_timestamp": "2026-09-01 08:29:20+00:00",
        "end_timestamp": "2026-09-01 08:29:20+00:00",
        "representative_timestamp": "2026-09-01 08:29:20+00:00",
        "latitude": 14.982,
        "longitude": 74.0135,
        "pi_strength": 0.32480331852470984,
        "temperature": 4.858636405818866,
        "temperature_delta": -0.007560475294067004,
        "magnetic_strength": 37.19428103619992,
        "heading": 96.8252148162517,
        "evidence_score": 0.4,
        "classification": "POSSIBLE_METALLIC_ANOMALY",
        "evidence_flags": [
          "MAGNETIC_LOCAL_EXCURSION"
        ],
        "data_provenance": "DEMO",
        "anomaly_type": "POSSIBLE_METALLIC_ANOMALY"
      }
    },
    {
      "type": "Feature",
      "geometry": {
        "type": "Point",
        "coordinates": [
          74.0135,
          14.982
        ]
      },
      "properties": {
        "layer": "measured_anomaly_points",
        "station_id": "DEMO_B",
        "start_timestamp": "2026-09-01 08:29:40+00:00",
        "end_timestamp": "2026-09-01 08:29:40+00:00",
        "representative_timestamp": "2026-09-01 08:29:40+00:00",
        "latitude": 14.982,
        "longitude": 74.0135,
        "pi_strength": 0.4474649297442973,
        "temperature": 4.6493470409547,
        "temperature_delta": -0.2092893648641665,
        "magnetic_strength": 40.35738070742069,
        "heading": 97.18257887922414,
        "evidence_score": 0.4,
        "classification": "POSSIBLE_METALLIC_ANOMALY",
        "evidence_flags": [
          "MAGNETIC_LOCAL_EXCURSION"
        ],
        "data_provenance": "DEMO",
        "anomaly_type": "POSSIBLE_METALLIC_ANOMALY"
      }
    },
    {
      "type": "Feature",
      "geometry": {
        "type": "Point",
        "coordinates": [
          74.0135,
          14.982
        ]
      },
      "properties": {
        "layer": "measured_anomaly_points",
        "station_id": "DEMO_B",
        "start_timestamp": "2026-09-01 08:30:40+00:00",
        "end_timestamp": "2026-09-01 08:30:40+00:00",
        "representative_timestamp": "2026-09-01 08:30:40+00:00",
        "latitude": 14.982,
        "longitude": 74.0135,
        "pi_strength": 0.45074623226607524,
        "temperature": 4.7232470224705745,
        "temperature_delta": -0.12543219802211159,
        "magnetic_strength": 37.94030769496352,
        "heading": 94.51794143118087,
        "evidence_score": 0.4,
        "classification": "POSSIBLE_METALLIC_ANOMALY",
        "evidence_flags": [
          "MAGNETIC_LOCAL_EXCURSION"
        ],
        "data_provenance": "DEMO",
        "anomaly_type": "POSSIBLE_METALLIC_ANOMALY"
      }
    },
    {
      "type": "Feature",
      "geometry": {
        "type": "Point",
        "coordinates": [
          74.0135,
          14.982
        ]
      },
      "properties": {
        "layer": "measured_anomaly_points",
        "station_id": "DEMO_B",
        "start_timestamp": "2026-09-01 08:31:00+00:00",
        "end_timestamp": "2026-09-01 08:31:00+00:00",
        "representative_timestamp": "2026-09-01 08:31:00+00:00",
        "latitude": 14.982,
        "longitude": 74.0135,
        "pi_strength": 0.31468628151807543,
        "temperature": 4.717390692848599,
        "temperature_delta": -0.13128852764408716,
        "magnetic_strength": 37.192719952472984,
        "heading": 97.53405168854593,
        "evidence_score": 0.4,
        "classification": "POSSIBLE_METALLIC_ANOMALY",
        "evidence_flags": [
          "MAGNETIC_LOCAL_EXCURSION"
        ],
        "data_provenance": "DEMO",
        "anomaly_type": "POSSIBLE_METALLIC_ANOMALY"
      }
    },
    {
      "type": "Feature",
      "geometry": {
        "type": "Point",
        "coordinates": [
          74.016,
          14.9805
        ]
      },
      "properties": {
        "layer": "measured_anomaly_points",
        "station_id": "DEMO_C",
        "start_timestamp": "2026-09-01 08:46:30+00:00",
        "end_timestamp": "2026-09-01 08:46:30+00:00",
        "representative_timestamp": "2026-09-01 08:46:30+00:00",
        "latitude": 14.9805,
        "longitude": 74.016,
        "pi_strength": 0.015093154291966586,
        "temperature": 4.345243234454748,
        "temperature_delta": 0.3634910853923441,
        "magnetic_strength": 35.34537573054175,
        "heading": 87.32470228089304,
        "evidence_score": 0.4,
        "classification": "POSSIBLE_THERMAL_ANOMALY",
        "evidence_flags": [
          "TEMPERATURE_LOCAL_EXCURSION"
        ],
        "data_provenance": "DEMO",
        "anomaly_type": "POSSIBLE_THERMAL_ANOMALY"
      }
    },
    {
      "type": "Feature",
      "geometry": {
        "type": "Point",
        "coordinates": [
          72.80202029550682,
          18.50088618151669
        ]
      },
      "properties": {
        "layer": "measured_anomaly_points",
        "station_id": "STATION_A",
        "start_timestamp": "2026-09-08 14:03:35+00:00",
        "end_timestamp": "2026-09-08 14:03:50+00:00",
        "representative_timestamp": "2026-09-08 14:03:43+00:00",
        "latitude": 18.50088618151669,
        "longitude": 72.80202029550682,
        "pi_strength": 0.37676,
        "temperature": 4.5971,
        "temperature_delta": 0.8109000000000002,
        "magnetic_strength": 48.577628040693796,
        "heading": 64.619,
        "evidence_score": 0.75,
        "classification": "POSSIBLE_HYDROTHERMAL_ASSOCIATED_ANOMALY",
        "evidence_flags": [
          "PI_LOCAL_EXCURSION",
          "TEMPERATURE_LOCAL_EXCURSION"
        ],
        "data_provenance": "INFERRED",
        "anomaly_type": "POSSIBLE_HYDROTHERMAL_ASSOCIATED_ANOMALY"
      }
    },
    {
      "type": "Feature",
      "geometry": {
        "type": "Point",
        "coordinates": [
          72.8222011601636,
          18.4990908647149
        ]
      },
      "properties": {
        "layer": "measured_anomaly_points",
        "station_id": "STATION_A",
        "start_timestamp": "2026-09-08 14:03:55+00:00",
        "end_timestamp": "2026-09-08 14:04:10+00:00",
        "representative_timestamp": "2026-09-08 14:04:03+00:00",
        "latitude": 18.4990908647149,
        "longitude": 72.8222011601636,
        "pi_strength": 0.34324,
        "temperature": 4.5855,
        "temperature_delta": 0.8093999999999997,
        "magnetic_strength": 48.15615192184691,
        "heading": 115.921,
        "evidence_score": 0.75,
        "classification": "POSSIBLE_HYDROTHERMAL_ASSOCIATED_ANOMALY",
        "evidence_flags": [
          "PI_LOCAL_EXCURSION",
          "TEMPERATURE_LOCAL_EXCURSION"
        ],
        "data_provenance": "INFERRED",
        "anomaly_type": "POSSIBLE_HYDROTHERMAL_ASSOCIATED_ANOMALY"
      }
    },
    {
      "type": "Feature",
      "geometry": {
        "type": "Point",
        "coordinates": [
          74.01,
          14.98
        ]
      },
      "properties": {
        "layer": "station_classification_summary",
        "station_id": "DEMO_A",
        "anomaly_type": "POSSIBLE_HYDROTHERMAL_ASSOCIATED_ANOMALY",
        "evidence_score": 1.0,
        "evidence_label": "Evidence / Confidence Score",
        "evidence_disclaimer": "Rule-based, not statistically calibrated.",
        "contributing_channels": [
          "PI_LOCAL_EXCURSION",
          "TEMPERATURE_LOCAL_EXCURSION",
          "MAGNETIC_LOCAL_EXCURSION"
        ],
        "rationale": "Localized anomaly windows: PI_LOCAL_EXCURSION; TEMPERATURE_LOCAL_EXCURSION; MAGNETIC_LOCAL_EXCURSION",
        "data_provenance": "DEMO"
      }
    },
    {
      "type": "Feature",
      "geometry": {
        "type": "Point",
        "coordinates": [
          74.0135,
          14.982
        ]
      },
      "properties": {
        "layer": "station_classification_summary",
        "station_id": "DEMO_B",
        "anomaly_type": "POSSIBLE_HYDROTHERMAL_ASSOCIATED_ANOMALY",
        "evidence_score": 1.0,
        "evidence_label": "Evidence / Confidence Score",
        "evidence_disclaimer": "Rule-based, not statistically calibrated.",
        "contributing_channels": [
          "PI_LOCAL_EXCURSION",
          "TEMPERATURE_LOCAL_EXCURSION",
          "MAGNETIC_LOCAL_EXCURSION"
        ],
        "rationale": "Localized anomaly windows: PI_LOCAL_EXCURSION; TEMPERATURE_LOCAL_EXCURSION; MAGNETIC_LOCAL_EXCURSION",
        "data_provenance": "DEMO"
      }
    },
    {
      "type": "Feature",
      "geometry": {
        "type": "Point",
        "coordinates": [
          74.016,
          14.9805
        ]
      },
      "properties": {
        "layer": "station_classification_summary",
        "station_id": "DEMO_C",
        "anomaly_type": "POSSIBLE_THERMAL_ANOMALY",
        "evidence_score": 0.4,
        "evidence_label": "Evidence / Confidence Score",
        "evidence_disclaimer": "Rule-based, not statistically calibrated.",
        "contributing_channels": [
          "TEMPERATURE_LOCAL_EXCURSION"
        ],
        "rationale": "Localized anomaly windows: TEMPERATURE_LOCAL_EXCURSION",
        "data_provenance": "DEMO"
      }
    },
    {
      "type": "Feature",
      "geometry": {
        "type": "Point",
        "coordinates": [
          74.01,
          14.98
        ]
      },
      "properties": {
        "layer": "station_classification_summary",
        "station_id": "STATION_A",
        "anomaly_type": "POSSIBLE_HYDROTHERMAL_ASSOCIATED_ANOMALY",
        "evidence_score": 0.75,
        "evidence_label": "Evidence / Confidence Score",
        "evidence_disclaimer": "Rule-based, not statistically calibrated.",
        "contributing_channels": [
          "PI_LOCAL_EXCURSION",
          "TEMPERATURE_LOCAL_EXCURSION"
        ],
        "rationale": "Localized anomaly windows: PI_LOCAL_EXCURSION; TEMPERATURE_LOCAL_EXCURSION",
        "data_provenance": "INFERRED"
      }
    },
    {
      "type": "Feature",
      "geometry": {
        "type": "Polygon",
        "coordinates": [
          [
            [
              74.01,
              14.98
            ],
            [
              74.01132967161386,
              14.983376077585268
            ],
            [
              74.01161193245494,
              14.983257807466698
            ],
            [
              74.0118831816645,
              14.983117282924345
            ],
            [
              74.01214156627665,
              14.98295546392503
            ],
            [
              74.01238532121896,
              14.982773455902354
            ],
            [
              74.01261278137082,
              14.982572502204206
            ],
            [
              74.01282239293876,
              14.982353975598134
            ],
            [
              74.01301272407059,
              14.982119368892555
            ],
            [
              74.01318247463625,
              14.981870284738008
            ],
            [
              74.01333048510837,
              14.9816084246781
            ],
            [
              74.01345574448182,
              14.981335577524975
            ],
            [
              74.01355739717849,
              14.981053607138739
            ],
            [
              74.01363474888963,
              14.98076443969438
            ],
            [
              74.0136872713167,
              14.980470050523243
            ],
            [
              74.01371460577742,
              14.98017245061877
            ],
            [
              74.01371656565343,
              14.979873672898965
            ],
            [
              74.01369313766209,
              14.979575758319251
            ],
            [
              74.01364448194447,
              14.979280741930642
            ],
            [
              74.01357093096851,
              14.9789906389785
            ],
            [
              74.01347298725523,
              14.978707431136803
            ],
            [
              74.01,
              14.98
            ]
          ]
        ]
      },
      "properties": {
        "layer": "drift_sectors",
        "station_id": "DEMO_A",
        "bearing_deg": 65.94948313297303,
        "drift_radius_m": 400.0,
        "note": "Uncertainty extent \u2014 NOT exact target position",
        "data_provenance": "CALCULATED"
      }
    },
    {
      "type": "Feature",
      "geometry": {
        "type": "Polygon",
        "coordinates": [
          [
            [
              74.0135,
              14.982
            ],
            [
              74.0149498817517,
              14.985328993372347
            ],
            [
              74.01522773467444,
              14.985201235349878
            ],
            [
              74.01549378489247,
              14.985051609365517
            ],
            [
              74.01574621496053,
              14.98488113756002
            ],
            [
              74.01598330048851,
              14.984690984475765
            ],
            [
              74.01620342192189,
              14.984482449100485
            ],
            [
              74.01640507560535,
              14.984256955992459
            ],
            [
              74.01658688405445,
              14.984016045548035
            ],
            [
              74.01674760536476,
              14.983761363477747
            ],
            [
              74.01688614169454,
              14.983494649563173
            ],
            [
              74.01700154676277,
              14.983217725771228
            ],
            [
              74.01709303231145,
              14.982932483807165
            ],
            [
              74.01715997348826,
              14.982640872191386
            ],
            [
              74.01720191311243,
              14.982344882948263
            ],
            [
              74.01721856479527,
              14.982046537998036
            ],
            [
              74.01720981489362,
              14.981747875344666
            ],
            [
              74.0171757232834,
              14.981450935154033
            ],
            [
              74.0171165229476,
              14.981157745817667
            ],
            [
              74.0170326183821,
              14.980870310097016
            ],
            [
              74.01692458282982,
              14.980590591443113
            ],
            [
              74.0135,
              14.982
            ]
          ]
        ]
      },
      "properties": {
        "layer": "drift_sectors",
        "station_id": "DEMO_B",
        "bearing_deg": 67.94611791051048,
        "drift_radius_m": 400.0,
        "note": "Uncertainty extent \u2014 NOT exact target position",
        "data_provenance": "CALCULATED"
      }
    },
    {
      "type": "Feature",
      "geometry": {
        "type": "Polygon",
        "coordinates": [
          [
            [
              74.016,
              14.9805
            ],
            [
              74.01740651851986,
              14.983846522890893
            ],
            [
              74.01768600675771,
              14.983722185128602
            ],
            [
              74.01795397734423,
              14.983575836289951
            ],
            [
              74.01820859971379,
              14.983408476128822
            ],
            [
              74.01844813449819,
              14.983221247931445
            ],
            [
              74.01867094540933,
              14.983015430705331
            ],
            [
              74.01887551041743,
              14.982792430441012
            ],
            [
              74.01906043214811,
              14.982553770506334
            ],
            [
              74.0192244474275,
              14.982301081238916
            ],
            [
              74.01936643591033,
              14.982036088808043
            ],
            [
              74.01948542773168,
              14.981760603421872
            ],
            [
              74.01958061013055,
              14.981476506960801
            ],
            [
              74.01965133299981,
              14.981185740121305
            ],
            [
              74.01969711332472,
              14.980890289158221
            ],
            [
              74.01971763847996,
              14.980592172316008
            ],
            [
              74.01971276836231,
              14.980293426041664
            ],
            [
              74.01968253634489,
              14.979996091073577
            ],
            [
              74.01962714904636,
              14.979702198501215
            ],
            [
              74.0195469849166,
              14.97941375589106
            ],
            [
              74.01944259164893,
              14.979132733573284
            ],
            [
              74.016,
              14.9805
            ]
          ]
        ]
      },
      "properties": {
        "layer": "drift_sectors",
        "station_id": "DEMO_C",
        "bearing_deg": 67.22271136138258,
        "drift_radius_m": 400.0,
        "note": "Uncertainty extent \u2014 NOT exact target position",
        "data_provenance": "CALCULATED"
      }
    },
    {
      "type": "Feature",
      "geometry": {
        "type": "Polygon",
        "coordinates": [
          [
            [
              74.01,
              14.98
            ],
            [
              74.01262745858395,
              14.982558337159107
            ],
            [
              74.0128358166557,
              14.982338680726846
            ],
            [
              74.01302480259486,
              14.982103048677898
            ],
            [
              74.01319312546154,
              14.981853050666814
            ],
            [
              74.01333963548207,
              14.981590394479532
            ],
            [
              74.01346333190193,
              14.981316874366259
            ],
            [
              74.01356336982039,
              14.981034358783699
            ],
            [
              74.01363906596008,
              14.980744777630699
            ],
            [
              74.01368990333218,
              14.980450109064119
            ],
            [
              74.01371553476547,
              14.98015236598545
            ],
            [
              74.01371578527518,
              14.979853582290163
            ],
            [
              74.0136906532554,
              14.979555798973944
            ],
            [
              74.01364031048723,
              14.979261050190582
            ],
            [
              74.01356510096254,
              14.978971349356902
            ],
            [
              74.0134655385313,
              14.97868867539951
            ],
            [
              74.01334230338918,
              14.978414959237371
            ],
            [
              74.01319623742855,
              14.978152070592502
            ],
            [
              74.01302833848578,
              14.97790180521891
            ],
            [
              74.01283975352338,
              14.977665872636887
            ],
            [
              74.01263177079385,
              14.977445884456532
            ],
            [
              74.01,
              14.98
            ]
          ]
        ]
      },
      "properties": {
        "layer": "drift_sectors",
        "station_id": "STATION_A",
        "bearing_deg": 89.95234166666667,
        "drift_radius_m": 400.0,
        "note": "Uncertainty extent \u2014 NOT exact target position",
        "data_provenance": "CALCULATED"
      }
    },
    {
      "type": "Feature",
      "geometry": {
        "type": "Point",
        "coordinates": [
          72.55922435460819,
          14.275822763696663
        ]
      },
      "properties": {
        "layer": "interpolated_heatmap",
        "value": 0.4403,
        "label": "Interpolated anomaly intensity",
        "disclaimer": "Interpolated estimate \u2014 NOT a direct measurement",
        "data_provenance": "INFERRED"
      }
    },
    {
      "type": "Feature",
      "geometry": {
        "type": "Point",
        "coordinates": [
          72.55922435460819,
          14.402213549699827
        ]
      },
      "properties": {
        "layer": "interpolated_heatmap",
        "value": 0.4403,
        "label": "Interpolated anomaly intensity",
        "disclaimer": "Interpolated estimate \u2014 NOT a direct measurement",
        "data_provenance": "INFERRED"
      }
    },
    {
      "type": "Feature",
      "geometry": {
        "type": "Point",
        "coordinates": [
          72.55922435460819,
          14.52860433570299
        ]
      },
      "properties": {
        "layer": "interpolated_heatmap",
        "value": 0.4403,
        "label": "Interpolated anomaly intensity",
        "disclaimer": "Interpolated estimate \u2014 NOT a direct measurement",
        "data_provenance": "INFERRED"
      }
    },
    {
      "type": "Feature",
      "geometry": {
        "type": "Point",
        "coordinates": [
          72.55922435460819,
          14.654995121706152
        ]
      },
      "properties": {
        "layer": "interpolated_heatmap",
        "value": 0.4404,
        "label": "Interpolated anomaly intensity",
        "disclaimer": "Interpolated estimate \u2014 NOT a direct measurement",
        "data_provenance": "INFERRED"
      }
    },
    {
      "type": "Feature",
      "geometry": {
        "type": "Point",
        "coordinates": [
          72.55922435460819,
          14.781385907709316
        ]
      },
      "properties": {
        "layer": "interpolated_heatmap",
        "value": 0.4405,
        "label": "Interpolated anomaly intensity",
        "disclaimer": "Interpolated estimate \u2014 NOT a direct measurement",
        "data_provenance": "INFERRED"
      }
    },
    {
      "type": "Feature",
      "geometry": {
        "type": "Point",
        "coordinates": [
          72.55922435460819,
          14.90777669371248
        ]
      },
      "properties": {
        "layer": "interpolated_heatmap",
        "value": 0.4407,
        "label": "Interpolated anomaly intensity",
        "disclaimer": "Interpolated estimate \u2014 NOT a direct measurement",
        "data_provenance": "INFERRED"
      }
    },
    {
      "type": "Feature",
      "geometry": {
        "type": "Point",
        "coordinates": [
          72.55922435460819,
          15.034167479715641
        ]
      },
      "properties": {
        "layer": "interpolated_heatmap",
        "value": 0.4409,
        "label": "Interpolated anomaly intensity",
        "disclaimer": "Interpolated estimate \u2014 NOT a direct measurement",
        "data_provenance": "INFERRED"
      }
    },
    {
      "type": "Feature",
      "geometry": {
        "type": "Point",
        "coordinates": [
          72.55922435460819,
          15.160558265718805
        ]
      },
      "properties": {
        "layer": "interpolated_heatmap",
        "value": 0.4412,
        "label": "Interpolated anomaly intensity",
        "disclaimer": "Interpolated estimate \u2014 NOT a direct measurement",
        "data_provenance": "INFERRED"
      }
    },
    {
      "type": "Feature",
      "geometry": {
        "type": "Point",
        "coordinates": [
          72.55922435460819,
          15.286949051721969
        ]
      },
      "properties": {
        "layer": "interpolated_heatmap",
        "value": 0.4416,
        "label": "Interpolated anomaly intensity",
        "disclaimer": "Interpolated estimate \u2014 NOT a direct measurement",
        "data_provenance": "INFERRED"
      }
    },
    {
      "type": "Feature",
      "geometry": {
        "type": "Point",
        "coordinates": [
          72.55922435460819,
          15.413339837725132
        ]
      },
      "properties": {
        "layer": "interpolated_heatmap",
        "value": 0.4421,
        "label": "Interpolated anomaly intensity",
        "disclaimer": "Interpolated estimate \u2014 NOT a direct measurement",
        "data_provenance": "INFERRED"
      }
    },
    {
      "type": "Feature",
      "geometry": {
        "type": "Point",
        "coordinates": [
          72.55922435460819,
          15.539730623728296
        ]
      },
      "properties": {
        "layer": "interpolated_heatmap",
        "value": 0.4428,
        "label": "Interpolated anomaly intensity",
        "disclaimer": "Interpolated estimate \u2014 NOT a direct measurement",
        "data_provenance": "INFERRED"
      }
    },
    {
      "type": "Feature",
      "geometry": {
        "type": "Point",
        "coordinates": [
          72.55922435460819,
          15.666121409731458
        ]
      },
      "properties": {
        "layer": "interpolated_heatmap",
        "value": 0.4436,
        "label": "Interpolated anomaly intensity",
        "disclaimer": "Interpolated estimate \u2014 NOT a direct measurement",
        "data_provenance": "INFERRED"
      }
    },
    {
      "type": "Feature",
      "geometry": {
        "type": "Point",
        "coordinates": [
          72.55922435460819,
          15.792512195734622
        ]
      },
      "properties": {
        "layer": "interpolated_heatmap",
        "value": 0.4447,
        "label": "Interpolated anomaly intensity",
        "disclaimer": "Interpolated estimate \u2014 NOT a direct measurement",
        "data_provenance": "INFERRED"
      }
    },
    {
      "type": "Feature",
      "geometry": {
        "type": "Point",
        "coordinates": [
          72.55922435460819,
          15.918902981737785
        ]
      },
      "properties": {
        "layer": "interpolated_heatmap",
        "value": 0.446,
        "label": "Interpolated anomaly intensity",
        "disclaimer": "Interpolated estimate \u2014 NOT a direct measurement",
        "data_provenance": "INFERRED"
      }
    },
    {
      "type": "Feature",
      "geometry": {
        "type": "Point",
        "coordinates": [
          72.55922435460819,
          16.045293767740947
        ]
      },
      "properties": {
        "layer": "interpolated_heatmap",
        "value": 0.4476,
        "label": "Interpolated anomaly intensity",
        "disclaimer": "Interpolated estimate \u2014 NOT a direct measurement",
        "data_provenance": "INFERRED"
      }
    },
    {
      "type": "Feature",
      "geometry": {
        "type": "Point",
        "coordinates": [
          72.55922435460819,
          16.17168455374411
        ]
      },
      "properties": {
        "layer": "interpolated_heatmap",
        "value": 0.4496,
        "label": "Interpolated anomaly intensity",
        "disclaimer": "Interpolated estimate \u2014 NOT a direct measurement",
        "data_provenance": "INFERRED"
      }
    },
    {
      "type": "Feature",
      "geometry": {
        "type": "Point",
        "coordinates": [
          72.55922435460819,
          16.298075339747275
        ]
      },
      "properties": {
        "layer": "interpolated_heatmap",
        "value": 0.4521,
        "label": "Interpolated anomaly intensity",
        "disclaimer": "Interpolated estimate \u2014 NOT a direct measurement",
        "data_provenance": "INFERRED"
      }
    },
    {
      "type": "Feature",
      "geometry": {
        "type": "Point",
        "coordinates": [
          72.55922435460819,
          16.42446612575044
        ]
      },
      "properties": {
        "layer": "interpolated_heatmap",
        "value": 0.4552,
        "label": "Interpolated anomaly intensity",
        "disclaimer": "Interpolated estimate \u2014 NOT a direct measurement",
        "data_provenance": "INFERRED"
      }
    },
    {
      "type": "Feature",
      "geometry": {
        "type": "Point",
        "coordinates": [
          72.55922435460819,
          16.550856911753602
        ]
      },
      "properties": {
        "layer": "interpolated_heatmap",
        "value": 0.459,
        "label": "Interpolated anomaly intensity",
        "disclaimer": "Interpolated estimate \u2014 NOT a direct measurement",
        "data_provenance": "INFERRED"
      }
    },
    {
      "type": "Feature",
      "geometry": {
        "type": "Point",
        "coordinates": [
          72.55922435460819,
          16.677247697756766
        ]
      },
      "properties": {
        "layer": "interpolated_heatmap",
        "value": 0.4638,
        "label": "Interpolated anomaly intensity",
        "disclaimer": "Interpolated estimate \u2014 NOT a direct measurement",
        "data_provenance": "INFERRED"
      }
    },
    {
      "type": "Feature",
      "geometry": {
        "type": "Point",
        "coordinates": [
          72.55922435460819,
          16.803638483759926
        ]
      },
      "properties": {
        "layer": "interpolated_heatmap",
        "value": 0.4698,
        "label": "Interpolated anomaly intensity",
        "disclaimer": "Interpolated estimate \u2014 NOT a direct measurement",
        "data_provenance": "INFERRED"
      }
    },
    {
      "type": "Feature",
      "geometry": {
        "type": "Point",
        "coordinates": [
          72.55922435460819,
          16.93002926976309
        ]
      },
      "properties": {
        "layer": "interpolated_heatmap",
        "value": 0.4773,
        "label": "Interpolated anomaly intensity",
        "disclaimer": "Interpolated estimate \u2014 NOT a direct measurement",
        "data_provenance": "INFERRED"
      }
    },
    {
      "type": "Feature",
      "geometry": {
        "type": "Point",
        "coordinates": [
          72.55922435460819,
          17.056420055766253
        ]
      },
      "properties": {
        "layer": "interpolated_heatmap",
        "value": 0.4867,
        "label": "Interpolated anomaly intensity",
        "disclaimer": "Interpolated estimate \u2014 NOT a direct measurement",
        "data_provenance": "INFERRED"
      }
    },
    {
      "type": "Feature",
      "geometry": {
        "type": "Point",
        "coordinates": [
          72.55922435460819,
          17.182810841769417
        ]
      },
      "properties": {
        "layer": "interpolated_heatmap",
        "value": 0.4983,
        "label": "Interpolated anomaly intensity",
        "disclaimer": "Interpolated estimate \u2014 NOT a direct measurement",
        "data_provenance": "INFERRED"
      }
    },
    {
      "type": "Feature",
      "geometry": {
        "type": "Point",
        "coordinates": [
          72.55922435460819,
          17.30920162777258
        ]
      },
      "properties": {
        "layer": "interpolated_heatmap",
        "value": 0.5128,
        "label": "Interpolated anomaly intensity",
        "disclaimer": "Interpolated estimate \u2014 NOT a direct measurement",
        "data_provenance": "INFERRED"
      }
    },
    {
      "type": "Feature",
      "geometry": {
        "type": "Point",
        "coordinates": [
          72.55922435460819,
          17.435592413775744
        ]
      },
      "properties": {
        "layer": "interpolated_heatmap",
        "value": 0.5307,
        "label": "Interpolated anomaly intensity",
        "disclaimer": "Interpolated estimate \u2014 NOT a direct measurement",
        "data_provenance": "INFERRED"
      }
    },
    {
      "type": "Feature",
      "geometry": {
        "type": "Point",
        "coordinates": [
          72.55922435460819,
          17.561983199778908
        ]
      },
      "properties": {
        "layer": "interpolated_heatmap",
        "value": 0.5523,
        "label": "Interpolated anomaly intensity",
        "disclaimer": "Interpolated estimate \u2014 NOT a direct measurement",
        "data_provenance": "INFERRED"
      }
    },
    {
      "type": "Feature",
      "geometry": {
        "type": "Point",
        "coordinates": [
          72.55922435460819,
          17.68837398578207
        ]
      },
      "properties": {
        "layer": "interpolated_heatmap",
        "value": 0.578,
        "label": "Interpolated anomaly intensity",
        "disclaimer": "Interpolated estimate \u2014 NOT a direct measurement",
        "data_provenance": "INFERRED"
      }
    },
    {
      "type": "Feature",
      "geometry": {
        "type": "Point",
        "coordinates": [
          72.55922435460819,
          17.814764771785235
        ]
      },
      "properties": {
        "layer": "interpolated_heatmap",
        "value": 0.6072,
        "label": "Interpolated anomaly intensity",
        "disclaimer": "Interpolated estimate \u2014 NOT a direct measurement",
        "data_provenance": "INFERRED"
      }
    },
    {
      "type": "Feature",
      "geometry": {
        "type": "Point",
        "coordinates": [
          72.55922435460819,
          17.941155557788395
        ]
      },
      "properties": {
        "layer": "interpolated_heatmap",
        "value": 0.6386,
        "label": "Interpolated anomaly intensity",
        "disclaimer": "Interpolated estimate \u2014 NOT a direct measurement",
        "data_provenance": "INFERRED"
      }
    },
    {
      "type": "Feature",
      "geometry": {
        "type": "Point",
        "coordinates": [
          72.55922435460819,
          18.06754634379156
        ]
      },
      "properties": {
        "layer": "interpolated_heatmap",
        "value": 0.6698,
        "label": "Interpolated anomaly intensity",
        "disclaimer": "Interpolated estimate \u2014 NOT a direct measurement",
        "data_provenance": "INFERRED"
      }
    },
    {
      "type": "Feature",
      "geometry": {
        "type": "Point",
        "coordinates": [
          72.55922435460819,
          18.193937129794723
        ]
      },
      "properties": {
        "layer": "interpolated_heatmap",
        "value": 0.6973,
        "label": "Interpolated anomaly intensity",
        "disclaimer": "Interpolated estimate \u2014 NOT a direct measurement",
        "data_provenance": "INFERRED"
      }
    },
    {
      "type": "Feature",
      "geometry": {
        "type": "Point",
        "coordinates": [
          72.55922435460819,
          18.320327915797886
        ]
      },
      "properties": {
        "layer": "interpolated_heatmap",
        "value": 0.7175,
        "label": "Interpolated anomaly intensity",
        "disclaimer": "Interpolated estimate \u2014 NOT a direct measurement",
        "data_provenance": "INFERRED"
      }
    },
    {
      "type": "Feature",
      "geometry": {
        "type": "Point",
        "coordinates": [
          72.55922435460819,
          18.44671870180105
        ]
      },
      "properties": {
        "layer": "interpolated_heatmap",
        "value": 0.7281,
        "label": "Interpolated anomaly intensity",
        "disclaimer": "Interpolated estimate \u2014 NOT a direct measurement",
        "data_provenance": "INFERRED"
      }
    },
    {
      "type": "Feature",
      "geometry": {
        "type": "Point",
        "coordinates": [
          72.55922435460819,
          18.573109487804214
        ]
      },
      "properties": {
        "layer": "interpolated_heatmap",
        "value": 0.7286,
        "label": "Interpolated anomaly intensity",
        "disclaimer": "Interpolated estimate \u2014 NOT a direct measurement",
        "data_provenance": "INFERRED"
      }
    },
    {
      "type": "Feature",
      "geometry": {
        "type": "Point",
        "coordinates": [
          72.55922435460819,
          18.699500273807374
        ]
      },
      "properties": {
        "layer": "interpolated_heatmap",
        "value": 0.7206,
        "label": "Interpolated anomaly intensity",
        "disclaimer": "Interpolated estimate \u2014 NOT a direct measurement",
        "data_provenance": "INFERRED"
      }
    },
    {
      "type": "Feature",
      "geometry": {
        "type": "Point",
        "coordinates": [
          72.55922435460819,
          18.825891059810537
        ]
      },
      "properties": {
        "layer": "interpolated_heatmap",
        "value": 0.7066,
        "label": "Interpolated anomaly intensity",
        "disclaimer": "Interpolated estimate \u2014 NOT a direct measurement",
        "data_provenance": "INFERRED"
      }
    },
    {
      "type": "Feature",
      "geometry": {
        "type": "Point",
        "coordinates": [
          72.55922435460819,
          18.9522818458137
        ]
      },
      "properties": {
        "layer": "interpolated_heatmap",
        "value": 0.6895,
        "label": "Interpolated anomaly intensity",
        "disclaimer": "Interpolated estimate \u2014 NOT a direct measurement",
        "data_provenance": "INFERRED"
      }
    },
    {
      "type": "Feature",
      "geometry": {
        "type": "Point",
        "coordinates": [
          72.55922435460819,
          19.078672631816865
        ]
      },
      "properties": {
        "layer": "interpolated_heatmap",
        "value": 0.6711,
        "label": "Interpolated anomaly intensity",
        "disclaimer": "Interpolated estimate \u2014 NOT a direct measurement",
        "data_provenance": "INFERRED"
      }
    },
    {
      "type": "Feature",
      "geometry": {
        "type": "Point",
        "coordinates": [
          72.55922435460819,
          19.20506341782003
        ]
      },
      "properties": {
        "layer": "interpolated_heatmap",
        "value": 0.653,
        "label": "Interpolated anomaly intensity",
        "disclaimer": "Interpolated estimate \u2014 NOT a direct measurement",
        "data_provenance": "INFERRED"
      }
    },
    {
      "type": "Feature",
      "geometry": {
        "type": "Point",
        "coordinates": [
          72.60280311323102,
          14.275822763696663
        ]
      },
      "properties": {
        "layer": "interpolated_heatmap",
        "value": 0.4402,
        "label": "Interpolated anomaly intensity",
        "disclaimer": "Interpolated estimate \u2014 NOT a direct measurement",
        "data_provenance": "INFERRED"
      }
    },
    {
      "type": "Feature",
      "geometry": {
        "type": "Point",
        "coordinates": [
          72.60280311323102,
          14.402213549699827
        ]
      },
      "properties": {
        "layer": "interpolated_heatmap",
        "value": 0.4402,
        "label": "Interpolated anomaly intensity",
        "disclaimer": "Interpolated estimate \u2014 NOT a direct measurement",
        "data_provenance": "INFERRED"
      }
    },
    {
      "type": "Feature",
      "geometry": {
        "type": "Point",
        "coordinates": [
          72.60280311323102,
          14.52860433570299
        ]
      },
      "properties": {
        "layer": "interpolated_heatmap",
        "value": 0.4402,
        "label": "Interpolated anomaly intensity",
        "disclaimer": "Interpolated estimate \u2014 NOT a direct measurement",
        "data_provenance": "INFERRED"
      }
    },
    {
      "type": "Feature",
      "geometry": {
        "type": "Point",
        "coordinates": [
          72.60280311323102,
          14.654995121706152
        ]
      },
      "properties": {
        "layer": "interpolated_heatmap",
        "value": 0.4402,
        "label": "Interpolated anomaly intensity",
        "disclaimer": "Interpolated estimate \u2014 NOT a direct measurement",
        "data_provenance": "INFERRED"
      }
    },
    {
      "type": "Feature",
      "geometry": {
        "type": "Point",
        "coordinates": [
          72.60280311323102,
          14.781385907709316
        ]
      },
      "properties": {
        "layer": "interpolated_heatmap",
        "value": 0.4403,
        "label": "Interpolated anomaly intensity",
        "disclaimer": "Interpolated estimate \u2014 NOT a direct measurement",
        "data_provenance": "INFERRED"
      }
    },
    {
      "type": "Feature",
      "geometry": {
        "type": "Point",
        "coordinates": [
          72.60280311323102,
          14.90777669371248
        ]
      },
      "properties": {
        "layer": "interpolated_heatmap",
        "value": 0.4405,
        "label": "Interpolated anomaly intensity",
        "disclaimer": "Interpolated estimate \u2014 NOT a direct measurement",
        "data_provenance": "INFERRED"
      }
    },
    {
      "type": "Feature",
      "geometry": {
        "type": "Point",
        "coordinates": [
          72.60280311323102,
          15.034167479715641
        ]
      },
      "properties": {
        "layer": "interpolated_heatmap",
        "value": 0.4407,
        "label": "Interpolated anomaly intensity",
        "disclaimer": "Interpolated estimate \u2014 NOT a direct measurement",
        "data_provenance": "INFERRED"
      }
    },
    {
      "type": "Feature",
      "geometry": {
        "type": "Point",
        "coordinates": [
          72.60280311323102,
          15.160558265718805
        ]
      },
      "properties": {
        "layer": "interpolated_heatmap",
        "value": 0.441,
        "label": "Interpolated anomaly intensity",
        "disclaimer": "Interpolated estimate \u2014 NOT a direct measurement",
        "data_provenance": "INFERRED"
      }
    },
    {
      "type": "Feature",
      "geometry": {
        "type": "Point",
        "coordinates": [
          72.60280311323102,
          15.286949051721969
        ]
      },
      "properties": {
        "layer": "interpolated_heatmap",
        "value": 0.4414,
        "label": "Interpolated anomaly intensity",
        "disclaimer": "Interpolated estimate \u2014 NOT a direct measurement",
        "data_provenance": "INFERRED"
      }
    },
    {
      "type": "Feature",
      "geometry": {
        "type": "Point",
        "coordinates": [
          72.60280311323102,
          15.413339837725132
        ]
      },
      "properties": {
        "layer": "interpolated_heatmap",
        "value": 0.4419,
        "label": "Interpolated anomaly intensity",
        "disclaimer": "Interpolated estimate \u2014 NOT a direct measurement",
        "data_provenance": "INFERRED"
      }
    },
    {
      "type": "Feature",
      "geometry": {
        "type": "Point",
        "coordinates": [
          72.60280311323102,
          15.539730623728296
        ]
      },
      "properties": {
        "layer": "interpolated_heatmap",
        "value": 0.4425,
        "label": "Interpolated anomaly intensity",
        "disclaimer": "Interpolated estimate \u2014 NOT a direct measurement",
        "data_provenance": "INFERRED"
      }
    },
    {
      "type": "Feature",
      "geometry": {
        "type": "Point",
        "coordinates": [
          72.60280311323102,
          15.666121409731458
        ]
      },
      "properties": {
        "layer": "interpolated_heatmap",
        "value": 0.4433,
        "label": "Interpolated anomaly intensity",
        "disclaimer": "Interpolated estimate \u2014 NOT a direct measurement",
        "data_provenance": "INFERRED"
      }
    },
    {
      "type": "Feature",
      "geometry": {
        "type": "Point",
        "coordinates": [
          72.60280311323102,
          15.792512195734622
        ]
      },
      "properties": {
        "layer": "interpolated_heatmap",
        "value": 0.4444,
        "label": "Interpolated anomaly intensity",
        "disclaimer": "Interpolated estimate \u2014 NOT a direct measurement",
        "data_provenance": "INFERRED"
      }
    },
    {
      "type": "Feature",
      "geometry": {
        "type": "Point",
        "coordinates": [
          72.60280311323102,
          15.918902981737785
        ]
      },
      "properties": {
        "layer": "interpolated_heatmap",
        "value": 0.4456,
        "label": "Interpolated anomaly intensity",
        "disclaimer": "Interpolated estimate \u2014 NOT a direct measurement",
        "data_provenance": "INFERRED"
      }
    },
    {
      "type": "Feature",
      "geometry": {
        "type": "Point",
        "coordinates": [
          72.60280311323102,
          16.045293767740947
        ]
      },
      "properties": {
        "layer": "interpolated_heatmap",
        "value": 0.4472,
        "label": "Interpolated anomaly intensity",
        "disclaimer": "Interpolated estimate \u2014 NOT a direct measurement",
        "data_provenance": "INFERRED"
      }
    },
    {
      "type": "Feature",
      "geometry": {
        "type": "Point",
        "coordinates": [
          72.60280311323102,
          16.17168455374411
        ]
      },
      "properties": {
        "layer": "interpolated_heatmap",
        "value": 0.4492,
        "label": "Interpolated anomaly intensity",
        "disclaimer": "Interpolated estimate \u2014 NOT a direct measurement",
        "data_provenance": "INFERRED"
      }
    },
    {
      "type": "Feature",
      "geometry": {
        "type": "Point",
        "coordinates": [
          72.60280311323102,
          16.298075339747275
        ]
      },
      "properties": {
        "layer": "interpolated_heatmap",
        "value": 0.4517,
        "label": "Interpolated anomaly intensity",
        "disclaimer": "Interpolated estimate \u2014 NOT a direct measurement",
        "data_provenance": "INFERRED"
      }
    },
    {
      "type": "Feature",
      "geometry": {
        "type": "Point",
        "coordinates": [
          72.60280311323102,
          16.42446612575044
        ]
      },
      "properties": {
        "layer": "interpolated_heatmap",
        "value": 0.4548,
        "label": "Interpolated anomaly intensity",
        "disclaimer": "Interpolated estimate \u2014 NOT a direct measurement",
        "data_provenance": "INFERRED"
      }
    },
    {
      "type": "Feature",
      "geometry": {
        "type": "Point",
        "coordinates": [
          72.60280311323102,
          16.550856911753602
        ]
      },
      "properties": {
        "layer": "interpolated_heatmap",
        "value": 0.4586,
        "label": "Interpolated anomaly intensity",
        "disclaimer": "Interpolated estimate \u2014 NOT a direct measurement",
        "data_provenance": "INFERRED"
      }
    },
    {
      "type": "Feature",
      "geometry": {
        "type": "Point",
        "coordinates": [
          72.60280311323102,
          16.677247697756766
        ]
      },
      "properties": {
        "layer": "interpolated_heatmap",
        "value": 0.4634,
        "label": "Interpolated anomaly intensity",
        "disclaimer": "Interpolated estimate \u2014 NOT a direct measurement",
        "data_provenance": "INFERRED"
      }
    },
    {
      "type": "Feature",
      "geometry": {
        "type": "Point",
        "coordinates": [
          72.60280311323102,
          16.803638483759926
        ]
      },
      "properties": {
        "layer": "interpolated_heatmap",
        "value": 0.4694,
        "label": "Interpolated anomaly intensity",
        "disclaimer": "Interpolated estimate \u2014 NOT a direct measurement",
        "data_provenance": "INFERRED"
      }
    },
    {
      "type": "Feature",
      "geometry": {
        "type": "Point",
        "coordinates": [
          72.60280311323102,
          16.93002926976309
        ]
      },
      "properties": {
        "layer": "interpolated_heatmap",
        "value": 0.4769,
        "label": "Interpolated anomaly intensity",
        "disclaimer": "Interpolated estimate \u2014 NOT a direct measurement",
        "data_provenance": "INFERRED"
      }
    },
    {
      "type": "Feature",
      "geometry": {
        "type": "Point",
        "coordinates": [
          72.60280311323102,
          17.056420055766253
        ]
      },
      "properties": {
        "layer": "interpolated_heatmap",
        "value": 0.4863,
        "label": "Interpolated anomaly intensity",
        "disclaimer": "Interpolated estimate \u2014 NOT a direct measurement",
        "data_provenance": "INFERRED"
      }
    },
    {
      "type": "Feature",
      "geometry": {
        "type": "Point",
        "coordinates": [
          72.60280311323102,
          17.182810841769417
        ]
      },
      "properties": {
        "layer": "interpolated_heatmap",
        "value": 0.498,
        "label": "Interpolated anomaly intensity",
        "disclaimer": "Interpolated estimate \u2014 NOT a direct measurement",
        "data_provenance": "INFERRED"
      }
    },
    {
      "type": "Feature",
      "geometry": {
        "type": "Point",
        "coordinates": [
          72.60280311323102,
          17.30920162777258
        ]
      },
      "properties": {
        "layer": "interpolated_heatmap",
        "value": 0.5127,
        "label": "Interpolated anomaly intensity",
        "disclaimer": "Interpolated estimate \u2014 NOT a direct measurement",
        "data_provenance": "INFERRED"
      }
    },
    {
      "type": "Feature",
      "geometry": {
        "type": "Point",
        "coordinates": [
          72.60280311323102,
          17.435592413775744
        ]
      },
      "properties": {
        "layer": "interpolated_heatmap",
        "value": 0.5308,
        "label": "Interpolated anomaly intensity",
        "disclaimer": "Interpolated estimate \u2014 NOT a direct measurement",
        "data_provenance": "INFERRED"
      }
    },
    {
      "type": "Feature",
      "geometry": {
        "type": "Point",
        "coordinates": [
          72.60280311323102,
          17.561983199778908
        ]
      },
      "properties": {
        "layer": "interpolated_heatmap",
        "value": 0.5528,
        "label": "Interpolated anomaly intensity",
        "disclaimer": "Interpolated estimate \u2014 NOT a direct measurement",
        "data_provenance": "INFERRED"
      }
    },
    {
      "type": "Feature",
      "geometry": {
        "type": "Point",
        "coordinates": [
          72.60280311323102,
          17.68837398578207
        ]
      },
      "properties": {
        "layer": "interpolated_heatmap",
        "value": 0.5791,
        "label": "Interpolated anomaly intensity",
        "disclaimer": "Interpolated estimate \u2014 NOT a direct measurement",
        "data_provenance": "INFERRED"
      }
    },
    {
      "type": "Feature",
      "geometry": {
        "type": "Point",
        "coordinates": [
          72.60280311323102,
          17.814764771785235
        ]
      },
      "properties": {
        "layer": "interpolated_heatmap",
        "value": 0.6092,
        "label": "Interpolated anomaly intensity",
        "disclaimer": "Interpolated estimate \u2014 NOT a direct measurement",
        "data_provenance": "INFERRED"
      }
    },
    {
      "type": "Feature",
      "geometry": {
        "type": "Point",
        "coordinates": [
          72.60280311323102,
          17.941155557788395
        ]
      },
      "properties": {
        "layer": "interpolated_heatmap",
        "value": 0.6417,
        "label": "Interpolated anomaly intensity",
        "disclaimer": "Interpolated estimate \u2014 NOT a direct measurement",
        "data_provenance": "INFERRED"
      }
    },
    {
      "type": "Feature",
      "geometry": {
        "type": "Point",
        "coordinates": [
          72.60280311323102,
          18.06754634379156
        ]
      },
      "properties": {
        "layer": "interpolated_heatmap",
        "value": 0.6741,
        "label": "Interpolated anomaly intensity",
        "disclaimer": "Interpolated estimate \u2014 NOT a direct measurement",
        "data_provenance": "INFERRED"
      }
    },
    {
      "type": "Feature",
      "geometry": {
        "type": "Point",
        "coordinates": [
          72.60280311323102,
          18.193937129794723
        ]
      },
      "properties": {
        "layer": "interpolated_heatmap",
        "value": 0.7026,
        "label": "Interpolated anomaly intensity",
        "disclaimer": "Interpolated estimate \u2014 NOT a direct measurement",
        "data_provenance": "INFERRED"
      }
    },
    {
      "type": "Feature",
      "geometry": {
        "type": "Point",
        "coordinates": [
          72.60280311323102,
          18.320327915797886
        ]
      },
      "properties": {
        "layer": "interpolated_heatmap",
        "value": 0.7235,
        "label": "Interpolated anomaly intensity",
        "disclaimer": "Interpolated estimate \u2014 NOT a direct measurement",
        "data_provenance": "INFERRED"
      }
    },
    {
      "type": "Feature",
      "geometry": {
        "type": "Point",
        "coordinates": [
          72.60280311323102,
          18.44671870180105
        ]
      },
      "properties": {
        "layer": "interpolated_heatmap",
        "value": 0.7343,
        "label": "Interpolated anomaly intensity",
        "disclaimer": "Interpolated estimate \u2014 NOT a direct measurement",
        "data_provenance": "INFERRED"
      }
    },
    {
      "type": "Feature",
      "geometry": {
        "type": "Point",
        "coordinates": [
          72.60280311323102,
          18.573109487804214
        ]
      },
      "properties": {
        "layer": "interpolated_heatmap",
        "value": 0.7344,
        "label": "Interpolated anomaly intensity",
        "disclaimer": "Interpolated estimate \u2014 NOT a direct measurement",
        "data_provenance": "INFERRED"
      }
    },
    {
      "type": "Feature",
      "geometry": {
        "type": "Point",
        "coordinates": [
          72.60280311323102,
          18.699500273807374
        ]
      },
      "properties": {
        "layer": "interpolated_heatmap",
        "value": 0.7257,
        "label": "Interpolated anomaly intensity",
        "disclaimer": "Interpolated estimate \u2014 NOT a direct measurement",
        "data_provenance": "INFERRED"
      }
    },
    {
      "type": "Feature",
      "geometry": {
        "type": "Point",
        "coordinates": [
          72.60280311323102,
          18.825891059810537
        ]
      },
      "properties": {
        "layer": "interpolated_heatmap",
        "value": 0.7109,
        "label": "Interpolated anomaly intensity",
        "disclaimer": "Interpolated estimate \u2014 NOT a direct measurement",
        "data_provenance": "INFERRED"
      }
    },
    {
      "type": "Feature",
      "geometry": {
        "type": "Point",
        "coordinates": [
          72.60280311323102,
          18.9522818458137
        ]
      },
      "properties": {
        "layer": "interpolated_heatmap",
        "value": 0.6929,
        "label": "Interpolated anomaly intensity",
        "disclaimer": "Interpolated estimate \u2014 NOT a direct measurement",
        "data_provenance": "INFERRED"
      }
    },
    {
      "type": "Feature",
      "geometry": {
        "type": "Point",
        "coordinates": [
          72.60280311323102,
          19.078672631816865
        ]
      },
      "properties": {
        "layer": "interpolated_heatmap",
        "value": 0.6738,
        "label": "Interpolated anomaly intensity",
        "disclaimer": "Interpolated estimate \u2014 NOT a direct measurement",
        "data_provenance": "INFERRED"
      }
    },
    {
      "type": "Feature",
      "geometry": {
        "type": "Point",
        "coordinates": [
          72.60280311323102,
          19.20506341782003
        ]
      },
      "properties": {
        "layer": "interpolated_heatmap",
        "value": 0.655,
        "label": "Interpolated anomaly intensity",
        "disclaimer": "Interpolated estimate \u2014 NOT a direct measurement",
        "data_provenance": "INFERRED"
      }
    },
    {
      "type": "Feature",
      "geometry": {
        "type": "Point",
        "coordinates": [
          72.64638187185385,
          14.275822763696663
        ]
      },
      "properties": {
        "layer": "interpolated_heatmap",
        "value": 0.4401,
        "label": "Interpolated anomaly intensity",
        "disclaimer": "Interpolated estimate \u2014 NOT a direct measurement",
        "data_provenance": "INFERRED"
      }
    },
    {
      "type": "Feature",
      "geometry": {
        "type": "Point",
        "coordinates": [
          72.64638187185385,
          14.402213549699827
        ]
      },
      "properties": {
        "layer": "interpolated_heatmap",
        "value": 0.44,
        "label": "Interpolated anomaly intensity",
        "disclaimer": "Interpolated estimate \u2014 NOT a direct measurement",
        "data_provenance": "INFERRED"
      }
    },
    {
      "type": "Feature",
      "geometry": {
        "type": "Point",
        "coordinates": [
          72.64638187185385,
          14.52860433570299
        ]
      },
      "properties": {
        "layer": "interpolated_heatmap",
        "value": 0.4401,
        "label": "Interpolated anomaly intensity",
        "disclaimer": "Interpolated estimate \u2014 NOT a direct measurement",
        "data_provenance": "INFERRED"
      }
    },
    {
      "type": "Feature",
      "geometry": {
        "type": "Point",
        "coordinates": [
          72.64638187185385,
          14.654995121706152
        ]
      },
      "properties": {
        "layer": "interpolated_heatmap",
        "value": 0.4401,
        "label": "Interpolated anomaly intensity",
        "disclaimer": "Interpolated estimate \u2014 NOT a direct measurement",
        "data_provenance": "INFERRED"
      }
    },
    {
      "type": "Feature",
      "geometry": {
        "type": "Point",
        "coordinates": [
          72.64638187185385,
          14.781385907709316
        ]
      },
      "properties": {
        "layer": "interpolated_heatmap",
        "value": 0.4402,
        "label": "Interpolated anomaly intensity",
        "disclaimer": "Interpolated estimate \u2014 NOT a direct measurement",
        "data_provenance": "INFERRED"
      }
    },
    {
      "type": "Feature",
      "geometry": {
        "type": "Point",
        "coordinates": [
          72.64638187185385,
          14.90777669371248
        ]
      },
      "properties": {
        "layer": "interpolated_heatmap",
        "value": 0.4403,
        "label": "Interpolated anomaly intensity",
        "disclaimer": "Interpolated estimate \u2014 NOT a direct measurement",
        "data_provenance": "INFERRED"
      }
    },
    {
      "type": "Feature",
      "geometry": {
        "type": "Point",
        "coordinates": [
          72.64638187185385,
          15.034167479715641
        ]
      },
      "properties": {
        "layer": "interpolated_heatmap",
        "value": 0.4405,
        "label": "Interpolated anomaly intensity",
        "disclaimer": "Interpolated estimate \u2014 NOT a direct measurement",
        "data_provenance": "INFERRED"
      }
    },
    {
      "type": "Feature",
      "geometry": {
        "type": "Point",
        "coordinates": [
          72.64638187185385,
          15.160558265718805
        ]
      },
      "properties": {
        "layer": "interpolated_heatmap",
        "value": 0.4408,
        "label": "Interpolated anomaly intensity",
        "disclaimer": "Interpolated estimate \u2014 NOT a direct measurement",
        "data_provenance": "INFERRED"
      }
    },
    {
      "type": "Feature",
      "geometry": {
        "type": "Point",
        "coordinates": [
          72.64638187185385,
          15.286949051721969
        ]
      },
      "properties": {
        "layer": "interpolated_heatmap",
        "value": 0.4412,
        "label": "Interpolated anomaly intensity",
        "disclaimer": "Interpolated estimate \u2014 NOT a direct measurement",
        "data_provenance": "INFERRED"
      }
    },
    {
      "type": "Feature",
      "geometry": {
        "type": "Point",
        "coordinates": [
          72.64638187185385,
          15.413339837725132
        ]
      },
      "properties": {
        "layer": "interpolated_heatmap",
        "value": 0.4417,
        "label": "Interpolated anomaly intensity",
        "disclaimer": "Interpolated estimate \u2014 NOT a direct measurement",
        "data_provenance": "INFERRED"
      }
    },
    {
      "type": "Feature",
      "geometry": {
        "type": "Point",
        "coordinates": [
          72.64638187185385,
          15.539730623728296
        ]
      },
      "properties": {
        "layer": "interpolated_heatmap",
        "value": 0.4423,
        "label": "Interpolated anomaly intensity",
        "disclaimer": "Interpolated estimate \u2014 NOT a direct measurement",
        "data_provenance": "INFERRED"
      }
    },
    {
      "type": "Feature",
      "geometry": {
        "type": "Point",
        "coordinates": [
          72.64638187185385,
          15.666121409731458
        ]
      },
      "properties": {
        "layer": "interpolated_heatmap",
        "value": 0.4431,
        "label": "Interpolated anomaly intensity",
        "disclaimer": "Interpolated estimate \u2014 NOT a direct measurement",
        "data_provenance": "INFERRED"
      }
    },
    {
      "type": "Feature",
      "geometry": {
        "type": "Point",
        "coordinates": [
          72.64638187185385,
          15.792512195734622
        ]
      },
      "properties": {
        "layer": "interpolated_heatmap",
        "value": 0.4441,
        "label": "Interpolated anomaly intensity",
        "disclaimer": "Interpolated estimate \u2014 NOT a direct measurement",
        "data_provenance": "INFERRED"
      }
    },
    {
      "type": "Feature",
      "geometry": {
        "type": "Point",
        "coordinates": [
          72.64638187185385,
          15.918902981737785
        ]
      },
      "properties": {
        "layer": "interpolated_heatmap",
        "value": 0.4453,
        "label": "Interpolated anomaly intensity",
        "disclaimer": "Interpolated estimate \u2014 NOT a direct measurement",
        "data_provenance": "INFERRED"
      }
    },
    {
      "type": "Feature",
      "geometry": {
        "type": "Point",
        "coordinates": [
          72.64638187185385,
          16.045293767740947
        ]
      },
      "properties": {
        "layer": "interpolated_heatmap",
        "value": 0.4469,
        "label": "Interpolated anomaly intensity",
        "disclaimer": "Interpolated estimate \u2014 NOT a direct measurement",
        "data_provenance": "INFERRED"
      }
    },
    {
      "type": "Feature",
      "geometry": {
        "type": "Point",
        "coordinates": [
          72.64638187185385,
          16.17168455374411
        ]
      },
      "properties": {
        "layer": "interpolated_heatmap",
        "value": 0.4488,
        "label": "Interpolated anomaly intensity",
        "disclaimer": "Interpolated estimate \u2014 NOT a direct measurement",
        "data_provenance": "INFERRED"
      }
    },
    {
      "type": "Feature",
      "geometry": {
        "type": "Point",
        "coordinates": [
          72.64638187185385,
          16.298075339747275
        ]
      },
      "properties": {
        "layer": "interpolated_heatmap",
        "value": 0.4513,
        "label": "Interpolated anomaly intensity",
        "disclaimer": "Interpolated estimate \u2014 NOT a direct measurement",
        "data_provenance": "INFERRED"
      }
    },
    {
      "type": "Feature",
      "geometry": {
        "type": "Point",
        "coordinates": [
          72.64638187185385,
          16.42446612575044
        ]
      },
      "properties": {
        "layer": "interpolated_heatmap",
        "value": 0.4543,
        "label": "Interpolated anomaly intensity",
        "disclaimer": "Interpolated estimate \u2014 NOT a direct measurement",
        "data_provenance": "INFERRED"
      }
    },
    {
      "type": "Feature",
      "geometry": {
        "type": "Point",
        "coordinates": [
          72.64638187185385,
          16.550856911753602
        ]
      },
      "properties": {
        "layer": "interpolated_heatmap",
        "value": 0.4581,
        "label": "Interpolated anomaly intensity",
        "disclaimer": "Interpolated estimate \u2014 NOT a direct measurement",
        "data_provenance": "INFERRED"
      }
    },
    {
      "type": "Feature",
      "geometry": {
        "type": "Point",
        "coordinates": [
          72.64638187185385,
          16.677247697756766
        ]
      },
      "properties": {
        "layer": "interpolated_heatmap",
        "value": 0.4629,
        "label": "Interpolated anomaly intensity",
        "disclaimer": "Interpolated estimate \u2014 NOT a direct measurement",
        "data_provenance": "INFERRED"
      }
    },
    {
      "type": "Feature",
      "geometry": {
        "type": "Point",
        "coordinates": [
          72.64638187185385,
          16.803638483759926
        ]
      },
      "properties": {
        "layer": "interpolated_heatmap",
        "value": 0.4689,
        "label": "Interpolated anomaly intensity",
        "disclaimer": "Interpolated estimate \u2014 NOT a direct measurement",
        "data_provenance": "INFERRED"
      }
    },
    {
      "type": "Feature",
      "geometry": {
        "type": "Point",
        "coordinates": [
          72.64638187185385,
          16.93002926976309
        ]
      },
      "properties": {
        "layer": "interpolated_heatmap",
        "value": 0.4764,
        "label": "Interpolated anomaly intensity",
        "disclaimer": "Interpolated estimate \u2014 NOT a direct measurement",
        "data_provenance": "INFERRED"
      }
    },
    {
      "type": "Feature",
      "geometry": {
        "type": "Point",
        "coordinates": [
          72.64638187185385,
          17.056420055766253
        ]
      },
      "properties": {
        "layer": "interpolated_heatmap",
        "value": 0.4858,
        "label": "Interpolated anomaly intensity",
        "disclaimer": "Interpolated estimate \u2014 NOT a direct measurement",
        "data_provenance": "INFERRED"
      }
    },
    {
      "type": "Feature",
      "geometry": {
        "type": "Point",
        "coordinates": [
          72.64638187185385,
          17.182810841769417
        ]
      },
      "properties": {
        "layer": "interpolated_heatmap",
        "value": 0.4976,
        "label": "Interpolated anomaly intensity",
        "disclaimer": "Interpolated estimate \u2014 NOT a direct measurement",
        "data_provenance": "INFERRED"
      }
    },
    {
      "type": "Feature",
      "geometry": {
        "type": "Point",
        "coordinates": [
          72.64638187185385,
          17.30920162777258
        ]
      },
      "properties": {
        "layer": "interpolated_heatmap",
        "value": 0.5124,
        "label": "Interpolated anomaly intensity",
        "disclaimer": "Interpolated estimate \u2014 NOT a direct measurement",
        "data_provenance": "INFERRED"
      }
    },
    {
      "type": "Feature",
      "geometry": {
        "type": "Point",
        "coordinates": [
          72.64638187185385,
          17.435592413775744
        ]
      },
      "properties": {
        "layer": "interpolated_heatmap",
        "value": 0.5307,
        "label": "Interpolated anomaly intensity",
        "disclaimer": "Interpolated estimate \u2014 NOT a direct measurement",
        "data_provenance": "INFERRED"
      }
    },
    {
      "type": "Feature",
      "geometry": {
        "type": "Point",
        "coordinates": [
          72.64638187185385,
          17.561983199778908
        ]
      },
      "properties": {
        "layer": "interpolated_heatmap",
        "value": 0.5531,
        "label": "Interpolated anomaly intensity",
        "disclaimer": "Interpolated estimate \u2014 NOT a direct measurement",
        "data_provenance": "INFERRED"
      }
    },
    {
      "type": "Feature",
      "geometry": {
        "type": "Point",
        "coordinates": [
          72.64638187185385,
          17.68837398578207
        ]
      },
      "properties": {
        "layer": "interpolated_heatmap",
        "value": 0.5799,
        "label": "Interpolated anomaly intensity",
        "disclaimer": "Interpolated estimate \u2014 NOT a direct measurement",
        "data_provenance": "INFERRED"
      }
    },
    {
      "type": "Feature",
      "geometry": {
        "type": "Point",
        "coordinates": [
          72.64638187185385,
          17.814764771785235
        ]
      },
      "properties": {
        "layer": "interpolated_heatmap",
        "value": 0.6107,
        "label": "Interpolated anomaly intensity",
        "disclaimer": "Interpolated estimate \u2014 NOT a direct measurement",
        "data_provenance": "INFERRED"
      }
    },
    {
      "type": "Feature",
      "geometry": {
        "type": "Point",
        "coordinates": [
          72.64638187185385,
          17.941155557788395
        ]
      },
      "properties": {
        "layer": "interpolated_heatmap",
        "value": 0.6442,
        "label": "Interpolated anomaly intensity",
        "disclaimer": "Interpolated estimate \u2014 NOT a direct measurement",
        "data_provenance": "INFERRED"
      }
    },
    {
      "type": "Feature",
      "geometry": {
        "type": "Point",
        "coordinates": [
          72.64638187185385,
          18.06754634379156
        ]
      },
      "properties": {
        "layer": "interpolated_heatmap",
        "value": 0.6776,
        "label": "Interpolated anomaly intensity",
        "disclaimer": "Interpolated estimate \u2014 NOT a direct measurement",
        "data_provenance": "INFERRED"
      }
    },
    {
      "type": "Feature",
      "geometry": {
        "type": "Point",
        "coordinates": [
          72.64638187185385,
          18.193937129794723
        ]
      },
      "properties": {
        "layer": "interpolated_heatmap",
        "value": 0.7071,
        "label": "Interpolated anomaly intensity",
        "disclaimer": "Interpolated estimate \u2014 NOT a direct measurement",
        "data_provenance": "INFERRED"
      }
    },
    {
      "type": "Feature",
      "geometry": {
        "type": "Point",
        "coordinates": [
          72.64638187185385,
          18.320327915797886
        ]
      },
      "properties": {
        "layer": "interpolated_heatmap",
        "value": 0.7286,
        "label": "Interpolated anomaly intensity",
        "disclaimer": "Interpolated estimate \u2014 NOT a direct measurement",
        "data_provenance": "INFERRED"
      }
    },
    {
      "type": "Feature",
      "geometry": {
        "type": "Point",
        "coordinates": [
          72.64638187185385,
          18.44671870180105
        ]
      },
      "properties": {
        "layer": "interpolated_heatmap",
        "value": 0.7395,
        "label": "Interpolated anomaly intensity",
        "disclaimer": "Interpolated estimate \u2014 NOT a direct measurement",
        "data_provenance": "INFERRED"
      }
    },
    {
      "type": "Feature",
      "geometry": {
        "type": "Point",
        "coordinates": [
          72.64638187185385,
          18.573109487804214
        ]
      },
      "properties": {
        "layer": "interpolated_heatmap",
        "value": 0.7394,
        "label": "Interpolated anomaly intensity",
        "disclaimer": "Interpolated estimate \u2014 NOT a direct measurement",
        "data_provenance": "INFERRED"
      }
    },
    {
      "type": "Feature",
      "geometry": {
        "type": "Point",
        "coordinates": [
          72.64638187185385,
          18.699500273807374
        ]
      },
      "properties": {
        "layer": "interpolated_heatmap",
        "value": 0.73,
        "label": "Interpolated anomaly intensity",
        "disclaimer": "Interpolated estimate \u2014 NOT a direct measurement",
        "data_provenance": "INFERRED"
      }
    },
    {
      "type": "Feature",
      "geometry": {
        "type": "Point",
        "coordinates": [
          72.64638187185385,
          18.825891059810537
        ]
      },
      "properties": {
        "layer": "interpolated_heatmap",
        "value": 0.7144,
        "label": "Interpolated anomaly intensity",
        "disclaimer": "Interpolated estimate \u2014 NOT a direct measurement",
        "data_provenance": "INFERRED"
      }
    },
    {
      "type": "Feature",
      "geometry": {
        "type": "Point",
        "coordinates": [
          72.64638187185385,
          18.9522818458137
        ]
      },
      "properties": {
        "layer": "interpolated_heatmap",
        "value": 0.6956,
        "label": "Interpolated anomaly intensity",
        "disclaimer": "Interpolated estimate \u2014 NOT a direct measurement",
        "data_provenance": "INFERRED"
      }
    },
    {
      "type": "Feature",
      "geometry": {
        "type": "Point",
        "coordinates": [
          72.64638187185385,
          19.078672631816865
        ]
      },
      "properties": {
        "layer": "interpolated_heatmap",
        "value": 0.6759,
        "label": "Interpolated anomaly intensity",
        "disclaimer": "Interpolated estimate \u2014 NOT a direct measurement",
        "data_provenance": "INFERRED"
      }
    },
    {
      "type": "Feature",
      "geometry": {
        "type": "Point",
        "coordinates": [
          72.64638187185385,
          19.20506341782003
        ]
      },
      "properties": {
        "layer": "interpolated_heatmap",
        "value": 0.6566,
        "label": "Interpolated anomaly intensity",
        "disclaimer": "Interpolated estimate \u2014 NOT a direct measurement",
        "data_provenance": "INFERRED"
      }
    },
    {
      "type": "Feature",
      "geometry": {
        "type": "Point",
        "coordinates": [
          72.68996063047669,
          14.275822763696663
        ]
      },
      "properties": {
        "layer": "interpolated_heatmap",
        "value": 0.44,
        "label": "Interpolated anomaly intensity",
        "disclaimer": "Interpolated estimate \u2014 NOT a direct measurement",
        "data_provenance": "INFERRED"
      }
    },
    {
      "type": "Feature",
      "geometry": {
        "type": "Point",
        "coordinates": [
          72.68996063047669,
          14.402213549699827
        ]
      },
      "properties": {
        "layer": "interpolated_heatmap",
        "value": 0.4399,
        "label": "Interpolated anomaly intensity",
        "disclaimer": "Interpolated estimate \u2014 NOT a direct measurement",
        "data_provenance": "INFERRED"
      }
    },
    {
      "type": "Feature",
      "geometry": {
        "type": "Point",
        "coordinates": [
          72.68996063047669,
          14.52860433570299
        ]
      },
      "properties": {
        "layer": "interpolated_heatmap",
        "value": 0.4399,
        "label": "Interpolated anomaly intensity",
        "disclaimer": "Interpolated estimate \u2014 NOT a direct measurement",
        "data_provenance": "INFERRED"
      }
    },
    {
      "type": "Feature",
      "geometry": {
        "type": "Point",
        "coordinates": [
          72.68996063047669,
          14.654995121706152
        ]
      },
      "properties": {
        "layer": "interpolated_heatmap",
        "value": 0.4399,
        "label": "Interpolated anomaly intensity",
        "disclaimer": "Interpolated estimate \u2014 NOT a direct measurement",
        "data_provenance": "INFERRED"
      }
    },
    {
      "type": "Feature",
      "geometry": {
        "type": "Point",
        "coordinates": [
          72.68996063047669,
          14.781385907709316
        ]
      },
      "properties": {
        "layer": "interpolated_heatmap",
        "value": 0.44,
        "label": "Interpolated anomaly intensity",
        "disclaimer": "Interpolated estimate \u2014 NOT a direct measurement",
        "data_provenance": "INFERRED"
      }
    },
    {
      "type": "Feature",
      "geometry": {
        "type": "Point",
        "coordinates": [
          72.68996063047669,
          14.90777669371248
        ]
      },
      "properties": {
        "layer": "interpolated_heatmap",
        "value": 0.4401,
        "label": "Interpolated anomaly intensity",
        "disclaimer": "Interpolated estimate \u2014 NOT a direct measurement",
        "data_provenance": "INFERRED"
      }
    },
    {
      "type": "Feature",
      "geometry": {
        "type": "Point",
        "coordinates": [
          72.68996063047669,
          15.034167479715641
        ]
      },
      "properties": {
        "layer": "interpolated_heatmap",
        "value": 0.4403,
        "label": "Interpolated anomaly intensity",
        "disclaimer": "Interpolated estimate \u2014 NOT a direct measurement",
        "data_provenance": "INFERRED"
      }
    },
    {
      "type": "Feature",
      "geometry": {
        "type": "Point",
        "coordinates": [
          72.68996063047669,
          15.160558265718805
        ]
      },
      "properties": {
        "layer": "interpolated_heatmap",
        "value": 0.4406,
        "label": "Interpolated anomaly intensity",
        "disclaimer": "Interpolated estimate \u2014 NOT a direct measurement",
        "data_provenance": "INFERRED"
      }
    },
    {
      "type": "Feature",
      "geometry": {
        "type": "Point",
        "coordinates": [
          72.68996063047669,
          15.286949051721969
        ]
      },
      "properties": {
        "layer": "interpolated_heatmap",
        "value": 0.441,
        "label": "Interpolated anomaly intensity",
        "disclaimer": "Interpolated estimate \u2014 NOT a direct measurement",
        "data_provenance": "INFERRED"
      }
    },
    {
      "type": "Feature",
      "geometry": {
        "type": "Point",
        "coordinates": [
          72.68996063047669,
          15.413339837725132
        ]
      },
      "properties": {
        "layer": "interpolated_heatmap",
        "value": 0.4414,
        "label": "Interpolated anomaly intensity",
        "disclaimer": "Interpolated estimate \u2014 NOT a direct measurement",
        "data_provenance": "INFERRED"
      }
    },
    {
      "type": "Feature",
      "geometry": {
        "type": "Point",
        "coordinates": [
          72.68996063047669,
          15.539730623728296
        ]
      },
      "properties": {
        "layer": "interpolated_heatmap",
        "value": 0.442,
        "label": "Interpolated anomaly intensity",
        "disclaimer": "Interpolated estimate \u2014 NOT a direct measurement",
        "data_provenance": "INFERRED"
      }
    },
    {
      "type": "Feature",
      "geometry": {
        "type": "Point",
        "coordinates": [
          72.68996063047669,
          15.666121409731458
        ]
      },
      "properties": {
        "layer": "interpolated_heatmap",
        "value": 0.4428,
        "label": "Interpolated anomaly intensity",
        "disclaimer": "Interpolated estimate \u2014 NOT a direct measurement",
        "data_provenance": "INFERRED"
      }
    },
    {
      "type": "Feature",
      "geometry": {
        "type": "Point",
        "coordinates": [
          72.68996063047669,
          15.792512195734622
        ]
      },
      "properties": {
        "layer": "interpolated_heatmap",
        "value": 0.4438,
        "label": "Interpolated anomaly intensity",
        "disclaimer": "Interpolated estimate \u2014 NOT a direct measurement",
        "data_provenance": "INFERRED"
      }
    },
    {
      "type": "Feature",
      "geometry": {
        "type": "Point",
        "coordinates": [
          72.68996063047669,
          15.918902981737785
        ]
      },
      "properties": {
        "layer": "interpolated_heatmap",
        "value": 0.445,
        "label": "Interpolated anomaly intensity",
        "disclaimer": "Interpolated estimate \u2014 NOT a direct measurement",
        "data_provenance": "INFERRED"
      }
    },
    {
      "type": "Feature",
      "geometry": {
        "type": "Point",
        "coordinates": [
          72.68996063047669,
          16.045293767740947
        ]
      },
      "properties": {
        "layer": "interpolated_heatmap",
        "value": 0.4466,
        "label": "Interpolated anomaly intensity",
        "disclaimer": "Interpolated estimate \u2014 NOT a direct measurement",
        "data_provenance": "INFERRED"
      }
    },
    {
      "type": "Feature",
      "geometry": {
        "type": "Point",
        "coordinates": [
          72.68996063047669,
          16.17168455374411
        ]
      },
      "properties": {
        "layer": "interpolated_heatmap",
        "value": 0.4485,
        "label": "Interpolated anomaly intensity",
        "disclaimer": "Interpolated estimate \u2014 NOT a direct measurement",
        "data_provenance": "INFERRED"
      }
    },
    {
      "type": "Feature",
      "geometry": {
        "type": "Point",
        "coordinates": [
          72.68996063047669,
          16.298075339747275
        ]
      },
      "properties": {
        "layer": "interpolated_heatmap",
        "value": 0.4509,
        "label": "Interpolated anomaly intensity",
        "disclaimer": "Interpolated estimate \u2014 NOT a direct measurement",
        "data_provenance": "INFERRED"
      }
    },
    {
      "type": "Feature",
      "geometry": {
        "type": "Point",
        "coordinates": [
          72.68996063047669,
          16.42446612575044
        ]
      },
      "properties": {
        "layer": "interpolated_heatmap",
        "value": 0.4539,
        "label": "Interpolated anomaly intensity",
        "disclaimer": "Interpolated estimate \u2014 NOT a direct measurement",
        "data_provenance": "INFERRED"
      }
    },
    {
      "type": "Feature",
      "geometry": {
        "type": "Point",
        "coordinates": [
          72.68996063047669,
          16.550856911753602
        ]
      },
      "properties": {
        "layer": "interpolated_heatmap",
        "value": 0.4577,
        "label": "Interpolated anomaly intensity",
        "disclaimer": "Interpolated estimate \u2014 NOT a direct measurement",
        "data_provenance": "INFERRED"
      }
    },
    {
      "type": "Feature",
      "geometry": {
        "type": "Point",
        "coordinates": [
          72.68996063047669,
          16.677247697756766
        ]
      },
      "properties": {
        "layer": "interpolated_heatmap",
        "value": 0.4624,
        "label": "Interpolated anomaly intensity",
        "disclaimer": "Interpolated estimate \u2014 NOT a direct measurement",
        "data_provenance": "INFERRED"
      }
    },
    {
      "type": "Feature",
      "geometry": {
        "type": "Point",
        "coordinates": [
          72.68996063047669,
          16.803638483759926
        ]
      },
      "properties": {
        "layer": "interpolated_heatmap",
        "value": 0.4684,
        "label": "Interpolated anomaly intensity",
        "disclaimer": "Interpolated estimate \u2014 NOT a direct measurement",
        "data_provenance": "INFERRED"
      }
    },
    {
      "type": "Feature",
      "geometry": {
        "type": "Point",
        "coordinates": [
          72.68996063047669,
          16.93002926976309
        ]
      },
      "properties": {
        "layer": "interpolated_heatmap",
        "value": 0.4758,
        "label": "Interpolated anomaly intensity",
        "disclaimer": "Interpolated estimate \u2014 NOT a direct measurement",
        "data_provenance": "INFERRED"
      }
    },
    {
      "type": "Feature",
      "geometry": {
        "type": "Point",
        "coordinates": [
          72.68996063047669,
          17.056420055766253
        ]
      },
      "properties": {
        "layer": "interpolated_heatmap",
        "value": 0.4852,
        "label": "Interpolated anomaly intensity",
        "disclaimer": "Interpolated estimate \u2014 NOT a direct measurement",
        "data_provenance": "INFERRED"
      }
    },
    {
      "type": "Feature",
      "geometry": {
        "type": "Point",
        "coordinates": [
          72.68996063047669,
          17.182810841769417
        ]
      },
      "properties": {
        "layer": "interpolated_heatmap",
        "value": 0.4971,
        "label": "Interpolated anomaly intensity",
        "disclaimer": "Interpolated estimate \u2014 NOT a direct measurement",
        "data_provenance": "INFERRED"
      }
    },
    {
      "type": "Feature",
      "geometry": {
        "type": "Point",
        "coordinates": [
          72.68996063047669,
          17.30920162777258
        ]
      },
      "properties": {
        "layer": "interpolated_heatmap",
        "value": 0.5119,
        "label": "Interpolated anomaly intensity",
        "disclaimer": "Interpolated estimate \u2014 NOT a direct measurement",
        "data_provenance": "INFERRED"
      }
    },
    {
      "type": "Feature",
      "geometry": {
        "type": "Point",
        "coordinates": [
          72.68996063047669,
          17.435592413775744
        ]
      },
      "properties": {
        "layer": "interpolated_heatmap",
        "value": 0.5304,
        "label": "Interpolated anomaly intensity",
        "disclaimer": "Interpolated estimate \u2014 NOT a direct measurement",
        "data_provenance": "INFERRED"
      }
    },
    {
      "type": "Feature",
      "geometry": {
        "type": "Point",
        "coordinates": [
          72.68996063047669,
          17.561983199778908
        ]
      },
      "properties": {
        "layer": "interpolated_heatmap",
        "value": 0.5531,
        "label": "Interpolated anomaly intensity",
        "disclaimer": "Interpolated estimate \u2014 NOT a direct measurement",
        "data_provenance": "INFERRED"
      }
    },
    {
      "type": "Feature",
      "geometry": {
        "type": "Point",
        "coordinates": [
          72.68996063047669,
          17.68837398578207
        ]
      },
      "properties": {
        "layer": "interpolated_heatmap",
        "value": 0.5804,
        "label": "Interpolated anomaly intensity",
        "disclaimer": "Interpolated estimate \u2014 NOT a direct measurement",
        "data_provenance": "INFERRED"
      }
    },
    {
      "type": "Feature",
      "geometry": {
        "type": "Point",
        "coordinates": [
          72.68996063047669,
          17.814764771785235
        ]
      },
      "properties": {
        "layer": "interpolated_heatmap",
        "value": 0.6118,
        "label": "Interpolated anomaly intensity",
        "disclaimer": "Interpolated estimate \u2014 NOT a direct measurement",
        "data_provenance": "INFERRED"
      }
    },
    {
      "type": "Feature",
      "geometry": {
        "type": "Point",
        "coordinates": [
          72.68996063047669,
          17.941155557788395
        ]
      },
      "properties": {
        "layer": "interpolated_heatmap",
        "value": 0.6461,
        "label": "Interpolated anomaly intensity",
        "disclaimer": "Interpolated estimate \u2014 NOT a direct measurement",
        "data_provenance": "INFERRED"
      }
    },
    {
      "type": "Feature",
      "geometry": {
        "type": "Point",
        "coordinates": [
          72.68996063047669,
          18.06754634379156
        ]
      },
      "properties": {
        "layer": "interpolated_heatmap",
        "value": 0.6804,
        "label": "Interpolated anomaly intensity",
        "disclaimer": "Interpolated estimate \u2014 NOT a direct measurement",
        "data_provenance": "INFERRED"
      }
    },
    {
      "type": "Feature",
      "geometry": {
        "type": "Point",
        "coordinates": [
          72.68996063047669,
          18.193937129794723
        ]
      },
      "properties": {
        "layer": "interpolated_heatmap",
        "value": 0.7107,
        "label": "Interpolated anomaly intensity",
        "disclaimer": "Interpolated estimate \u2014 NOT a direct measurement",
        "data_provenance": "INFERRED"
      }
    },
    {
      "type": "Feature",
      "geometry": {
        "type": "Point",
        "coordinates": [
          72.68996063047669,
          18.320327915797886
        ]
      },
      "properties": {
        "layer": "interpolated_heatmap",
        "value": 0.7327,
        "label": "Interpolated anomaly intensity",
        "disclaimer": "Interpolated estimate \u2014 NOT a direct measurement",
        "data_provenance": "INFERRED"
      }
    },
    {
      "type": "Feature",
      "geometry": {
        "type": "Point",
        "coordinates": [
          72.68996063047669,
          18.44671870180105
        ]
      },
      "properties": {
        "layer": "interpolated_heatmap",
        "value": 0.7438,
        "label": "Interpolated anomaly intensity",
        "disclaimer": "Interpolated estimate \u2014 NOT a direct measurement",
        "data_provenance": "INFERRED"
      }
    },
    {
      "type": "Feature",
      "geometry": {
        "type": "Point",
        "coordinates": [
          72.68996063047669,
          18.573109487804214
        ]
      },
      "properties": {
        "layer": "interpolated_heatmap",
        "value": 0.7433,
        "label": "Interpolated anomaly intensity",
        "disclaimer": "Interpolated estimate \u2014 NOT a direct measurement",
        "data_provenance": "INFERRED"
      }
    },
    {
      "type": "Feature",
      "geometry": {
        "type": "Point",
        "coordinates": [
          72.68996063047669,
          18.699500273807374
        ]
      },
      "properties": {
        "layer": "interpolated_heatmap",
        "value": 0.7334,
        "label": "Interpolated anomaly intensity",
        "disclaimer": "Interpolated estimate \u2014 NOT a direct measurement",
        "data_provenance": "INFERRED"
      }
    },
    {
      "type": "Feature",
      "geometry": {
        "type": "Point",
        "coordinates": [
          72.68996063047669,
          18.825891059810537
        ]
      },
      "properties": {
        "layer": "interpolated_heatmap",
        "value": 0.7172,
        "label": "Interpolated anomaly intensity",
        "disclaimer": "Interpolated estimate \u2014 NOT a direct measurement",
        "data_provenance": "INFERRED"
      }
    },
    {
      "type": "Feature",
      "geometry": {
        "type": "Point",
        "coordinates": [
          72.68996063047669,
          18.9522818458137
        ]
      },
      "properties": {
        "layer": "interpolated_heatmap",
        "value": 0.6978,
        "label": "Interpolated anomaly intensity",
        "disclaimer": "Interpolated estimate \u2014 NOT a direct measurement",
        "data_provenance": "INFERRED"
      }
    },
    {
      "type": "Feature",
      "geometry": {
        "type": "Point",
        "coordinates": [
          72.68996063047669,
          19.078672631816865
        ]
      },
      "properties": {
        "layer": "interpolated_heatmap",
        "value": 0.6775,
        "label": "Interpolated anomaly intensity",
        "disclaimer": "Interpolated estimate \u2014 NOT a direct measurement",
        "data_provenance": "INFERRED"
      }
    },
    {
      "type": "Feature",
      "geometry": {
        "type": "Point",
        "coordinates": [
          72.68996063047669,
          19.20506341782003
        ]
      },
      "properties": {
        "layer": "interpolated_heatmap",
        "value": 0.6578,
        "label": "Interpolated anomaly intensity",
        "disclaimer": "Interpolated estimate \u2014 NOT a direct measurement",
        "data_provenance": "INFERRED"
      }
    },
    {
      "type": "Feature",
      "geometry": {
        "type": "Point",
        "coordinates": [
          72.73353938909952,
          14.275822763696663
        ]
      },
      "properties": {
        "layer": "interpolated_heatmap",
        "value": 0.4398,
        "label": "Interpolated anomaly intensity",
        "disclaimer": "Interpolated estimate \u2014 NOT a direct measurement",
        "data_provenance": "INFERRED"
      }
    },
    {
      "type": "Feature",
      "geometry": {
        "type": "Point",
        "coordinates": [
          72.73353938909952,
          14.402213549699827
        ]
      },
      "properties": {
        "layer": "interpolated_heatmap",
        "value": 0.4398,
        "label": "Interpolated anomaly intensity",
        "disclaimer": "Interpolated estimate \u2014 NOT a direct measurement",
        "data_provenance": "INFERRED"
      }
    },
    {
      "type": "Feature",
      "geometry": {
        "type": "Point",
        "coordinates": [
          72.73353938909952,
          14.52860433570299
        ]
      },
      "properties": {
        "layer": "interpolated_heatmap",
        "value": 0.4398,
        "label": "Interpolated anomaly intensity",
        "disclaimer": "Interpolated estimate \u2014 NOT a direct measurement",
        "data_provenance": "INFERRED"
      }
    },
    {
      "type": "Feature",
      "geometry": {
        "type": "Point",
        "coordinates": [
          72.73353938909952,
          14.654995121706152
        ]
      },
      "properties": {
        "layer": "interpolated_heatmap",
        "value": 0.4398,
        "label": "Interpolated anomaly intensity",
        "disclaimer": "Interpolated estimate \u2014 NOT a direct measurement",
        "data_provenance": "INFERRED"
      }
    },
    {
      "type": "Feature",
      "geometry": {
        "type": "Point",
        "coordinates": [
          72.73353938909952,
          14.781385907709316
        ]
      },
      "properties": {
        "layer": "interpolated_heatmap",
        "value": 0.4399,
        "label": "Interpolated anomaly intensity",
        "disclaimer": "Interpolated estimate \u2014 NOT a direct measurement",
        "data_provenance": "INFERRED"
      }
    },
    {
      "type": "Feature",
      "geometry": {
        "type": "Point",
        "coordinates": [
          72.73353938909952,
          14.90777669371248
        ]
      },
      "properties": {
        "layer": "interpolated_heatmap",
        "value": 0.44,
        "label": "Interpolated anomaly intensity",
        "disclaimer": "Interpolated estimate \u2014 NOT a direct measurement",
        "data_provenance": "INFERRED"
      }
    },
    {
      "type": "Feature",
      "geometry": {
        "type": "Point",
        "coordinates": [
          72.73353938909952,
          15.034167479715641
        ]
      },
      "properties": {
        "layer": "interpolated_heatmap",
        "value": 0.4402,
        "label": "Interpolated anomaly intensity",
        "disclaimer": "Interpolated estimate \u2014 NOT a direct measurement",
        "data_provenance": "INFERRED"
      }
    },
    {
      "type": "Feature",
      "geometry": {
        "type": "Point",
        "coordinates": [
          72.73353938909952,
          15.160558265718805
        ]
      },
      "properties": {
        "layer": "interpolated_heatmap",
        "value": 0.4404,
        "label": "Interpolated anomaly intensity",
        "disclaimer": "Interpolated estimate \u2014 NOT a direct measurement",
        "data_provenance": "INFERRED"
      }
    },
    {
      "type": "Feature",
      "geometry": {
        "type": "Point",
        "coordinates": [
          72.73353938909952,
          15.286949051721969
        ]
      },
      "properties": {
        "layer": "interpolated_heatmap",
        "value": 0.4407,
        "label": "Interpolated anomaly intensity",
        "disclaimer": "Interpolated estimate \u2014 NOT a direct measurement",
        "data_provenance": "INFERRED"
      }
    },
    {
      "type": "Feature",
      "geometry": {
        "type": "Point",
        "coordinates": [
          72.73353938909952,
          15.413339837725132
        ]
      },
      "properties": {
        "layer": "interpolated_heatmap",
        "value": 0.4412,
        "label": "Interpolated anomaly intensity",
        "disclaimer": "Interpolated estimate \u2014 NOT a direct measurement",
        "data_provenance": "INFERRED"
      }
    },
    {
      "type": "Feature",
      "geometry": {
        "type": "Point",
        "coordinates": [
          72.73353938909952,
          15.539730623728296
        ]
      },
      "properties": {
        "layer": "interpolated_heatmap",
        "value": 0.4418,
        "label": "Interpolated anomaly intensity",
        "disclaimer": "Interpolated estimate \u2014 NOT a direct measurement",
        "data_provenance": "INFERRED"
      }
    },
    {
      "type": "Feature",
      "geometry": {
        "type": "Point",
        "coordinates": [
          72.73353938909952,
          15.666121409731458
        ]
      },
      "properties": {
        "layer": "interpolated_heatmap",
        "value": 0.4425,
        "label": "Interpolated anomaly intensity",
        "disclaimer": "Interpolated estimate \u2014 NOT a direct measurement",
        "data_provenance": "INFERRED"
      }
    },
    {
      "type": "Feature",
      "geometry": {
        "type": "Point",
        "coordinates": [
          72.73353938909952,
          15.792512195734622
        ]
      },
      "properties": {
        "layer": "interpolated_heatmap",
        "value": 0.4435,
        "label": "Interpolated anomaly intensity",
        "disclaimer": "Interpolated estimate \u2014 NOT a direct measurement",
        "data_provenance": "INFERRED"
      }
    },
    {
      "type": "Feature",
      "geometry": {
        "type": "Point",
        "coordinates": [
          72.73353938909952,
          15.918902981737785
        ]
      },
      "properties": {
        "layer": "interpolated_heatmap",
        "value": 0.4447,
        "label": "Interpolated anomaly intensity",
        "disclaimer": "Interpolated estimate \u2014 NOT a direct measurement",
        "data_provenance": "INFERRED"
      }
    },
    {
      "type": "Feature",
      "geometry": {
        "type": "Point",
        "coordinates": [
          72.73353938909952,
          16.045293767740947
        ]
      },
      "properties": {
        "layer": "interpolated_heatmap",
        "value": 0.4462,
        "label": "Interpolated anomaly intensity",
        "disclaimer": "Interpolated estimate \u2014 NOT a direct measurement",
        "data_provenance": "INFERRED"
      }
    },
    {
      "type": "Feature",
      "geometry": {
        "type": "Point",
        "coordinates": [
          72.73353938909952,
          16.17168455374411
        ]
      },
      "properties": {
        "layer": "interpolated_heatmap",
        "value": 0.4481,
        "label": "Interpolated anomaly intensity",
        "disclaimer": "Interpolated estimate \u2014 NOT a direct measurement",
        "data_provenance": "INFERRED"
      }
    },
    {
      "type": "Feature",
      "geometry": {
        "type": "Point",
        "coordinates": [
          72.73353938909952,
          16.298075339747275
        ]
      },
      "properties": {
        "layer": "interpolated_heatmap",
        "value": 0.4505,
        "label": "Interpolated anomaly intensity",
        "disclaimer": "Interpolated estimate \u2014 NOT a direct measurement",
        "data_provenance": "INFERRED"
      }
    },
    {
      "type": "Feature",
      "geometry": {
        "type": "Point",
        "coordinates": [
          72.73353938909952,
          16.42446612575044
        ]
      },
      "properties": {
        "layer": "interpolated_heatmap",
        "value": 0.4535,
        "label": "Interpolated anomaly intensity",
        "disclaimer": "Interpolated estimate \u2014 NOT a direct measurement",
        "data_provenance": "INFERRED"
      }
    },
    {
      "type": "Feature",
      "geometry": {
        "type": "Point",
        "coordinates": [
          72.73353938909952,
          16.550856911753602
        ]
      },
      "properties": {
        "layer": "interpolated_heatmap",
        "value": 0.4572,
        "label": "Interpolated anomaly intensity",
        "disclaimer": "Interpolated estimate \u2014 NOT a direct measurement",
        "data_provenance": "INFERRED"
      }
    },
    {
      "type": "Feature",
      "geometry": {
        "type": "Point",
        "coordinates": [
          72.73353938909952,
          16.677247697756766
        ]
      },
      "properties": {
        "layer": "interpolated_heatmap",
        "value": 0.4619,
        "label": "Interpolated anomaly intensity",
        "disclaimer": "Interpolated estimate \u2014 NOT a direct measurement",
        "data_provenance": "INFERRED"
      }
    },
    {
      "type": "Feature",
      "geometry": {
        "type": "Point",
        "coordinates": [
          72.73353938909952,
          16.803638483759926
        ]
      },
      "properties": {
        "layer": "interpolated_heatmap",
        "value": 0.4678,
        "label": "Interpolated anomaly intensity",
        "disclaimer": "Interpolated estimate \u2014 NOT a direct measurement",
        "data_provenance": "INFERRED"
      }
    },
    {
      "type": "Feature",
      "geometry": {
        "type": "Point",
        "coordinates": [
          72.73353938909952,
          16.93002926976309
        ]
      },
      "properties": {
        "layer": "interpolated_heatmap",
        "value": 0.4753,
        "label": "Interpolated anomaly intensity",
        "disclaimer": "Interpolated estimate \u2014 NOT a direct measurement",
        "data_provenance": "INFERRED"
      }
    },
    {
      "type": "Feature",
      "geometry": {
        "type": "Point",
        "coordinates": [
          72.73353938909952,
          17.056420055766253
        ]
      },
      "properties": {
        "layer": "interpolated_heatmap",
        "value": 0.4846,
        "label": "Interpolated anomaly intensity",
        "disclaimer": "Interpolated estimate \u2014 NOT a direct measurement",
        "data_provenance": "INFERRED"
      }
    },
    {
      "type": "Feature",
      "geometry": {
        "type": "Point",
        "coordinates": [
          72.73353938909952,
          17.182810841769417
        ]
      },
      "properties": {
        "layer": "interpolated_heatmap",
        "value": 0.4965,
        "label": "Interpolated anomaly intensity",
        "disclaimer": "Interpolated estimate \u2014 NOT a direct measurement",
        "data_provenance": "INFERRED"
      }
    },
    {
      "type": "Feature",
      "geometry": {
        "type": "Point",
        "coordinates": [
          72.73353938909952,
          17.30920162777258
        ]
      },
      "properties": {
        "layer": "interpolated_heatmap",
        "value": 0.5114,
        "label": "Interpolated anomaly intensity",
        "disclaimer": "Interpolated estimate \u2014 NOT a direct measurement",
        "data_provenance": "INFERRED"
      }
    },
    {
      "type": "Feature",
      "geometry": {
        "type": "Point",
        "coordinates": [
          72.73353938909952,
          17.435592413775744
        ]
      },
      "properties": {
        "layer": "interpolated_heatmap",
        "value": 0.53,
        "label": "Interpolated anomaly intensity",
        "disclaimer": "Interpolated estimate \u2014 NOT a direct measurement",
        "data_provenance": "INFERRED"
      }
    },
    {
      "type": "Feature",
      "geometry": {
        "type": "Point",
        "coordinates": [
          72.73353938909952,
          17.561983199778908
        ]
      },
      "properties": {
        "layer": "interpolated_heatmap",
        "value": 0.5529,
        "label": "Interpolated anomaly intensity",
        "disclaimer": "Interpolated estimate \u2014 NOT a direct measurement",
        "data_provenance": "INFERRED"
      }
    },
    {
      "type": "Feature",
      "geometry": {
        "type": "Point",
        "coordinates": [
          72.73353938909952,
          17.68837398578207
        ]
      },
      "properties": {
        "layer": "interpolated_heatmap",
        "value": 0.5804,
        "label": "Interpolated anomaly intensity",
        "disclaimer": "Interpolated estimate \u2014 NOT a direct measurement",
        "data_provenance": "INFERRED"
      }
    },
    {
      "type": "Feature",
      "geometry": {
        "type": "Point",
        "coordinates": [
          72.73353938909952,
          17.814764771785235
        ]
      },
      "properties": {
        "layer": "interpolated_heatmap",
        "value": 0.6123,
        "label": "Interpolated anomaly intensity",
        "disclaimer": "Interpolated estimate \u2014 NOT a direct measurement",
        "data_provenance": "INFERRED"
      }
    },
    {
      "type": "Feature",
      "geometry": {
        "type": "Point",
        "coordinates": [
          72.73353938909952,
          17.941155557788395
        ]
      },
      "properties": {
        "layer": "interpolated_heatmap",
        "value": 0.6472,
        "label": "Interpolated anomaly intensity",
        "disclaimer": "Interpolated estimate \u2014 NOT a direct measurement",
        "data_provenance": "INFERRED"
      }
    },
    {
      "type": "Feature",
      "geometry": {
        "type": "Point",
        "coordinates": [
          72.73353938909952,
          18.06754634379156
        ]
      },
      "properties": {
        "layer": "interpolated_heatmap",
        "value": 0.6822,
        "label": "Interpolated anomaly intensity",
        "disclaimer": "Interpolated estimate \u2014 NOT a direct measurement",
        "data_provenance": "INFERRED"
      }
    },
    {
      "type": "Feature",
      "geometry": {
        "type": "Point",
        "coordinates": [
          72.73353938909952,
          18.193937129794723
        ]
      },
      "properties": {
        "layer": "interpolated_heatmap",
        "value": 0.7131,
        "label": "Interpolated anomaly intensity",
        "disclaimer": "Interpolated estimate \u2014 NOT a direct measurement",
        "data_provenance": "INFERRED"
      }
    },
    {
      "type": "Feature",
      "geometry": {
        "type": "Point",
        "coordinates": [
          72.73353938909952,
          18.320327915797886
        ]
      },
      "properties": {
        "layer": "interpolated_heatmap",
        "value": 0.7356,
        "label": "Interpolated anomaly intensity",
        "disclaimer": "Interpolated estimate \u2014 NOT a direct measurement",
        "data_provenance": "INFERRED"
      }
    },
    {
      "type": "Feature",
      "geometry": {
        "type": "Point",
        "coordinates": [
          72.73353938909952,
          18.44671870180105
        ]
      },
      "properties": {
        "layer": "interpolated_heatmap",
        "value": 0.7468,
        "label": "Interpolated anomaly intensity",
        "disclaimer": "Interpolated estimate \u2014 NOT a direct measurement",
        "data_provenance": "INFERRED"
      }
    },
    {
      "type": "Feature",
      "geometry": {
        "type": "Point",
        "coordinates": [
          72.73353938909952,
          18.573109487804214
        ]
      },
      "properties": {
        "layer": "interpolated_heatmap",
        "value": 0.7461,
        "label": "Interpolated anomaly intensity",
        "disclaimer": "Interpolated estimate \u2014 NOT a direct measurement",
        "data_provenance": "INFERRED"
      }
    },
    {
      "type": "Feature",
      "geometry": {
        "type": "Point",
        "coordinates": [
          72.73353938909952,
          18.699500273807374
        ]
      },
      "properties": {
        "layer": "interpolated_heatmap",
        "value": 0.7358,
        "label": "Interpolated anomaly intensity",
        "disclaimer": "Interpolated estimate \u2014 NOT a direct measurement",
        "data_provenance": "INFERRED"
      }
    },
    {
      "type": "Feature",
      "geometry": {
        "type": "Point",
        "coordinates": [
          72.73353938909952,
          18.825891059810537
        ]
      },
      "properties": {
        "layer": "interpolated_heatmap",
        "value": 0.7191,
        "label": "Interpolated anomaly intensity",
        "disclaimer": "Interpolated estimate \u2014 NOT a direct measurement",
        "data_provenance": "INFERRED"
      }
    },
    {
      "type": "Feature",
      "geometry": {
        "type": "Point",
        "coordinates": [
          72.73353938909952,
          18.9522818458137
        ]
      },
      "properties": {
        "layer": "interpolated_heatmap",
        "value": 0.6993,
        "label": "Interpolated anomaly intensity",
        "disclaimer": "Interpolated estimate \u2014 NOT a direct measurement",
        "data_provenance": "INFERRED"
      }
    },
    {
      "type": "Feature",
      "geometry": {
        "type": "Point",
        "coordinates": [
          72.73353938909952,
          19.078672631816865
        ]
      },
      "properties": {
        "layer": "interpolated_heatmap",
        "value": 0.6786,
        "label": "Interpolated anomaly intensity",
        "disclaimer": "Interpolated estimate \u2014 NOT a direct measurement",
        "data_provenance": "INFERRED"
      }
    },
    {
      "type": "Feature",
      "geometry": {
        "type": "Point",
        "coordinates": [
          72.73353938909952,
          19.20506341782003
        ]
      },
      "properties": {
        "layer": "interpolated_heatmap",
        "value": 0.6586,
        "label": "Interpolated anomaly intensity",
        "disclaimer": "Interpolated estimate \u2014 NOT a direct measurement",
        "data_provenance": "INFERRED"
      }
    },
    {
      "type": "Feature",
      "geometry": {
        "type": "Point",
        "coordinates": [
          72.77711814772235,
          14.275822763696663
        ]
      },
      "properties": {
        "layer": "interpolated_heatmap",
        "value": 0.4397,
        "label": "Interpolated anomaly intensity",
        "disclaimer": "Interpolated estimate \u2014 NOT a direct measurement",
        "data_provenance": "INFERRED"
      }
    },
    {
      "type": "Feature",
      "geometry": {
        "type": "Point",
        "coordinates": [
          72.77711814772235,
          14.402213549699827
        ]
      },
      "properties": {
        "layer": "interpolated_heatmap",
        "value": 0.4397,
        "label": "Interpolated anomaly intensity",
        "disclaimer": "Interpolated estimate \u2014 NOT a direct measurement",
        "data_provenance": "INFERRED"
      }
    },
    {
      "type": "Feature",
      "geometry": {
        "type": "Point",
        "coordinates": [
          72.77711814772235,
          14.52860433570299
        ]
      },
      "properties": {
        "layer": "interpolated_heatmap",
        "value": 0.4396,
        "label": "Interpolated anomaly intensity",
        "disclaimer": "Interpolated estimate \u2014 NOT a direct measurement",
        "data_provenance": "INFERRED"
      }
    },
    {
      "type": "Feature",
      "geometry": {
        "type": "Point",
        "coordinates": [
          72.77711814772235,
          14.654995121706152
        ]
      },
      "properties": {
        "layer": "interpolated_heatmap",
        "value": 0.4397,
        "label": "Interpolated anomaly intensity",
        "disclaimer": "Interpolated estimate \u2014 NOT a direct measurement",
        "data_provenance": "INFERRED"
      }
    },
    {
      "type": "Feature",
      "geometry": {
        "type": "Point",
        "coordinates": [
          72.77711814772235,
          14.781385907709316
        ]
      },
      "properties": {
        "layer": "interpolated_heatmap",
        "value": 0.4397,
        "label": "Interpolated anomaly intensity",
        "disclaimer": "Interpolated estimate \u2014 NOT a direct measurement",
        "data_provenance": "INFERRED"
      }
    },
    {
      "type": "Feature",
      "geometry": {
        "type": "Point",
        "coordinates": [
          72.77711814772235,
          14.90777669371248
        ]
      },
      "properties": {
        "layer": "interpolated_heatmap",
        "value": 0.4398,
        "label": "Interpolated anomaly intensity",
        "disclaimer": "Interpolated estimate \u2014 NOT a direct measurement",
        "data_provenance": "INFERRED"
      }
    },
    {
      "type": "Feature",
      "geometry": {
        "type": "Point",
        "coordinates": [
          72.77711814772235,
          15.034167479715641
        ]
      },
      "properties": {
        "layer": "interpolated_heatmap",
        "value": 0.44,
        "label": "Interpolated anomaly intensity",
        "disclaimer": "Interpolated estimate \u2014 NOT a direct measurement",
        "data_provenance": "INFERRED"
      }
    },
    {
      "type": "Feature",
      "geometry": {
        "type": "Point",
        "coordinates": [
          72.77711814772235,
          15.160558265718805
        ]
      },
      "properties": {
        "layer": "interpolated_heatmap",
        "value": 0.4402,
        "label": "Interpolated anomaly intensity",
        "disclaimer": "Interpolated estimate \u2014 NOT a direct measurement",
        "data_provenance": "INFERRED"
      }
    },
    {
      "type": "Feature",
      "geometry": {
        "type": "Point",
        "coordinates": [
          72.77711814772235,
          15.286949051721969
        ]
      },
      "properties": {
        "layer": "interpolated_heatmap",
        "value": 0.4405,
        "label": "Interpolated anomaly intensity",
        "disclaimer": "Interpolated estimate \u2014 NOT a direct measurement",
        "data_provenance": "INFERRED"
      }
    },
    {
      "type": "Feature",
      "geometry": {
        "type": "Point",
        "coordinates": [
          72.77711814772235,
          15.413339837725132
        ]
      },
      "properties": {
        "layer": "interpolated_heatmap",
        "value": 0.441,
        "label": "Interpolated anomaly intensity",
        "disclaimer": "Interpolated estimate \u2014 NOT a direct measurement",
        "data_provenance": "INFERRED"
      }
    },
    {
      "type": "Feature",
      "geometry": {
        "type": "Point",
        "coordinates": [
          72.77711814772235,
          15.539730623728296
        ]
      },
      "properties": {
        "layer": "interpolated_heatmap",
        "value": 0.4416,
        "label": "Interpolated anomaly intensity",
        "disclaimer": "Interpolated estimate \u2014 NOT a direct measurement",
        "data_provenance": "INFERRED"
      }
    },
    {
      "type": "Feature",
      "geometry": {
        "type": "Point",
        "coordinates": [
          72.77711814772235,
          15.666121409731458
        ]
      },
      "properties": {
        "layer": "interpolated_heatmap",
        "value": 0.4423,
        "label": "Interpolated anomaly intensity",
        "disclaimer": "Interpolated estimate \u2014 NOT a direct measurement",
        "data_provenance": "INFERRED"
      }
    },
    {
      "type": "Feature",
      "geometry": {
        "type": "Point",
        "coordinates": [
          72.77711814772235,
          15.792512195734622
        ]
      },
      "properties": {
        "layer": "interpolated_heatmap",
        "value": 0.4432,
        "label": "Interpolated anomaly intensity",
        "disclaimer": "Interpolated estimate \u2014 NOT a direct measurement",
        "data_provenance": "INFERRED"
      }
    },
    {
      "type": "Feature",
      "geometry": {
        "type": "Point",
        "coordinates": [
          72.77711814772235,
          15.918902981737785
        ]
      },
      "properties": {
        "layer": "interpolated_heatmap",
        "value": 0.4444,
        "label": "Interpolated anomaly intensity",
        "disclaimer": "Interpolated estimate \u2014 NOT a direct measurement",
        "data_provenance": "INFERRED"
      }
    },
    {
      "type": "Feature",
      "geometry": {
        "type": "Point",
        "coordinates": [
          72.77711814772235,
          16.045293767740947
        ]
      },
      "properties": {
        "layer": "interpolated_heatmap",
        "value": 0.4459,
        "label": "Interpolated anomaly intensity",
        "disclaimer": "Interpolated estimate \u2014 NOT a direct measurement",
        "data_provenance": "INFERRED"
      }
    },
    {
      "type": "Feature",
      "geometry": {
        "type": "Point",
        "coordinates": [
          72.77711814772235,
          16.17168455374411
        ]
      },
      "properties": {
        "layer": "interpolated_heatmap",
        "value": 0.4478,
        "label": "Interpolated anomaly intensity",
        "disclaimer": "Interpolated estimate \u2014 NOT a direct measurement",
        "data_provenance": "INFERRED"
      }
    },
    {
      "type": "Feature",
      "geometry": {
        "type": "Point",
        "coordinates": [
          72.77711814772235,
          16.298075339747275
        ]
      },
      "properties": {
        "layer": "interpolated_heatmap",
        "value": 0.4501,
        "label": "Interpolated anomaly intensity",
        "disclaimer": "Interpolated estimate \u2014 NOT a direct measurement",
        "data_provenance": "INFERRED"
      }
    },
    {
      "type": "Feature",
      "geometry": {
        "type": "Point",
        "coordinates": [
          72.77711814772235,
          16.42446612575044
        ]
      },
      "properties": {
        "layer": "interpolated_heatmap",
        "value": 0.453,
        "label": "Interpolated anomaly intensity",
        "disclaimer": "Interpolated estimate \u2014 NOT a direct measurement",
        "data_provenance": "INFERRED"
      }
    },
    {
      "type": "Feature",
      "geometry": {
        "type": "Point",
        "coordinates": [
          72.77711814772235,
          16.550856911753602
        ]
      },
      "properties": {
        "layer": "interpolated_heatmap",
        "value": 0.4567,
        "label": "Interpolated anomaly intensity",
        "disclaimer": "Interpolated estimate \u2014 NOT a direct measurement",
        "data_provenance": "INFERRED"
      }
    },
    {
      "type": "Feature",
      "geometry": {
        "type": "Point",
        "coordinates": [
          72.77711814772235,
          16.677247697756766
        ]
      },
      "properties": {
        "layer": "interpolated_heatmap",
        "value": 0.4614,
        "label": "Interpolated anomaly intensity",
        "disclaimer": "Interpolated estimate \u2014 NOT a direct measurement",
        "data_provenance": "INFERRED"
      }
    },
    {
      "type": "Feature",
      "geometry": {
        "type": "Point",
        "coordinates": [
          72.77711814772235,
          16.803638483759926
        ]
      },
      "properties": {
        "layer": "interpolated_heatmap",
        "value": 0.4673,
        "label": "Interpolated anomaly intensity",
        "disclaimer": "Interpolated estimate \u2014 NOT a direct measurement",
        "data_provenance": "INFERRED"
      }
    },
    {
      "type": "Feature",
      "geometry": {
        "type": "Point",
        "coordinates": [
          72.77711814772235,
          16.93002926976309
        ]
      },
      "properties": {
        "layer": "interpolated_heatmap",
        "value": 0.4747,
        "label": "Interpolated anomaly intensity",
        "disclaimer": "Interpolated estimate \u2014 NOT a direct measurement",
        "data_provenance": "INFERRED"
      }
    },
    {
      "type": "Feature",
      "geometry": {
        "type": "Point",
        "coordinates": [
          72.77711814772235,
          17.056420055766253
        ]
      },
      "properties": {
        "layer": "interpolated_heatmap",
        "value": 0.484,
        "label": "Interpolated anomaly intensity",
        "disclaimer": "Interpolated estimate \u2014 NOT a direct measurement",
        "data_provenance": "INFERRED"
      }
    },
    {
      "type": "Feature",
      "geometry": {
        "type": "Point",
        "coordinates": [
          72.77711814772235,
          17.182810841769417
        ]
      },
      "properties": {
        "layer": "interpolated_heatmap",
        "value": 0.4958,
        "label": "Interpolated anomaly intensity",
        "disclaimer": "Interpolated estimate \u2014 NOT a direct measurement",
        "data_provenance": "INFERRED"
      }
    },
    {
      "type": "Feature",
      "geometry": {
        "type": "Point",
        "coordinates": [
          72.77711814772235,
          17.30920162777258
        ]
      },
      "properties": {
        "layer": "interpolated_heatmap",
        "value": 0.5107,
        "label": "Interpolated anomaly intensity",
        "disclaimer": "Interpolated estimate \u2014 NOT a direct measurement",
        "data_provenance": "INFERRED"
      }
    },
    {
      "type": "Feature",
      "geometry": {
        "type": "Point",
        "coordinates": [
          72.77711814772235,
          17.435592413775744
        ]
      },
      "properties": {
        "layer": "interpolated_heatmap",
        "value": 0.5293,
        "label": "Interpolated anomaly intensity",
        "disclaimer": "Interpolated estimate \u2014 NOT a direct measurement",
        "data_provenance": "INFERRED"
      }
    },
    {
      "type": "Feature",
      "geometry": {
        "type": "Point",
        "coordinates": [
          72.77711814772235,
          17.561983199778908
        ]
      },
      "properties": {
        "layer": "interpolated_heatmap",
        "value": 0.5523,
        "label": "Interpolated anomaly intensity",
        "disclaimer": "Interpolated estimate \u2014 NOT a direct measurement",
        "data_provenance": "INFERRED"
      }
    },
    {
      "type": "Feature",
      "geometry": {
        "type": "Point",
        "coordinates": [
          72.77711814772235,
          17.68837398578207
        ]
      },
      "properties": {
        "layer": "interpolated_heatmap",
        "value": 0.58,
        "label": "Interpolated anomaly intensity",
        "disclaimer": "Interpolated estimate \u2014 NOT a direct measurement",
        "data_provenance": "INFERRED"
      }
    },
    {
      "type": "Feature",
      "geometry": {
        "type": "Point",
        "coordinates": [
          72.77711814772235,
          17.814764771785235
        ]
      },
      "properties": {
        "layer": "interpolated_heatmap",
        "value": 0.6122,
        "label": "Interpolated anomaly intensity",
        "disclaimer": "Interpolated estimate \u2014 NOT a direct measurement",
        "data_provenance": "INFERRED"
      }
    },
    {
      "type": "Feature",
      "geometry": {
        "type": "Point",
        "coordinates": [
          72.77711814772235,
          17.941155557788395
        ]
      },
      "properties": {
        "layer": "interpolated_heatmap",
        "value": 0.6475,
        "label": "Interpolated anomaly intensity",
        "disclaimer": "Interpolated estimate \u2014 NOT a direct measurement",
        "data_provenance": "INFERRED"
      }
    },
    {
      "type": "Feature",
      "geometry": {
        "type": "Point",
        "coordinates": [
          72.77711814772235,
          18.06754634379156
        ]
      },
      "properties": {
        "layer": "interpolated_heatmap",
        "value": 0.683,
        "label": "Interpolated anomaly intensity",
        "disclaimer": "Interpolated estimate \u2014 NOT a direct measurement",
        "data_provenance": "INFERRED"
      }
    },
    {
      "type": "Feature",
      "geometry": {
        "type": "Point",
        "coordinates": [
          72.77711814772235,
          18.193937129794723
        ]
      },
      "properties": {
        "layer": "interpolated_heatmap",
        "value": 0.7145,
        "label": "Interpolated anomaly intensity",
        "disclaimer": "Interpolated estimate \u2014 NOT a direct measurement",
        "data_provenance": "INFERRED"
      }
    },
    {
      "type": "Feature",
      "geometry": {
        "type": "Point",
        "coordinates": [
          72.77711814772235,
          18.320327915797886
        ]
      },
      "properties": {
        "layer": "interpolated_heatmap",
        "value": 0.7373,
        "label": "Interpolated anomaly intensity",
        "disclaimer": "Interpolated estimate \u2014 NOT a direct measurement",
        "data_provenance": "INFERRED"
      }
    },
    {
      "type": "Feature",
      "geometry": {
        "type": "Point",
        "coordinates": [
          72.77711814772235,
          18.44671870180105
        ]
      },
      "properties": {
        "layer": "interpolated_heatmap",
        "value": 0.7485,
        "label": "Interpolated anomaly intensity",
        "disclaimer": "Interpolated estimate \u2014 NOT a direct measurement",
        "data_provenance": "INFERRED"
      }
    },
    {
      "type": "Feature",
      "geometry": {
        "type": "Point",
        "coordinates": [
          72.77711814772235,
          18.573109487804214
        ]
      },
      "properties": {
        "layer": "interpolated_heatmap",
        "value": 0.7477,
        "label": "Interpolated anomaly intensity",
        "disclaimer": "Interpolated estimate \u2014 NOT a direct measurement",
        "data_provenance": "INFERRED"
      }
    },
    {
      "type": "Feature",
      "geometry": {
        "type": "Point",
        "coordinates": [
          72.77711814772235,
          18.699500273807374
        ]
      },
      "properties": {
        "layer": "interpolated_heatmap",
        "value": 0.7372,
        "label": "Interpolated anomaly intensity",
        "disclaimer": "Interpolated estimate \u2014 NOT a direct measurement",
        "data_provenance": "INFERRED"
      }
    },
    {
      "type": "Feature",
      "geometry": {
        "type": "Point",
        "coordinates": [
          72.77711814772235,
          18.825891059810537
        ]
      },
      "properties": {
        "layer": "interpolated_heatmap",
        "value": 0.7202,
        "label": "Interpolated anomaly intensity",
        "disclaimer": "Interpolated estimate \u2014 NOT a direct measurement",
        "data_provenance": "INFERRED"
      }
    },
    {
      "type": "Feature",
      "geometry": {
        "type": "Point",
        "coordinates": [
          72.77711814772235,
          18.9522818458137
        ]
      },
      "properties": {
        "layer": "interpolated_heatmap",
        "value": 0.7,
        "label": "Interpolated anomaly intensity",
        "disclaimer": "Interpolated estimate \u2014 NOT a direct measurement",
        "data_provenance": "INFERRED"
      }
    },
    {
      "type": "Feature",
      "geometry": {
        "type": "Point",
        "coordinates": [
          72.77711814772235,
          19.078672631816865
        ]
      },
      "properties": {
        "layer": "interpolated_heatmap",
        "value": 0.6791,
        "label": "Interpolated anomaly intensity",
        "disclaimer": "Interpolated estimate \u2014 NOT a direct measurement",
        "data_provenance": "INFERRED"
      }
    },
    {
      "type": "Feature",
      "geometry": {
        "type": "Point",
        "coordinates": [
          72.77711814772235,
          19.20506341782003
        ]
      },
      "properties": {
        "layer": "interpolated_heatmap",
        "value": 0.6589,
        "label": "Interpolated anomaly intensity",
        "disclaimer": "Interpolated estimate \u2014 NOT a direct measurement",
        "data_provenance": "INFERRED"
      }
    },
    {
      "type": "Feature",
      "geometry": {
        "type": "Point",
        "coordinates": [
          72.82069690634518,
          14.275822763696663
        ]
      },
      "properties": {
        "layer": "interpolated_heatmap",
        "value": 0.4396,
        "label": "Interpolated anomaly intensity",
        "disclaimer": "Interpolated estimate \u2014 NOT a direct measurement",
        "data_provenance": "INFERRED"
      }
    },
    {
      "type": "Feature",
      "geometry": {
        "type": "Point",
        "coordinates": [
          72.82069690634518,
          14.402213549699827
        ]
      },
      "properties": {
        "layer": "interpolated_heatmap",
        "value": 0.4395,
        "label": "Interpolated anomaly intensity",
        "disclaimer": "Interpolated estimate \u2014 NOT a direct measurement",
        "data_provenance": "INFERRED"
      }
    },
    {
      "type": "Feature",
      "geometry": {
        "type": "Point",
        "coordinates": [
          72.82069690634518,
          14.52860433570299
        ]
      },
      "properties": {
        "layer": "interpolated_heatmap",
        "value": 0.4395,
        "label": "Interpolated anomaly intensity",
        "disclaimer": "Interpolated estimate \u2014 NOT a direct measurement",
        "data_provenance": "INFERRED"
      }
    },
    {
      "type": "Feature",
      "geometry": {
        "type": "Point",
        "coordinates": [
          72.82069690634518,
          14.654995121706152
        ]
      },
      "properties": {
        "layer": "interpolated_heatmap",
        "value": 0.4395,
        "label": "Interpolated anomaly intensity",
        "disclaimer": "Interpolated estimate \u2014 NOT a direct measurement",
        "data_provenance": "INFERRED"
      }
    },
    {
      "type": "Feature",
      "geometry": {
        "type": "Point",
        "coordinates": [
          72.82069690634518,
          14.781385907709316
        ]
      },
      "properties": {
        "layer": "interpolated_heatmap",
        "value": 0.4396,
        "label": "Interpolated anomaly intensity",
        "disclaimer": "Interpolated estimate \u2014 NOT a direct measurement",
        "data_provenance": "INFERRED"
      }
    },
    {
      "type": "Feature",
      "geometry": {
        "type": "Point",
        "coordinates": [
          72.82069690634518,
          14.90777669371248
        ]
      },
      "properties": {
        "layer": "interpolated_heatmap",
        "value": 0.4397,
        "label": "Interpolated anomaly intensity",
        "disclaimer": "Interpolated estimate \u2014 NOT a direct measurement",
        "data_provenance": "INFERRED"
      }
    },
    {
      "type": "Feature",
      "geometry": {
        "type": "Point",
        "coordinates": [
          72.82069690634518,
          15.034167479715641
        ]
      },
      "properties": {
        "layer": "interpolated_heatmap",
        "value": 0.4398,
        "label": "Interpolated anomaly intensity",
        "disclaimer": "Interpolated estimate \u2014 NOT a direct measurement",
        "data_provenance": "INFERRED"
      }
    },
    {
      "type": "Feature",
      "geometry": {
        "type": "Point",
        "coordinates": [
          72.82069690634518,
          15.160558265718805
        ]
      },
      "properties": {
        "layer": "interpolated_heatmap",
        "value": 0.44,
        "label": "Interpolated anomaly intensity",
        "disclaimer": "Interpolated estimate \u2014 NOT a direct measurement",
        "data_provenance": "INFERRED"
      }
    },
    {
      "type": "Feature",
      "geometry": {
        "type": "Point",
        "coordinates": [
          72.82069690634518,
          15.286949051721969
        ]
      },
      "properties": {
        "layer": "interpolated_heatmap",
        "value": 0.4404,
        "label": "Interpolated anomaly intensity",
        "disclaimer": "Interpolated estimate \u2014 NOT a direct measurement",
        "data_provenance": "INFERRED"
      }
    },
    {
      "type": "Feature",
      "geometry": {
        "type": "Point",
        "coordinates": [
          72.82069690634518,
          15.413339837725132
        ]
      },
      "properties": {
        "layer": "interpolated_heatmap",
        "value": 0.4408,
        "label": "Interpolated anomaly intensity",
        "disclaimer": "Interpolated estimate \u2014 NOT a direct measurement",
        "data_provenance": "INFERRED"
      }
    },
    {
      "type": "Feature",
      "geometry": {
        "type": "Point",
        "coordinates": [
          72.82069690634518,
          15.539730623728296
        ]
      },
      "properties": {
        "layer": "interpolated_heatmap",
        "value": 0.4413,
        "label": "Interpolated anomaly intensity",
        "disclaimer": "Interpolated estimate \u2014 NOT a direct measurement",
        "data_provenance": "INFERRED"
      }
    },
    {
      "type": "Feature",
      "geometry": {
        "type": "Point",
        "coordinates": [
          72.82069690634518,
          15.666121409731458
        ]
      },
      "properties": {
        "layer": "interpolated_heatmap",
        "value": 0.442,
        "label": "Interpolated anomaly intensity",
        "disclaimer": "Interpolated estimate \u2014 NOT a direct measurement",
        "data_provenance": "INFERRED"
      }
    },
    {
      "type": "Feature",
      "geometry": {
        "type": "Point",
        "coordinates": [
          72.82069690634518,
          15.792512195734622
        ]
      },
      "properties": {
        "layer": "interpolated_heatmap",
        "value": 0.4429,
        "label": "Interpolated anomaly intensity",
        "disclaimer": "Interpolated estimate \u2014 NOT a direct measurement",
        "data_provenance": "INFERRED"
      }
    },
    {
      "type": "Feature",
      "geometry": {
        "type": "Point",
        "coordinates": [
          72.82069690634518,
          15.918902981737785
        ]
      },
      "properties": {
        "layer": "interpolated_heatmap",
        "value": 0.4441,
        "label": "Interpolated anomaly intensity",
        "disclaimer": "Interpolated estimate \u2014 NOT a direct measurement",
        "data_provenance": "INFERRED"
      }
    },
    {
      "type": "Feature",
      "geometry": {
        "type": "Point",
        "coordinates": [
          72.82069690634518,
          16.045293767740947
        ]
      },
      "properties": {
        "layer": "interpolated_heatmap",
        "value": 0.4456,
        "label": "Interpolated anomaly intensity",
        "disclaimer": "Interpolated estimate \u2014 NOT a direct measurement",
        "data_provenance": "INFERRED"
      }
    },
    {
      "type": "Feature",
      "geometry": {
        "type": "Point",
        "coordinates": [
          72.82069690634518,
          16.17168455374411
        ]
      },
      "properties": {
        "layer": "interpolated_heatmap",
        "value": 0.4474,
        "label": "Interpolated anomaly intensity",
        "disclaimer": "Interpolated estimate \u2014 NOT a direct measurement",
        "data_provenance": "INFERRED"
      }
    },
    {
      "type": "Feature",
      "geometry": {
        "type": "Point",
        "coordinates": [
          72.82069690634518,
          16.298075339747275
        ]
      },
      "properties": {
        "layer": "interpolated_heatmap",
        "value": 0.4497,
        "label": "Interpolated anomaly intensity",
        "disclaimer": "Interpolated estimate \u2014 NOT a direct measurement",
        "data_provenance": "INFERRED"
      }
    },
    {
      "type": "Feature",
      "geometry": {
        "type": "Point",
        "coordinates": [
          72.82069690634518,
          16.42446612575044
        ]
      },
      "properties": {
        "layer": "interpolated_heatmap",
        "value": 0.4526,
        "label": "Interpolated anomaly intensity",
        "disclaimer": "Interpolated estimate \u2014 NOT a direct measurement",
        "data_provenance": "INFERRED"
      }
    },
    {
      "type": "Feature",
      "geometry": {
        "type": "Point",
        "coordinates": [
          72.82069690634518,
          16.550856911753602
        ]
      },
      "properties": {
        "layer": "interpolated_heatmap",
        "value": 0.4563,
        "label": "Interpolated anomaly intensity",
        "disclaimer": "Interpolated estimate \u2014 NOT a direct measurement",
        "data_provenance": "INFERRED"
      }
    },
    {
      "type": "Feature",
      "geometry": {
        "type": "Point",
        "coordinates": [
          72.82069690634518,
          16.677247697756766
        ]
      },
      "properties": {
        "layer": "interpolated_heatmap",
        "value": 0.4609,
        "label": "Interpolated anomaly intensity",
        "disclaimer": "Interpolated estimate \u2014 NOT a direct measurement",
        "data_provenance": "INFERRED"
      }
    },
    {
      "type": "Feature",
      "geometry": {
        "type": "Point",
        "coordinates": [
          72.82069690634518,
          16.803638483759926
        ]
      },
      "properties": {
        "layer": "interpolated_heatmap",
        "value": 0.4667,
        "label": "Interpolated anomaly intensity",
        "disclaimer": "Interpolated estimate \u2014 NOT a direct measurement",
        "data_provenance": "INFERRED"
      }
    },
    {
      "type": "Feature",
      "geometry": {
        "type": "Point",
        "coordinates": [
          72.82069690634518,
          16.93002926976309
        ]
      },
      "properties": {
        "layer": "interpolated_heatmap",
        "value": 0.474,
        "label": "Interpolated anomaly intensity",
        "disclaimer": "Interpolated estimate \u2014 NOT a direct measurement",
        "data_provenance": "INFERRED"
      }
    },
    {
      "type": "Feature",
      "geometry": {
        "type": "Point",
        "coordinates": [
          72.82069690634518,
          17.056420055766253
        ]
      },
      "properties": {
        "layer": "interpolated_heatmap",
        "value": 0.4833,
        "label": "Interpolated anomaly intensity",
        "disclaimer": "Interpolated estimate \u2014 NOT a direct measurement",
        "data_provenance": "INFERRED"
      }
    },
    {
      "type": "Feature",
      "geometry": {
        "type": "Point",
        "coordinates": [
          72.82069690634518,
          17.182810841769417
        ]
      },
      "properties": {
        "layer": "interpolated_heatmap",
        "value": 0.4951,
        "label": "Interpolated anomaly intensity",
        "disclaimer": "Interpolated estimate \u2014 NOT a direct measurement",
        "data_provenance": "INFERRED"
      }
    },
    {
      "type": "Feature",
      "geometry": {
        "type": "Point",
        "coordinates": [
          72.82069690634518,
          17.30920162777258
        ]
      },
      "properties": {
        "layer": "interpolated_heatmap",
        "value": 0.5099,
        "label": "Interpolated anomaly intensity",
        "disclaimer": "Interpolated estimate \u2014 NOT a direct measurement",
        "data_provenance": "INFERRED"
      }
    },
    {
      "type": "Feature",
      "geometry": {
        "type": "Point",
        "coordinates": [
          72.82069690634518,
          17.435592413775744
        ]
      },
      "properties": {
        "layer": "interpolated_heatmap",
        "value": 0.5285,
        "label": "Interpolated anomaly intensity",
        "disclaimer": "Interpolated estimate \u2014 NOT a direct measurement",
        "data_provenance": "INFERRED"
      }
    },
    {
      "type": "Feature",
      "geometry": {
        "type": "Point",
        "coordinates": [
          72.82069690634518,
          17.561983199778908
        ]
      },
      "properties": {
        "layer": "interpolated_heatmap",
        "value": 0.5514,
        "label": "Interpolated anomaly intensity",
        "disclaimer": "Interpolated estimate \u2014 NOT a direct measurement",
        "data_provenance": "INFERRED"
      }
    },
    {
      "type": "Feature",
      "geometry": {
        "type": "Point",
        "coordinates": [
          72.82069690634518,
          17.68837398578207
        ]
      },
      "properties": {
        "layer": "interpolated_heatmap",
        "value": 0.5792,
        "label": "Interpolated anomaly intensity",
        "disclaimer": "Interpolated estimate \u2014 NOT a direct measurement",
        "data_provenance": "INFERRED"
      }
    },
    {
      "type": "Feature",
      "geometry": {
        "type": "Point",
        "coordinates": [
          72.82069690634518,
          17.814764771785235
        ]
      },
      "properties": {
        "layer": "interpolated_heatmap",
        "value": 0.6116,
        "label": "Interpolated anomaly intensity",
        "disclaimer": "Interpolated estimate \u2014 NOT a direct measurement",
        "data_provenance": "INFERRED"
      }
    },
    {
      "type": "Feature",
      "geometry": {
        "type": "Point",
        "coordinates": [
          72.82069690634518,
          17.941155557788395
        ]
      },
      "properties": {
        "layer": "interpolated_heatmap",
        "value": 0.6471,
        "label": "Interpolated anomaly intensity",
        "disclaimer": "Interpolated estimate \u2014 NOT a direct measurement",
        "data_provenance": "INFERRED"
      }
    },
    {
      "type": "Feature",
      "geometry": {
        "type": "Point",
        "coordinates": [
          72.82069690634518,
          18.06754634379156
        ]
      },
      "properties": {
        "layer": "interpolated_heatmap",
        "value": 0.6829,
        "label": "Interpolated anomaly intensity",
        "disclaimer": "Interpolated estimate \u2014 NOT a direct measurement",
        "data_provenance": "INFERRED"
      }
    },
    {
      "type": "Feature",
      "geometry": {
        "type": "Point",
        "coordinates": [
          72.82069690634518,
          18.193937129794723
        ]
      },
      "properties": {
        "layer": "interpolated_heatmap",
        "value": 0.7146,
        "label": "Interpolated anomaly intensity",
        "disclaimer": "Interpolated estimate \u2014 NOT a direct measurement",
        "data_provenance": "INFERRED"
      }
    },
    {
      "type": "Feature",
      "geometry": {
        "type": "Point",
        "coordinates": [
          72.82069690634518,
          18.320327915797886
        ]
      },
      "properties": {
        "layer": "interpolated_heatmap",
        "value": 0.7376,
        "label": "Interpolated anomaly intensity",
        "disclaimer": "Interpolated estimate \u2014 NOT a direct measurement",
        "data_provenance": "INFERRED"
      }
    },
    {
      "type": "Feature",
      "geometry": {
        "type": "Point",
        "coordinates": [
          72.82069690634518,
          18.44671870180105
        ]
      },
      "properties": {
        "layer": "interpolated_heatmap",
        "value": 0.7489,
        "label": "Interpolated anomaly intensity",
        "disclaimer": "Interpolated estimate \u2014 NOT a direct measurement",
        "data_provenance": "INFERRED"
      }
    },
    {
      "type": "Feature",
      "geometry": {
        "type": "Point",
        "coordinates": [
          72.82069690634518,
          18.573109487804214
        ]
      },
      "properties": {
        "layer": "interpolated_heatmap",
        "value": 0.7481,
        "label": "Interpolated anomaly intensity",
        "disclaimer": "Interpolated estimate \u2014 NOT a direct measurement",
        "data_provenance": "INFERRED"
      }
    },
    {
      "type": "Feature",
      "geometry": {
        "type": "Point",
        "coordinates": [
          72.82069690634518,
          18.699500273807374
        ]
      },
      "properties": {
        "layer": "interpolated_heatmap",
        "value": 0.7374,
        "label": "Interpolated anomaly intensity",
        "disclaimer": "Interpolated estimate \u2014 NOT a direct measurement",
        "data_provenance": "INFERRED"
      }
    },
    {
      "type": "Feature",
      "geometry": {
        "type": "Point",
        "coordinates": [
          72.82069690634518,
          18.825891059810537
        ]
      },
      "properties": {
        "layer": "interpolated_heatmap",
        "value": 0.7203,
        "label": "Interpolated anomaly intensity",
        "disclaimer": "Interpolated estimate \u2014 NOT a direct measurement",
        "data_provenance": "INFERRED"
      }
    },
    {
      "type": "Feature",
      "geometry": {
        "type": "Point",
        "coordinates": [
          72.82069690634518,
          18.9522818458137
        ]
      },
      "properties": {
        "layer": "interpolated_heatmap",
        "value": 0.7,
        "label": "Interpolated anomaly intensity",
        "disclaimer": "Interpolated estimate \u2014 NOT a direct measurement",
        "data_provenance": "INFERRED"
      }
    },
    {
      "type": "Feature",
      "geometry": {
        "type": "Point",
        "coordinates": [
          72.82069690634518,
          19.078672631816865
        ]
      },
      "properties": {
        "layer": "interpolated_heatmap",
        "value": 0.6789,
        "label": "Interpolated anomaly intensity",
        "disclaimer": "Interpolated estimate \u2014 NOT a direct measurement",
        "data_provenance": "INFERRED"
      }
    },
    {
      "type": "Feature",
      "geometry": {
        "type": "Point",
        "coordinates": [
          72.82069690634518,
          19.20506341782003
        ]
      },
      "properties": {
        "layer": "interpolated_heatmap",
        "value": 0.6586,
        "label": "Interpolated anomaly intensity",
        "disclaimer": "Interpolated estimate \u2014 NOT a direct measurement",
        "data_provenance": "INFERRED"
      }
    },
    {
      "type": "Feature",
      "geometry": {
        "type": "Point",
        "coordinates": [
          72.86427566496802,
          14.275822763696663
        ]
      },
      "properties": {
        "layer": "interpolated_heatmap",
        "value": 0.4395,
        "label": "Interpolated anomaly intensity",
        "disclaimer": "Interpolated estimate \u2014 NOT a direct measurement",
        "data_provenance": "INFERRED"
      }
    },
    {
      "type": "Feature",
      "geometry": {
        "type": "Point",
        "coordinates": [
          72.86427566496802,
          14.402213549699827
        ]
      },
      "properties": {
        "layer": "interpolated_heatmap",
        "value": 0.4394,
        "label": "Interpolated anomaly intensity",
        "disclaimer": "Interpolated estimate \u2014 NOT a direct measurement",
        "data_provenance": "INFERRED"
      }
    },
    {
      "type": "Feature",
      "geometry": {
        "type": "Point",
        "coordinates": [
          72.86427566496802,
          14.52860433570299
        ]
      },
      "properties": {
        "layer": "interpolated_heatmap",
        "value": 0.4394,
        "label": "Interpolated anomaly intensity",
        "disclaimer": "Interpolated estimate \u2014 NOT a direct measurement",
        "data_provenance": "INFERRED"
      }
    },
    {
      "type": "Feature",
      "geometry": {
        "type": "Point",
        "coordinates": [
          72.86427566496802,
          14.654995121706152
        ]
      },
      "properties": {
        "layer": "interpolated_heatmap",
        "value": 0.4394,
        "label": "Interpolated anomaly intensity",
        "disclaimer": "Interpolated estimate \u2014 NOT a direct measurement",
        "data_provenance": "INFERRED"
      }
    },
    {
      "type": "Feature",
      "geometry": {
        "type": "Point",
        "coordinates": [
          72.86427566496802,
          14.781385907709316
        ]
      },
      "properties": {
        "layer": "interpolated_heatmap",
        "value": 0.4394,
        "label": "Interpolated anomaly intensity",
        "disclaimer": "Interpolated estimate \u2014 NOT a direct measurement",
        "data_provenance": "INFERRED"
      }
    },
    {
      "type": "Feature",
      "geometry": {
        "type": "Point",
        "coordinates": [
          72.86427566496802,
          14.90777669371248
        ]
      },
      "properties": {
        "layer": "interpolated_heatmap",
        "value": 0.4395,
        "label": "Interpolated anomaly intensity",
        "disclaimer": "Interpolated estimate \u2014 NOT a direct measurement",
        "data_provenance": "INFERRED"
      }
    },
    {
      "type": "Feature",
      "geometry": {
        "type": "Point",
        "coordinates": [
          72.86427566496802,
          15.034167479715641
        ]
      },
      "properties": {
        "layer": "interpolated_heatmap",
        "value": 0.4397,
        "label": "Interpolated anomaly intensity",
        "disclaimer": "Interpolated estimate \u2014 NOT a direct measurement",
        "data_provenance": "INFERRED"
      }
    },
    {
      "type": "Feature",
      "geometry": {
        "type": "Point",
        "coordinates": [
          72.86427566496802,
          15.160558265718805
        ]
      },
      "properties": {
        "layer": "interpolated_heatmap",
        "value": 0.4399,
        "label": "Interpolated anomaly intensity",
        "disclaimer": "Interpolated estimate \u2014 NOT a direct measurement",
        "data_provenance": "INFERRED"
      }
    },
    {
      "type": "Feature",
      "geometry": {
        "type": "Point",
        "coordinates": [
          72.86427566496802,
          15.286949051721969
        ]
      },
      "properties": {
        "layer": "interpolated_heatmap",
        "value": 0.4402,
        "label": "Interpolated anomaly intensity",
        "disclaimer": "Interpolated estimate \u2014 NOT a direct measurement",
        "data_provenance": "INFERRED"
      }
    },
    {
      "type": "Feature",
      "geometry": {
        "type": "Point",
        "coordinates": [
          72.86427566496802,
          15.413339837725132
        ]
      },
      "properties": {
        "layer": "interpolated_heatmap",
        "value": 0.4406,
        "label": "Interpolated anomaly intensity",
        "disclaimer": "Interpolated estimate \u2014 NOT a direct measurement",
        "data_provenance": "INFERRED"
      }
    },
    {
      "type": "Feature",
      "geometry": {
        "type": "Point",
        "coordinates": [
          72.86427566496802,
          15.539730623728296
        ]
      },
      "properties": {
        "layer": "interpolated_heatmap",
        "value": 0.4411,
        "label": "Interpolated anomaly intensity",
        "disclaimer": "Interpolated estimate \u2014 NOT a direct measurement",
        "data_provenance": "INFERRED"
      }
    },
    {
      "type": "Feature",
      "geometry": {
        "type": "Point",
        "coordinates": [
          72.86427566496802,
          15.666121409731458
        ]
      },
      "properties": {
        "layer": "interpolated_heatmap",
        "value": 0.4418,
        "label": "Interpolated anomaly intensity",
        "disclaimer": "Interpolated estimate \u2014 NOT a direct measurement",
        "data_provenance": "INFERRED"
      }
    },
    {
      "type": "Feature",
      "geometry": {
        "type": "Point",
        "coordinates": [
          72.86427566496802,
          15.792512195734622
        ]
      },
      "properties": {
        "layer": "interpolated_heatmap",
        "value": 0.4427,
        "label": "Interpolated anomaly intensity",
        "disclaimer": "Interpolated estimate \u2014 NOT a direct measurement",
        "data_provenance": "INFERRED"
      }
    },
    {
      "type": "Feature",
      "geometry": {
        "type": "Point",
        "coordinates": [
          72.86427566496802,
          15.918902981737785
        ]
      },
      "properties": {
        "layer": "interpolated_heatmap",
        "value": 0.4438,
        "label": "Interpolated anomaly intensity",
        "disclaimer": "Interpolated estimate \u2014 NOT a direct measurement",
        "data_provenance": "INFERRED"
      }
    },
    {
      "type": "Feature",
      "geometry": {
        "type": "Point",
        "coordinates": [
          72.86427566496802,
          16.045293767740947
        ]
      },
      "properties": {
        "layer": "interpolated_heatmap",
        "value": 0.4452,
        "label": "Interpolated anomaly intensity",
        "disclaimer": "Interpolated estimate \u2014 NOT a direct measurement",
        "data_provenance": "INFERRED"
      }
    },
    {
      "type": "Feature",
      "geometry": {
        "type": "Point",
        "coordinates": [
          72.86427566496802,
          16.17168455374411
        ]
      },
      "properties": {
        "layer": "interpolated_heatmap",
        "value": 0.4471,
        "label": "Interpolated anomaly intensity",
        "disclaimer": "Interpolated estimate \u2014 NOT a direct measurement",
        "data_provenance": "INFERRED"
      }
    },
    {
      "type": "Feature",
      "geometry": {
        "type": "Point",
        "coordinates": [
          72.86427566496802,
          16.298075339747275
        ]
      },
      "properties": {
        "layer": "interpolated_heatmap",
        "value": 0.4493,
        "label": "Interpolated anomaly intensity",
        "disclaimer": "Interpolated estimate \u2014 NOT a direct measurement",
        "data_provenance": "INFERRED"
      }
    },
    {
      "type": "Feature",
      "geometry": {
        "type": "Point",
        "coordinates": [
          72.86427566496802,
          16.42446612575044
        ]
      },
      "properties": {
        "layer": "interpolated_heatmap",
        "value": 0.4522,
        "label": "Interpolated anomaly intensity",
        "disclaimer": "Interpolated estimate \u2014 NOT a direct measurement",
        "data_provenance": "INFERRED"
      }
    },
    {
      "type": "Feature",
      "geometry": {
        "type": "Point",
        "coordinates": [
          72.86427566496802,
          16.550856911753602
        ]
      },
      "properties": {
        "layer": "interpolated_heatmap",
        "value": 0.4558,
        "label": "Interpolated anomaly intensity",
        "disclaimer": "Interpolated estimate \u2014 NOT a direct measurement",
        "data_provenance": "INFERRED"
      }
    },
    {
      "type": "Feature",
      "geometry": {
        "type": "Point",
        "coordinates": [
          72.86427566496802,
          16.677247697756766
        ]
      },
      "properties": {
        "layer": "interpolated_heatmap",
        "value": 0.4603,
        "label": "Interpolated anomaly intensity",
        "disclaimer": "Interpolated estimate \u2014 NOT a direct measurement",
        "data_provenance": "INFERRED"
      }
    },
    {
      "type": "Feature",
      "geometry": {
        "type": "Point",
        "coordinates": [
          72.86427566496802,
          16.803638483759926
        ]
      },
      "properties": {
        "layer": "interpolated_heatmap",
        "value": 0.4661,
        "label": "Interpolated anomaly intensity",
        "disclaimer": "Interpolated estimate \u2014 NOT a direct measurement",
        "data_provenance": "INFERRED"
      }
    },
    {
      "type": "Feature",
      "geometry": {
        "type": "Point",
        "coordinates": [
          72.86427566496802,
          16.93002926976309
        ]
      },
      "properties": {
        "layer": "interpolated_heatmap",
        "value": 0.4733,
        "label": "Interpolated anomaly intensity",
        "disclaimer": "Interpolated estimate \u2014 NOT a direct measurement",
        "data_provenance": "INFERRED"
      }
    },
    {
      "type": "Feature",
      "geometry": {
        "type": "Point",
        "coordinates": [
          72.86427566496802,
          17.056420055766253
        ]
      },
      "properties": {
        "layer": "interpolated_heatmap",
        "value": 0.4826,
        "label": "Interpolated anomaly intensity",
        "disclaimer": "Interpolated estimate \u2014 NOT a direct measurement",
        "data_provenance": "INFERRED"
      }
    },
    {
      "type": "Feature",
      "geometry": {
        "type": "Point",
        "coordinates": [
          72.86427566496802,
          17.182810841769417
        ]
      },
      "properties": {
        "layer": "interpolated_heatmap",
        "value": 0.4942,
        "label": "Interpolated anomaly intensity",
        "disclaimer": "Interpolated estimate \u2014 NOT a direct measurement",
        "data_provenance": "INFERRED"
      }
    },
    {
      "type": "Feature",
      "geometry": {
        "type": "Point",
        "coordinates": [
          72.86427566496802,
          17.30920162777258
        ]
      },
      "properties": {
        "layer": "interpolated_heatmap",
        "value": 0.5089,
        "label": "Interpolated anomaly intensity",
        "disclaimer": "Interpolated estimate \u2014 NOT a direct measurement",
        "data_provenance": "INFERRED"
      }
    },
    {
      "type": "Feature",
      "geometry": {
        "type": "Point",
        "coordinates": [
          72.86427566496802,
          17.435592413775744
        ]
      },
      "properties": {
        "layer": "interpolated_heatmap",
        "value": 0.5274,
        "label": "Interpolated anomaly intensity",
        "disclaimer": "Interpolated estimate \u2014 NOT a direct measurement",
        "data_provenance": "INFERRED"
      }
    },
    {
      "type": "Feature",
      "geometry": {
        "type": "Point",
        "coordinates": [
          72.86427566496802,
          17.561983199778908
        ]
      },
      "properties": {
        "layer": "interpolated_heatmap",
        "value": 0.5503,
        "label": "Interpolated anomaly intensity",
        "disclaimer": "Interpolated estimate \u2014 NOT a direct measurement",
        "data_provenance": "INFERRED"
      }
    },
    {
      "type": "Feature",
      "geometry": {
        "type": "Point",
        "coordinates": [
          72.86427566496802,
          17.68837398578207
        ]
      },
      "properties": {
        "layer": "interpolated_heatmap",
        "value": 0.578,
        "label": "Interpolated anomaly intensity",
        "disclaimer": "Interpolated estimate \u2014 NOT a direct measurement",
        "data_provenance": "INFERRED"
      }
    },
    {
      "type": "Feature",
      "geometry": {
        "type": "Point",
        "coordinates": [
          72.86427566496802,
          17.814764771785235
        ]
      },
      "properties": {
        "layer": "interpolated_heatmap",
        "value": 0.6103,
        "label": "Interpolated anomaly intensity",
        "disclaimer": "Interpolated estimate \u2014 NOT a direct measurement",
        "data_provenance": "INFERRED"
      }
    },
    {
      "type": "Feature",
      "geometry": {
        "type": "Point",
        "coordinates": [
          72.86427566496802,
          17.941155557788395
        ]
      },
      "properties": {
        "layer": "interpolated_heatmap",
        "value": 0.6458,
        "label": "Interpolated anomaly intensity",
        "disclaimer": "Interpolated estimate \u2014 NOT a direct measurement",
        "data_provenance": "INFERRED"
      }
    },
    {
      "type": "Feature",
      "geometry": {
        "type": "Point",
        "coordinates": [
          72.86427566496802,
          18.06754634379156
        ]
      },
      "properties": {
        "layer": "interpolated_heatmap",
        "value": 0.6816,
        "label": "Interpolated anomaly intensity",
        "disclaimer": "Interpolated estimate \u2014 NOT a direct measurement",
        "data_provenance": "INFERRED"
      }
    },
    {
      "type": "Feature",
      "geometry": {
        "type": "Point",
        "coordinates": [
          72.86427566496802,
          18.193937129794723
        ]
      },
      "properties": {
        "layer": "interpolated_heatmap",
        "value": 0.7134,
        "label": "Interpolated anomaly intensity",
        "disclaimer": "Interpolated estimate \u2014 NOT a direct measurement",
        "data_provenance": "INFERRED"
      }
    },
    {
      "type": "Feature",
      "geometry": {
        "type": "Point",
        "coordinates": [
          72.86427566496802,
          18.320327915797886
        ]
      },
      "properties": {
        "layer": "interpolated_heatmap",
        "value": 0.7365,
        "label": "Interpolated anomaly intensity",
        "disclaimer": "Interpolated estimate \u2014 NOT a direct measurement",
        "data_provenance": "INFERRED"
      }
    },
    {
      "type": "Feature",
      "geometry": {
        "type": "Point",
        "coordinates": [
          72.86427566496802,
          18.44671870180105
        ]
      },
      "properties": {
        "layer": "interpolated_heatmap",
        "value": 0.748,
        "label": "Interpolated anomaly intensity",
        "disclaimer": "Interpolated estimate \u2014 NOT a direct measurement",
        "data_provenance": "INFERRED"
      }
    },
    {
      "type": "Feature",
      "geometry": {
        "type": "Point",
        "coordinates": [
          72.86427566496802,
          18.573109487804214
        ]
      },
      "properties": {
        "layer": "interpolated_heatmap",
        "value": 0.7472,
        "label": "Interpolated anomaly intensity",
        "disclaimer": "Interpolated estimate \u2014 NOT a direct measurement",
        "data_provenance": "INFERRED"
      }
    },
    {
      "type": "Feature",
      "geometry": {
        "type": "Point",
        "coordinates": [
          72.86427566496802,
          18.699500273807374
        ]
      },
      "properties": {
        "layer": "interpolated_heatmap",
        "value": 0.7365,
        "label": "Interpolated anomaly intensity",
        "disclaimer": "Interpolated estimate \u2014 NOT a direct measurement",
        "data_provenance": "INFERRED"
      }
    },
    {
      "type": "Feature",
      "geometry": {
        "type": "Point",
        "coordinates": [
          72.86427566496802,
          18.825891059810537
        ]
      },
      "properties": {
        "layer": "interpolated_heatmap",
        "value": 0.7194,
        "label": "Interpolated anomaly intensity",
        "disclaimer": "Interpolated estimate \u2014 NOT a direct measurement",
        "data_provenance": "INFERRED"
      }
    },
    {
      "type": "Feature",
      "geometry": {
        "type": "Point",
        "coordinates": [
          72.86427566496802,
          18.9522818458137
        ]
      },
      "properties": {
        "layer": "interpolated_heatmap",
        "value": 0.6992,
        "label": "Interpolated anomaly intensity",
        "disclaimer": "Interpolated estimate \u2014 NOT a direct measurement",
        "data_provenance": "INFERRED"
      }
    },
    {
      "type": "Feature",
      "geometry": {
        "type": "Point",
        "coordinates": [
          72.86427566496802,
          19.078672631816865
        ]
      },
      "properties": {
        "layer": "interpolated_heatmap",
        "value": 0.6782,
        "label": "Interpolated anomaly intensity",
        "disclaimer": "Interpolated estimate \u2014 NOT a direct measurement",
        "data_provenance": "INFERRED"
      }
    },
    {
      "type": "Feature",
      "geometry": {
        "type": "Point",
        "coordinates": [
          72.86427566496802,
          19.20506341782003
        ]
      },
      "properties": {
        "layer": "interpolated_heatmap",
        "value": 0.658,
        "label": "Interpolated anomaly intensity",
        "disclaimer": "Interpolated estimate \u2014 NOT a direct measurement",
        "data_provenance": "INFERRED"
      }
    },
    {
      "type": "Feature",
      "geometry": {
        "type": "Point",
        "coordinates": [
          72.90785442359085,
          14.275822763696663
        ]
      },
      "properties": {
        "layer": "interpolated_heatmap",
        "value": 0.4394,
        "label": "Interpolated anomaly intensity",
        "disclaimer": "Interpolated estimate \u2014 NOT a direct measurement",
        "data_provenance": "INFERRED"
      }
    },
    {
      "type": "Feature",
      "geometry": {
        "type": "Point",
        "coordinates": [
          72.90785442359085,
          14.402213549699827
        ]
      },
      "properties": {
        "layer": "interpolated_heatmap",
        "value": 0.4393,
        "label": "Interpolated anomaly intensity",
        "disclaimer": "Interpolated estimate \u2014 NOT a direct measurement",
        "data_provenance": "INFERRED"
      }
    },
    {
      "type": "Feature",
      "geometry": {
        "type": "Point",
        "coordinates": [
          72.90785442359085,
          14.52860433570299
        ]
      },
      "properties": {
        "layer": "interpolated_heatmap",
        "value": 0.4393,
        "label": "Interpolated anomaly intensity",
        "disclaimer": "Interpolated estimate \u2014 NOT a direct measurement",
        "data_provenance": "INFERRED"
      }
    },
    {
      "type": "Feature",
      "geometry": {
        "type": "Point",
        "coordinates": [
          72.90785442359085,
          14.654995121706152
        ]
      },
      "properties": {
        "layer": "interpolated_heatmap",
        "value": 0.4393,
        "label": "Interpolated anomaly intensity",
        "disclaimer": "Interpolated estimate \u2014 NOT a direct measurement",
        "data_provenance": "INFERRED"
      }
    },
    {
      "type": "Feature",
      "geometry": {
        "type": "Point",
        "coordinates": [
          72.90785442359085,
          14.781385907709316
        ]
      },
      "properties": {
        "layer": "interpolated_heatmap",
        "value": 0.4393,
        "label": "Interpolated anomaly intensity",
        "disclaimer": "Interpolated estimate \u2014 NOT a direct measurement",
        "data_provenance": "INFERRED"
      }
    },
    {
      "type": "Feature",
      "geometry": {
        "type": "Point",
        "coordinates": [
          72.90785442359085,
          14.90777669371248
        ]
      },
      "properties": {
        "layer": "interpolated_heatmap",
        "value": 0.4394,
        "label": "Interpolated anomaly intensity",
        "disclaimer": "Interpolated estimate \u2014 NOT a direct measurement",
        "data_provenance": "INFERRED"
      }
    },
    {
      "type": "Feature",
      "geometry": {
        "type": "Point",
        "coordinates": [
          72.90785442359085,
          15.034167479715641
        ]
      },
      "properties": {
        "layer": "interpolated_heatmap",
        "value": 0.4395,
        "label": "Interpolated anomaly intensity",
        "disclaimer": "Interpolated estimate \u2014 NOT a direct measurement",
        "data_provenance": "INFERRED"
      }
    },
    {
      "type": "Feature",
      "geometry": {
        "type": "Point",
        "coordinates": [
          72.90785442359085,
          15.160558265718805
        ]
      },
      "properties": {
        "layer": "interpolated_heatmap",
        "value": 0.4397,
        "label": "Interpolated anomaly intensity",
        "disclaimer": "Interpolated estimate \u2014 NOT a direct measurement",
        "data_provenance": "INFERRED"
      }
    },
    {
      "type": "Feature",
      "geometry": {
        "type": "Point",
        "coordinates": [
          72.90785442359085,
          15.286949051721969
        ]
      },
      "properties": {
        "layer": "interpolated_heatmap",
        "value": 0.44,
        "label": "Interpolated anomaly intensity",
        "disclaimer": "Interpolated estimate \u2014 NOT a direct measurement",
        "data_provenance": "INFERRED"
      }
    },
    {
      "type": "Feature",
      "geometry": {
        "type": "Point",
        "coordinates": [
          72.90785442359085,
          15.413339837725132
        ]
      },
      "properties": {
        "layer": "interpolated_heatmap",
        "value": 0.4404,
        "label": "Interpolated anomaly intensity",
        "disclaimer": "Interpolated estimate \u2014 NOT a direct measurement",
        "data_provenance": "INFERRED"
      }
    },
    {
      "type": "Feature",
      "geometry": {
        "type": "Point",
        "coordinates": [
          72.90785442359085,
          15.539730623728296
        ]
      },
      "properties": {
        "layer": "interpolated_heatmap",
        "value": 0.4409,
        "label": "Interpolated anomaly intensity",
        "disclaimer": "Interpolated estimate \u2014 NOT a direct measurement",
        "data_provenance": "INFERRED"
      }
    },
    {
      "type": "Feature",
      "geometry": {
        "type": "Point",
        "coordinates": [
          72.90785442359085,
          15.666121409731458
        ]
      },
      "properties": {
        "layer": "interpolated_heatmap",
        "value": 0.4416,
        "label": "Interpolated anomaly intensity",
        "disclaimer": "Interpolated estimate \u2014 NOT a direct measurement",
        "data_provenance": "INFERRED"
      }
    },
    {
      "type": "Feature",
      "geometry": {
        "type": "Point",
        "coordinates": [
          72.90785442359085,
          15.792512195734622
        ]
      },
      "properties": {
        "layer": "interpolated_heatmap",
        "value": 0.4424,
        "label": "Interpolated anomaly intensity",
        "disclaimer": "Interpolated estimate \u2014 NOT a direct measurement",
        "data_provenance": "INFERRED"
      }
    },
    {
      "type": "Feature",
      "geometry": {
        "type": "Point",
        "coordinates": [
          72.90785442359085,
          15.918902981737785
        ]
      },
      "properties": {
        "layer": "interpolated_heatmap",
        "value": 0.4435,
        "label": "Interpolated anomaly intensity",
        "disclaimer": "Interpolated estimate \u2014 NOT a direct measurement",
        "data_provenance": "INFERRED"
      }
    },
    {
      "type": "Feature",
      "geometry": {
        "type": "Point",
        "coordinates": [
          72.90785442359085,
          16.045293767740947
        ]
      },
      "properties": {
        "layer": "interpolated_heatmap",
        "value": 0.4449,
        "label": "Interpolated anomaly intensity",
        "disclaimer": "Interpolated estimate \u2014 NOT a direct measurement",
        "data_provenance": "INFERRED"
      }
    },
    {
      "type": "Feature",
      "geometry": {
        "type": "Point",
        "coordinates": [
          72.90785442359085,
          16.17168455374411
        ]
      },
      "properties": {
        "layer": "interpolated_heatmap",
        "value": 0.4467,
        "label": "Interpolated anomaly intensity",
        "disclaimer": "Interpolated estimate \u2014 NOT a direct measurement",
        "data_provenance": "INFERRED"
      }
    },
    {
      "type": "Feature",
      "geometry": {
        "type": "Point",
        "coordinates": [
          72.90785442359085,
          16.298075339747275
        ]
      },
      "properties": {
        "layer": "interpolated_heatmap",
        "value": 0.4489,
        "label": "Interpolated anomaly intensity",
        "disclaimer": "Interpolated estimate \u2014 NOT a direct measurement",
        "data_provenance": "INFERRED"
      }
    },
    {
      "type": "Feature",
      "geometry": {
        "type": "Point",
        "coordinates": [
          72.90785442359085,
          16.42446612575044
        ]
      },
      "properties": {
        "layer": "interpolated_heatmap",
        "value": 0.4518,
        "label": "Interpolated anomaly intensity",
        "disclaimer": "Interpolated estimate \u2014 NOT a direct measurement",
        "data_provenance": "INFERRED"
      }
    },
    {
      "type": "Feature",
      "geometry": {
        "type": "Point",
        "coordinates": [
          72.90785442359085,
          16.550856911753602
        ]
      },
      "properties": {
        "layer": "interpolated_heatmap",
        "value": 0.4553,
        "label": "Interpolated anomaly intensity",
        "disclaimer": "Interpolated estimate \u2014 NOT a direct measurement",
        "data_provenance": "INFERRED"
      }
    },
    {
      "type": "Feature",
      "geometry": {
        "type": "Point",
        "coordinates": [
          72.90785442359085,
          16.677247697756766
        ]
      },
      "properties": {
        "layer": "interpolated_heatmap",
        "value": 0.4598,
        "label": "Interpolated anomaly intensity",
        "disclaimer": "Interpolated estimate \u2014 NOT a direct measurement",
        "data_provenance": "INFERRED"
      }
    },
    {
      "type": "Feature",
      "geometry": {
        "type": "Point",
        "coordinates": [
          72.90785442359085,
          16.803638483759926
        ]
      },
      "properties": {
        "layer": "interpolated_heatmap",
        "value": 0.4655,
        "label": "Interpolated anomaly intensity",
        "disclaimer": "Interpolated estimate \u2014 NOT a direct measurement",
        "data_provenance": "INFERRED"
      }
    },
    {
      "type": "Feature",
      "geometry": {
        "type": "Point",
        "coordinates": [
          72.90785442359085,
          16.93002926976309
        ]
      },
      "properties": {
        "layer": "interpolated_heatmap",
        "value": 0.4727,
        "label": "Interpolated anomaly intensity",
        "disclaimer": "Interpolated estimate \u2014 NOT a direct measurement",
        "data_provenance": "INFERRED"
      }
    },
    {
      "type": "Feature",
      "geometry": {
        "type": "Point",
        "coordinates": [
          72.90785442359085,
          17.056420055766253
        ]
      },
      "properties": {
        "layer": "interpolated_heatmap",
        "value": 0.4818,
        "label": "Interpolated anomaly intensity",
        "disclaimer": "Interpolated estimate \u2014 NOT a direct measurement",
        "data_provenance": "INFERRED"
      }
    },
    {
      "type": "Feature",
      "geometry": {
        "type": "Point",
        "coordinates": [
          72.90785442359085,
          17.182810841769417
        ]
      },
      "properties": {
        "layer": "interpolated_heatmap",
        "value": 0.4933,
        "label": "Interpolated anomaly intensity",
        "disclaimer": "Interpolated estimate \u2014 NOT a direct measurement",
        "data_provenance": "INFERRED"
      }
    },
    {
      "type": "Feature",
      "geometry": {
        "type": "Point",
        "coordinates": [
          72.90785442359085,
          17.30920162777258
        ]
      },
      "properties": {
        "layer": "interpolated_heatmap",
        "value": 0.5079,
        "label": "Interpolated anomaly intensity",
        "disclaimer": "Interpolated estimate \u2014 NOT a direct measurement",
        "data_provenance": "INFERRED"
      }
    },
    {
      "type": "Feature",
      "geometry": {
        "type": "Point",
        "coordinates": [
          72.90785442359085,
          17.435592413775744
        ]
      },
      "properties": {
        "layer": "interpolated_heatmap",
        "value": 0.5262,
        "label": "Interpolated anomaly intensity",
        "disclaimer": "Interpolated estimate \u2014 NOT a direct measurement",
        "data_provenance": "INFERRED"
      }
    },
    {
      "type": "Feature",
      "geometry": {
        "type": "Point",
        "coordinates": [
          72.90785442359085,
          17.561983199778908
        ]
      },
      "properties": {
        "layer": "interpolated_heatmap",
        "value": 0.5489,
        "label": "Interpolated anomaly intensity",
        "disclaimer": "Interpolated estimate \u2014 NOT a direct measurement",
        "data_provenance": "INFERRED"
      }
    },
    {
      "type": "Feature",
      "geometry": {
        "type": "Point",
        "coordinates": [
          72.90785442359085,
          17.68837398578207
        ]
      },
      "properties": {
        "layer": "interpolated_heatmap",
        "value": 0.5764,
        "label": "Interpolated anomaly intensity",
        "disclaimer": "Interpolated estimate \u2014 NOT a direct measurement",
        "data_provenance": "INFERRED"
      }
    },
    {
      "type": "Feature",
      "geometry": {
        "type": "Point",
        "coordinates": [
          72.90785442359085,
          17.814764771785235
        ]
      },
      "properties": {
        "layer": "interpolated_heatmap",
        "value": 0.6084,
        "label": "Interpolated anomaly intensity",
        "disclaimer": "Interpolated estimate \u2014 NOT a direct measurement",
        "data_provenance": "INFERRED"
      }
    },
    {
      "type": "Feature",
      "geometry": {
        "type": "Point",
        "coordinates": [
          72.90785442359085,
          17.941155557788395
        ]
      },
      "properties": {
        "layer": "interpolated_heatmap",
        "value": 0.6437,
        "label": "Interpolated anomaly intensity",
        "disclaimer": "Interpolated estimate \u2014 NOT a direct measurement",
        "data_provenance": "INFERRED"
      }
    },
    {
      "type": "Feature",
      "geometry": {
        "type": "Point",
        "coordinates": [
          72.90785442359085,
          18.06754634379156
        ]
      },
      "properties": {
        "layer": "interpolated_heatmap",
        "value": 0.6793,
        "label": "Interpolated anomaly intensity",
        "disclaimer": "Interpolated estimate \u2014 NOT a direct measurement",
        "data_provenance": "INFERRED"
      }
    },
    {
      "type": "Feature",
      "geometry": {
        "type": "Point",
        "coordinates": [
          72.90785442359085,
          18.193937129794723
        ]
      },
      "properties": {
        "layer": "interpolated_heatmap",
        "value": 0.711,
        "label": "Interpolated anomaly intensity",
        "disclaimer": "Interpolated estimate \u2014 NOT a direct measurement",
        "data_provenance": "INFERRED"
      }
    },
    {
      "type": "Feature",
      "geometry": {
        "type": "Point",
        "coordinates": [
          72.90785442359085,
          18.320327915797886
        ]
      },
      "properties": {
        "layer": "interpolated_heatmap",
        "value": 0.7341,
        "label": "Interpolated anomaly intensity",
        "disclaimer": "Interpolated estimate \u2014 NOT a direct measurement",
        "data_provenance": "INFERRED"
      }
    },
    {
      "type": "Feature",
      "geometry": {
        "type": "Point",
        "coordinates": [
          72.90785442359085,
          18.44671870180105
        ]
      },
      "properties": {
        "layer": "interpolated_heatmap",
        "value": 0.7456,
        "label": "Interpolated anomaly intensity",
        "disclaimer": "Interpolated estimate \u2014 NOT a direct measurement",
        "data_provenance": "INFERRED"
      }
    },
    {
      "type": "Feature",
      "geometry": {
        "type": "Point",
        "coordinates": [
          72.90785442359085,
          18.573109487804214
        ]
      },
      "properties": {
        "layer": "interpolated_heatmap",
        "value": 0.745,
        "label": "Interpolated anomaly intensity",
        "disclaimer": "Interpolated estimate \u2014 NOT a direct measurement",
        "data_provenance": "INFERRED"
      }
    },
    {
      "type": "Feature",
      "geometry": {
        "type": "Point",
        "coordinates": [
          72.90785442359085,
          18.699500273807374
        ]
      },
      "properties": {
        "layer": "interpolated_heatmap",
        "value": 0.7345,
        "label": "Interpolated anomaly intensity",
        "disclaimer": "Interpolated estimate \u2014 NOT a direct measurement",
        "data_provenance": "INFERRED"
      }
    },
    {
      "type": "Feature",
      "geometry": {
        "type": "Point",
        "coordinates": [
          72.90785442359085,
          18.825891059810537
        ]
      },
      "properties": {
        "layer": "interpolated_heatmap",
        "value": 0.7177,
        "label": "Interpolated anomaly intensity",
        "disclaimer": "Interpolated estimate \u2014 NOT a direct measurement",
        "data_provenance": "INFERRED"
      }
    },
    {
      "type": "Feature",
      "geometry": {
        "type": "Point",
        "coordinates": [
          72.90785442359085,
          18.9522818458137
        ]
      },
      "properties": {
        "layer": "interpolated_heatmap",
        "value": 0.6976,
        "label": "Interpolated anomaly intensity",
        "disclaimer": "Interpolated estimate \u2014 NOT a direct measurement",
        "data_provenance": "INFERRED"
      }
    },
    {
      "type": "Feature",
      "geometry": {
        "type": "Point",
        "coordinates": [
          72.90785442359085,
          19.078672631816865
        ]
      },
      "properties": {
        "layer": "interpolated_heatmap",
        "value": 0.6768,
        "label": "Interpolated anomaly intensity",
        "disclaimer": "Interpolated estimate \u2014 NOT a direct measurement",
        "data_provenance": "INFERRED"
      }
    },
    {
      "type": "Feature",
      "geometry": {
        "type": "Point",
        "coordinates": [
          72.90785442359085,
          19.20506341782003
        ]
      },
      "properties": {
        "layer": "interpolated_heatmap",
        "value": 0.6568,
        "label": "Interpolated anomaly intensity",
        "disclaimer": "Interpolated estimate \u2014 NOT a direct measurement",
        "data_provenance": "INFERRED"
      }
    },
    {
      "type": "Feature",
      "geometry": {
        "type": "Point",
        "coordinates": [
          72.95143318221368,
          14.275822763696663
        ]
      },
      "properties": {
        "layer": "interpolated_heatmap",
        "value": 0.4393,
        "label": "Interpolated anomaly intensity",
        "disclaimer": "Interpolated estimate \u2014 NOT a direct measurement",
        "data_provenance": "INFERRED"
      }
    },
    {
      "type": "Feature",
      "geometry": {
        "type": "Point",
        "coordinates": [
          72.95143318221368,
          14.402213549699827
        ]
      },
      "properties": {
        "layer": "interpolated_heatmap",
        "value": 0.4392,
        "label": "Interpolated anomaly intensity",
        "disclaimer": "Interpolated estimate \u2014 NOT a direct measurement",
        "data_provenance": "INFERRED"
      }
    },
    {
      "type": "Feature",
      "geometry": {
        "type": "Point",
        "coordinates": [
          72.95143318221368,
          14.52860433570299
        ]
      },
      "properties": {
        "layer": "interpolated_heatmap",
        "value": 0.4392,
        "label": "Interpolated anomaly intensity",
        "disclaimer": "Interpolated estimate \u2014 NOT a direct measurement",
        "data_provenance": "INFERRED"
      }
    },
    {
      "type": "Feature",
      "geometry": {
        "type": "Point",
        "coordinates": [
          72.95143318221368,
          14.654995121706152
        ]
      },
      "properties": {
        "layer": "interpolated_heatmap",
        "value": 0.4391,
        "label": "Interpolated anomaly intensity",
        "disclaimer": "Interpolated estimate \u2014 NOT a direct measurement",
        "data_provenance": "INFERRED"
      }
    },
    {
      "type": "Feature",
      "geometry": {
        "type": "Point",
        "coordinates": [
          72.95143318221368,
          14.781385907709316
        ]
      },
      "properties": {
        "layer": "interpolated_heatmap",
        "value": 0.4392,
        "label": "Interpolated anomaly intensity",
        "disclaimer": "Interpolated estimate \u2014 NOT a direct measurement",
        "data_provenance": "INFERRED"
      }
    },
    {
      "type": "Feature",
      "geometry": {
        "type": "Point",
        "coordinates": [
          72.95143318221368,
          14.90777669371248
        ]
      },
      "properties": {
        "layer": "interpolated_heatmap",
        "value": 0.4392,
        "label": "Interpolated anomaly intensity",
        "disclaimer": "Interpolated estimate \u2014 NOT a direct measurement",
        "data_provenance": "INFERRED"
      }
    },
    {
      "type": "Feature",
      "geometry": {
        "type": "Point",
        "coordinates": [
          72.95143318221368,
          15.034167479715641
        ]
      },
      "properties": {
        "layer": "interpolated_heatmap",
        "value": 0.4393,
        "label": "Interpolated anomaly intensity",
        "disclaimer": "Interpolated estimate \u2014 NOT a direct measurement",
        "data_provenance": "INFERRED"
      }
    },
    {
      "type": "Feature",
      "geometry": {
        "type": "Point",
        "coordinates": [
          72.95143318221368,
          15.160558265718805
        ]
      },
      "properties": {
        "layer": "interpolated_heatmap",
        "value": 0.4395,
        "label": "Interpolated anomaly intensity",
        "disclaimer": "Interpolated estimate \u2014 NOT a direct measurement",
        "data_provenance": "INFERRED"
      }
    },
    {
      "type": "Feature",
      "geometry": {
        "type": "Point",
        "coordinates": [
          72.95143318221368,
          15.286949051721969
        ]
      },
      "properties": {
        "layer": "interpolated_heatmap",
        "value": 0.4398,
        "label": "Interpolated anomaly intensity",
        "disclaimer": "Interpolated estimate \u2014 NOT a direct measurement",
        "data_provenance": "INFERRED"
      }
    },
    {
      "type": "Feature",
      "geometry": {
        "type": "Point",
        "coordinates": [
          72.95143318221368,
          15.413339837725132
        ]
      },
      "properties": {
        "layer": "interpolated_heatmap",
        "value": 0.4402,
        "label": "Interpolated anomaly intensity",
        "disclaimer": "Interpolated estimate \u2014 NOT a direct measurement",
        "data_provenance": "INFERRED"
      }
    },
    {
      "type": "Feature",
      "geometry": {
        "type": "Point",
        "coordinates": [
          72.95143318221368,
          15.539730623728296
        ]
      },
      "properties": {
        "layer": "interpolated_heatmap",
        "value": 0.4407,
        "label": "Interpolated anomaly intensity",
        "disclaimer": "Interpolated estimate \u2014 NOT a direct measurement",
        "data_provenance": "INFERRED"
      }
    },
    {
      "type": "Feature",
      "geometry": {
        "type": "Point",
        "coordinates": [
          72.95143318221368,
          15.666121409731458
        ]
      },
      "properties": {
        "layer": "interpolated_heatmap",
        "value": 0.4413,
        "label": "Interpolated anomaly intensity",
        "disclaimer": "Interpolated estimate \u2014 NOT a direct measurement",
        "data_provenance": "INFERRED"
      }
    },
    {
      "type": "Feature",
      "geometry": {
        "type": "Point",
        "coordinates": [
          72.95143318221368,
          15.792512195734622
        ]
      },
      "properties": {
        "layer": "interpolated_heatmap",
        "value": 0.4422,
        "label": "Interpolated anomaly intensity",
        "disclaimer": "Interpolated estimate \u2014 NOT a direct measurement",
        "data_provenance": "INFERRED"
      }
    },
    {
      "type": "Feature",
      "geometry": {
        "type": "Point",
        "coordinates": [
          72.95143318221368,
          15.918902981737785
        ]
      },
      "properties": {
        "layer": "interpolated_heatmap",
        "value": 0.4433,
        "label": "Interpolated anomaly intensity",
        "disclaimer": "Interpolated estimate \u2014 NOT a direct measurement",
        "data_provenance": "INFERRED"
      }
    },
    {
      "type": "Feature",
      "geometry": {
        "type": "Point",
        "coordinates": [
          72.95143318221368,
          16.045293767740947
        ]
      },
      "properties": {
        "layer": "interpolated_heatmap",
        "value": 0.4446,
        "label": "Interpolated anomaly intensity",
        "disclaimer": "Interpolated estimate \u2014 NOT a direct measurement",
        "data_provenance": "INFERRED"
      }
    },
    {
      "type": "Feature",
      "geometry": {
        "type": "Point",
        "coordinates": [
          72.95143318221368,
          16.17168455374411
        ]
      },
      "properties": {
        "layer": "interpolated_heatmap",
        "value": 0.4464,
        "label": "Interpolated anomaly intensity",
        "disclaimer": "Interpolated estimate \u2014 NOT a direct measurement",
        "data_provenance": "INFERRED"
      }
    },
    {
      "type": "Feature",
      "geometry": {
        "type": "Point",
        "coordinates": [
          72.95143318221368,
          16.298075339747275
        ]
      },
      "properties": {
        "layer": "interpolated_heatmap",
        "value": 0.4486,
        "label": "Interpolated anomaly intensity",
        "disclaimer": "Interpolated estimate \u2014 NOT a direct measurement",
        "data_provenance": "INFERRED"
      }
    },
    {
      "type": "Feature",
      "geometry": {
        "type": "Point",
        "coordinates": [
          72.95143318221368,
          16.42446612575044
        ]
      },
      "properties": {
        "layer": "interpolated_heatmap",
        "value": 0.4513,
        "label": "Interpolated anomaly intensity",
        "disclaimer": "Interpolated estimate \u2014 NOT a direct measurement",
        "data_provenance": "INFERRED"
      }
    },
    {
      "type": "Feature",
      "geometry": {
        "type": "Point",
        "coordinates": [
          72.95143318221368,
          16.550856911753602
        ]
      },
      "properties": {
        "layer": "interpolated_heatmap",
        "value": 0.4548,
        "label": "Interpolated anomaly intensity",
        "disclaimer": "Interpolated estimate \u2014 NOT a direct measurement",
        "data_provenance": "INFERRED"
      }
    },
    {
      "type": "Feature",
      "geometry": {
        "type": "Point",
        "coordinates": [
          72.95143318221368,
          16.677247697756766
        ]
      },
      "properties": {
        "layer": "interpolated_heatmap",
        "value": 0.4593,
        "label": "Interpolated anomaly intensity",
        "disclaimer": "Interpolated estimate \u2014 NOT a direct measurement",
        "data_provenance": "INFERRED"
      }
    },
    {
      "type": "Feature",
      "geometry": {
        "type": "Point",
        "coordinates": [
          72.95143318221368,
          16.803638483759926
        ]
      },
      "properties": {
        "layer": "interpolated_heatmap",
        "value": 0.4649,
        "label": "Interpolated anomaly intensity",
        "disclaimer": "Interpolated estimate \u2014 NOT a direct measurement",
        "data_provenance": "INFERRED"
      }
    },
    {
      "type": "Feature",
      "geometry": {
        "type": "Point",
        "coordinates": [
          72.95143318221368,
          16.93002926976309
        ]
      },
      "properties": {
        "layer": "interpolated_heatmap",
        "value": 0.4719,
        "label": "Interpolated anomaly intensity",
        "disclaimer": "Interpolated estimate \u2014 NOT a direct measurement",
        "data_provenance": "INFERRED"
      }
    },
    {
      "type": "Feature",
      "geometry": {
        "type": "Point",
        "coordinates": [
          72.95143318221368,
          17.056420055766253
        ]
      },
      "properties": {
        "layer": "interpolated_heatmap",
        "value": 0.4809,
        "label": "Interpolated anomaly intensity",
        "disclaimer": "Interpolated estimate \u2014 NOT a direct measurement",
        "data_provenance": "INFERRED"
      }
    },
    {
      "type": "Feature",
      "geometry": {
        "type": "Point",
        "coordinates": [
          72.95143318221368,
          17.182810841769417
        ]
      },
      "properties": {
        "layer": "interpolated_heatmap",
        "value": 0.4923,
        "label": "Interpolated anomaly intensity",
        "disclaimer": "Interpolated estimate \u2014 NOT a direct measurement",
        "data_provenance": "INFERRED"
      }
    },
    {
      "type": "Feature",
      "geometry": {
        "type": "Point",
        "coordinates": [
          72.95143318221368,
          17.30920162777258
        ]
      },
      "properties": {
        "layer": "interpolated_heatmap",
        "value": 0.5067,
        "label": "Interpolated anomaly intensity",
        "disclaimer": "Interpolated estimate \u2014 NOT a direct measurement",
        "data_provenance": "INFERRED"
      }
    },
    {
      "type": "Feature",
      "geometry": {
        "type": "Point",
        "coordinates": [
          72.95143318221368,
          17.435592413775744
        ]
      },
      "properties": {
        "layer": "interpolated_heatmap",
        "value": 0.5248,
        "label": "Interpolated anomaly intensity",
        "disclaimer": "Interpolated estimate \u2014 NOT a direct measurement",
        "data_provenance": "INFERRED"
      }
    },
    {
      "type": "Feature",
      "geometry": {
        "type": "Point",
        "coordinates": [
          72.95143318221368,
          17.561983199778908
        ]
      },
      "properties": {
        "layer": "interpolated_heatmap",
        "value": 0.5472,
        "label": "Interpolated anomaly intensity",
        "disclaimer": "Interpolated estimate \u2014 NOT a direct measurement",
        "data_provenance": "INFERRED"
      }
    },
    {
      "type": "Feature",
      "geometry": {
        "type": "Point",
        "coordinates": [
          72.95143318221368,
          17.68837398578207
        ]
      },
      "properties": {
        "layer": "interpolated_heatmap",
        "value": 0.5744,
        "label": "Interpolated anomaly intensity",
        "disclaimer": "Interpolated estimate \u2014 NOT a direct measurement",
        "data_provenance": "INFERRED"
      }
    },
    {
      "type": "Feature",
      "geometry": {
        "type": "Point",
        "coordinates": [
          72.95143318221368,
          17.814764771785235
        ]
      },
      "properties": {
        "layer": "interpolated_heatmap",
        "value": 0.606,
        "label": "Interpolated anomaly intensity",
        "disclaimer": "Interpolated estimate \u2014 NOT a direct measurement",
        "data_provenance": "INFERRED"
      }
    },
    {
      "type": "Feature",
      "geometry": {
        "type": "Point",
        "coordinates": [
          72.95143318221368,
          17.941155557788395
        ]
      },
      "properties": {
        "layer": "interpolated_heatmap",
        "value": 0.6408,
        "label": "Interpolated anomaly intensity",
        "disclaimer": "Interpolated estimate \u2014 NOT a direct measurement",
        "data_provenance": "INFERRED"
      }
    },
    {
      "type": "Feature",
      "geometry": {
        "type": "Point",
        "coordinates": [
          72.95143318221368,
          18.06754634379156
        ]
      },
      "properties": {
        "layer": "interpolated_heatmap",
        "value": 0.676,
        "label": "Interpolated anomaly intensity",
        "disclaimer": "Interpolated estimate \u2014 NOT a direct measurement",
        "data_provenance": "INFERRED"
      }
    },
    {
      "type": "Feature",
      "geometry": {
        "type": "Point",
        "coordinates": [
          72.95143318221368,
          18.193937129794723
        ]
      },
      "properties": {
        "layer": "interpolated_heatmap",
        "value": 0.7073,
        "label": "Interpolated anomaly intensity",
        "disclaimer": "Interpolated estimate \u2014 NOT a direct measurement",
        "data_provenance": "INFERRED"
      }
    },
    {
      "type": "Feature",
      "geometry": {
        "type": "Point",
        "coordinates": [
          72.95143318221368,
          18.320327915797886
        ]
      },
      "properties": {
        "layer": "interpolated_heatmap",
        "value": 0.7303,
        "label": "Interpolated anomaly intensity",
        "disclaimer": "Interpolated estimate \u2014 NOT a direct measurement",
        "data_provenance": "INFERRED"
      }
    },
    {
      "type": "Feature",
      "geometry": {
        "type": "Point",
        "coordinates": [
          72.95143318221368,
          18.44671870180105
        ]
      },
      "properties": {
        "layer": "interpolated_heatmap",
        "value": 0.7419,
        "label": "Interpolated anomaly intensity",
        "disclaimer": "Interpolated estimate \u2014 NOT a direct measurement",
        "data_provenance": "INFERRED"
      }
    },
    {
      "type": "Feature",
      "geometry": {
        "type": "Point",
        "coordinates": [
          72.95143318221368,
          18.573109487804214
        ]
      },
      "properties": {
        "layer": "interpolated_heatmap",
        "value": 0.7415,
        "label": "Interpolated anomaly intensity",
        "disclaimer": "Interpolated estimate \u2014 NOT a direct measurement",
        "data_provenance": "INFERRED"
      }
    },
    {
      "type": "Feature",
      "geometry": {
        "type": "Point",
        "coordinates": [
          72.95143318221368,
          18.699500273807374
        ]
      },
      "properties": {
        "layer": "interpolated_heatmap",
        "value": 0.7314,
        "label": "Interpolated anomaly intensity",
        "disclaimer": "Interpolated estimate \u2014 NOT a direct measurement",
        "data_provenance": "INFERRED"
      }
    },
    {
      "type": "Feature",
      "geometry": {
        "type": "Point",
        "coordinates": [
          72.95143318221368,
          18.825891059810537
        ]
      },
      "properties": {
        "layer": "interpolated_heatmap",
        "value": 0.7149,
        "label": "Interpolated anomaly intensity",
        "disclaimer": "Interpolated estimate \u2014 NOT a direct measurement",
        "data_provenance": "INFERRED"
      }
    },
    {
      "type": "Feature",
      "geometry": {
        "type": "Point",
        "coordinates": [
          72.95143318221368,
          18.9522818458137
        ]
      },
      "properties": {
        "layer": "interpolated_heatmap",
        "value": 0.6953,
        "label": "Interpolated anomaly intensity",
        "disclaimer": "Interpolated estimate \u2014 NOT a direct measurement",
        "data_provenance": "INFERRED"
      }
    },
    {
      "type": "Feature",
      "geometry": {
        "type": "Point",
        "coordinates": [
          72.95143318221368,
          19.078672631816865
        ]
      },
      "properties": {
        "layer": "interpolated_heatmap",
        "value": 0.6749,
        "label": "Interpolated anomaly intensity",
        "disclaimer": "Interpolated estimate \u2014 NOT a direct measurement",
        "data_provenance": "INFERRED"
      }
    },
    {
      "type": "Feature",
      "geometry": {
        "type": "Point",
        "coordinates": [
          72.95143318221368,
          19.20506341782003
        ]
      },
      "properties": {
        "layer": "interpolated_heatmap",
        "value": 0.6551,
        "label": "Interpolated anomaly intensity",
        "disclaimer": "Interpolated estimate \u2014 NOT a direct measurement",
        "data_provenance": "INFERRED"
      }
    },
    {
      "type": "Feature",
      "geometry": {
        "type": "Point",
        "coordinates": [
          72.9950119408365,
          14.275822763696663
        ]
      },
      "properties": {
        "layer": "interpolated_heatmap",
        "value": 0.4392,
        "label": "Interpolated anomaly intensity",
        "disclaimer": "Interpolated estimate \u2014 NOT a direct measurement",
        "data_provenance": "INFERRED"
      }
    },
    {
      "type": "Feature",
      "geometry": {
        "type": "Point",
        "coordinates": [
          72.9950119408365,
          14.402213549699827
        ]
      },
      "properties": {
        "layer": "interpolated_heatmap",
        "value": 0.4391,
        "label": "Interpolated anomaly intensity",
        "disclaimer": "Interpolated estimate \u2014 NOT a direct measurement",
        "data_provenance": "INFERRED"
      }
    },
    {
      "type": "Feature",
      "geometry": {
        "type": "Point",
        "coordinates": [
          72.9950119408365,
          14.52860433570299
        ]
      },
      "properties": {
        "layer": "interpolated_heatmap",
        "value": 0.439,
        "label": "Interpolated anomaly intensity",
        "disclaimer": "Interpolated estimate \u2014 NOT a direct measurement",
        "data_provenance": "INFERRED"
      }
    },
    {
      "type": "Feature",
      "geometry": {
        "type": "Point",
        "coordinates": [
          72.9950119408365,
          14.654995121706152
        ]
      },
      "properties": {
        "layer": "interpolated_heatmap",
        "value": 0.439,
        "label": "Interpolated anomaly intensity",
        "disclaimer": "Interpolated estimate \u2014 NOT a direct measurement",
        "data_provenance": "INFERRED"
      }
    },
    {
      "type": "Feature",
      "geometry": {
        "type": "Point",
        "coordinates": [
          72.9950119408365,
          14.781385907709316
        ]
      },
      "properties": {
        "layer": "interpolated_heatmap",
        "value": 0.439,
        "label": "Interpolated anomaly intensity",
        "disclaimer": "Interpolated estimate \u2014 NOT a direct measurement",
        "data_provenance": "INFERRED"
      }
    },
    {
      "type": "Feature",
      "geometry": {
        "type": "Point",
        "coordinates": [
          72.9950119408365,
          14.90777669371248
        ]
      },
      "properties": {
        "layer": "interpolated_heatmap",
        "value": 0.4391,
        "label": "Interpolated anomaly intensity",
        "disclaimer": "Interpolated estimate \u2014 NOT a direct measurement",
        "data_provenance": "INFERRED"
      }
    },
    {
      "type": "Feature",
      "geometry": {
        "type": "Point",
        "coordinates": [
          72.9950119408365,
          15.034167479715641
        ]
      },
      "properties": {
        "layer": "interpolated_heatmap",
        "value": 0.4392,
        "label": "Interpolated anomaly intensity",
        "disclaimer": "Interpolated estimate \u2014 NOT a direct measurement",
        "data_provenance": "INFERRED"
      }
    },
    {
      "type": "Feature",
      "geometry": {
        "type": "Point",
        "coordinates": [
          72.9950119408365,
          15.160558265718805
        ]
      },
      "properties": {
        "layer": "interpolated_heatmap",
        "value": 0.4394,
        "label": "Interpolated anomaly intensity",
        "disclaimer": "Interpolated estimate \u2014 NOT a direct measurement",
        "data_provenance": "INFERRED"
      }
    },
    {
      "type": "Feature",
      "geometry": {
        "type": "Point",
        "coordinates": [
          72.9950119408365,
          15.286949051721969
        ]
      },
      "properties": {
        "layer": "interpolated_heatmap",
        "value": 0.4396,
        "label": "Interpolated anomaly intensity",
        "disclaimer": "Interpolated estimate \u2014 NOT a direct measurement",
        "data_provenance": "INFERRED"
      }
    },
    {
      "type": "Feature",
      "geometry": {
        "type": "Point",
        "coordinates": [
          72.9950119408365,
          15.413339837725132
        ]
      },
      "properties": {
        "layer": "interpolated_heatmap",
        "value": 0.44,
        "label": "Interpolated anomaly intensity",
        "disclaimer": "Interpolated estimate \u2014 NOT a direct measurement",
        "data_provenance": "INFERRED"
      }
    },
    {
      "type": "Feature",
      "geometry": {
        "type": "Point",
        "coordinates": [
          72.9950119408365,
          15.539730623728296
        ]
      },
      "properties": {
        "layer": "interpolated_heatmap",
        "value": 0.4405,
        "label": "Interpolated anomaly intensity",
        "disclaimer": "Interpolated estimate \u2014 NOT a direct measurement",
        "data_provenance": "INFERRED"
      }
    },
    {
      "type": "Feature",
      "geometry": {
        "type": "Point",
        "coordinates": [
          72.9950119408365,
          15.666121409731458
        ]
      },
      "properties": {
        "layer": "interpolated_heatmap",
        "value": 0.4411,
        "label": "Interpolated anomaly intensity",
        "disclaimer": "Interpolated estimate \u2014 NOT a direct measurement",
        "data_provenance": "INFERRED"
      }
    },
    {
      "type": "Feature",
      "geometry": {
        "type": "Point",
        "coordinates": [
          72.9950119408365,
          15.792512195734622
        ]
      },
      "properties": {
        "layer": "interpolated_heatmap",
        "value": 0.4419,
        "label": "Interpolated anomaly intensity",
        "disclaimer": "Interpolated estimate \u2014 NOT a direct measurement",
        "data_provenance": "INFERRED"
      }
    },
    {
      "type": "Feature",
      "geometry": {
        "type": "Point",
        "coordinates": [
          72.9950119408365,
          15.918902981737785
        ]
      },
      "properties": {
        "layer": "interpolated_heatmap",
        "value": 0.443,
        "label": "Interpolated anomaly intensity",
        "disclaimer": "Interpolated estimate \u2014 NOT a direct measurement",
        "data_provenance": "INFERRED"
      }
    },
    {
      "type": "Feature",
      "geometry": {
        "type": "Point",
        "coordinates": [
          72.9950119408365,
          16.045293767740947
        ]
      },
      "properties": {
        "layer": "interpolated_heatmap",
        "value": 0.4443,
        "label": "Interpolated anomaly intensity",
        "disclaimer": "Interpolated estimate \u2014 NOT a direct measurement",
        "data_provenance": "INFERRED"
      }
    },
    {
      "type": "Feature",
      "geometry": {
        "type": "Point",
        "coordinates": [
          72.9950119408365,
          16.17168455374411
        ]
      },
      "properties": {
        "layer": "interpolated_heatmap",
        "value": 0.446,
        "label": "Interpolated anomaly intensity",
        "disclaimer": "Interpolated estimate \u2014 NOT a direct measurement",
        "data_provenance": "INFERRED"
      }
    },
    {
      "type": "Feature",
      "geometry": {
        "type": "Point",
        "coordinates": [
          72.9950119408365,
          16.298075339747275
        ]
      },
      "properties": {
        "layer": "interpolated_heatmap",
        "value": 0.4482,
        "label": "Interpolated anomaly intensity",
        "disclaimer": "Interpolated estimate \u2014 NOT a direct measurement",
        "data_provenance": "INFERRED"
      }
    },
    {
      "type": "Feature",
      "geometry": {
        "type": "Point",
        "coordinates": [
          72.9950119408365,
          16.42446612575044
        ]
      },
      "properties": {
        "layer": "interpolated_heatmap",
        "value": 0.4509,
        "label": "Interpolated anomaly intensity",
        "disclaimer": "Interpolated estimate \u2014 NOT a direct measurement",
        "data_provenance": "INFERRED"
      }
    },
    {
      "type": "Feature",
      "geometry": {
        "type": "Point",
        "coordinates": [
          72.9950119408365,
          16.550856911753602
        ]
      },
      "properties": {
        "layer": "interpolated_heatmap",
        "value": 0.4544,
        "label": "Interpolated anomaly intensity",
        "disclaimer": "Interpolated estimate \u2014 NOT a direct measurement",
        "data_provenance": "INFERRED"
      }
    },
    {
      "type": "Feature",
      "geometry": {
        "type": "Point",
        "coordinates": [
          72.9950119408365,
          16.677247697756766
        ]
      },
      "properties": {
        "layer": "interpolated_heatmap",
        "value": 0.4587,
        "label": "Interpolated anomaly intensity",
        "disclaimer": "Interpolated estimate \u2014 NOT a direct measurement",
        "data_provenance": "INFERRED"
      }
    },
    {
      "type": "Feature",
      "geometry": {
        "type": "Point",
        "coordinates": [
          72.9950119408365,
          16.803638483759926
        ]
      },
      "properties": {
        "layer": "interpolated_heatmap",
        "value": 0.4642,
        "label": "Interpolated anomaly intensity",
        "disclaimer": "Interpolated estimate \u2014 NOT a direct measurement",
        "data_provenance": "INFERRED"
      }
    },
    {
      "type": "Feature",
      "geometry": {
        "type": "Point",
        "coordinates": [
          72.9950119408365,
          16.93002926976309
        ]
      },
      "properties": {
        "layer": "interpolated_heatmap",
        "value": 0.4712,
        "label": "Interpolated anomaly intensity",
        "disclaimer": "Interpolated estimate \u2014 NOT a direct measurement",
        "data_provenance": "INFERRED"
      }
    },
    {
      "type": "Feature",
      "geometry": {
        "type": "Point",
        "coordinates": [
          72.9950119408365,
          17.056420055766253
        ]
      },
      "properties": {
        "layer": "interpolated_heatmap",
        "value": 0.4801,
        "label": "Interpolated anomaly intensity",
        "disclaimer": "Interpolated estimate \u2014 NOT a direct measurement",
        "data_provenance": "INFERRED"
      }
    },
    {
      "type": "Feature",
      "geometry": {
        "type": "Point",
        "coordinates": [
          72.9950119408365,
          17.182810841769417
        ]
      },
      "properties": {
        "layer": "interpolated_heatmap",
        "value": 0.4913,
        "label": "Interpolated anomaly intensity",
        "disclaimer": "Interpolated estimate \u2014 NOT a direct measurement",
        "data_provenance": "INFERRED"
      }
    },
    {
      "type": "Feature",
      "geometry": {
        "type": "Point",
        "coordinates": [
          72.9950119408365,
          17.30920162777258
        ]
      },
      "properties": {
        "layer": "interpolated_heatmap",
        "value": 0.5055,
        "label": "Interpolated anomaly intensity",
        "disclaimer": "Interpolated estimate \u2014 NOT a direct measurement",
        "data_provenance": "INFERRED"
      }
    },
    {
      "type": "Feature",
      "geometry": {
        "type": "Point",
        "coordinates": [
          72.9950119408365,
          17.435592413775744
        ]
      },
      "properties": {
        "layer": "interpolated_heatmap",
        "value": 0.5233,
        "label": "Interpolated anomaly intensity",
        "disclaimer": "Interpolated estimate \u2014 NOT a direct measurement",
        "data_provenance": "INFERRED"
      }
    },
    {
      "type": "Feature",
      "geometry": {
        "type": "Point",
        "coordinates": [
          72.9950119408365,
          17.561983199778908
        ]
      },
      "properties": {
        "layer": "interpolated_heatmap",
        "value": 0.5453,
        "label": "Interpolated anomaly intensity",
        "disclaimer": "Interpolated estimate \u2014 NOT a direct measurement",
        "data_provenance": "INFERRED"
      }
    },
    {
      "type": "Feature",
      "geometry": {
        "type": "Point",
        "coordinates": [
          72.9950119408365,
          17.68837398578207
        ]
      },
      "properties": {
        "layer": "interpolated_heatmap",
        "value": 0.572,
        "label": "Interpolated anomaly intensity",
        "disclaimer": "Interpolated estimate \u2014 NOT a direct measurement",
        "data_provenance": "INFERRED"
      }
    },
    {
      "type": "Feature",
      "geometry": {
        "type": "Point",
        "coordinates": [
          72.9950119408365,
          17.814764771785235
        ]
      },
      "properties": {
        "layer": "interpolated_heatmap",
        "value": 0.603,
        "label": "Interpolated anomaly intensity",
        "disclaimer": "Interpolated estimate \u2014 NOT a direct measurement",
        "data_provenance": "INFERRED"
      }
    },
    {
      "type": "Feature",
      "geometry": {
        "type": "Point",
        "coordinates": [
          72.9950119408365,
          17.941155557788395
        ]
      },
      "properties": {
        "layer": "interpolated_heatmap",
        "value": 0.6372,
        "label": "Interpolated anomaly intensity",
        "disclaimer": "Interpolated estimate \u2014 NOT a direct measurement",
        "data_provenance": "INFERRED"
      }
    },
    {
      "type": "Feature",
      "geometry": {
        "type": "Point",
        "coordinates": [
          72.9950119408365,
          18.06754634379156
        ]
      },
      "properties": {
        "layer": "interpolated_heatmap",
        "value": 0.6718,
        "label": "Interpolated anomaly intensity",
        "disclaimer": "Interpolated estimate \u2014 NOT a direct measurement",
        "data_provenance": "INFERRED"
      }
    },
    {
      "type": "Feature",
      "geometry": {
        "type": "Point",
        "coordinates": [
          72.9950119408365,
          18.193937129794723
        ]
      },
      "properties": {
        "layer": "interpolated_heatmap",
        "value": 0.7025,
        "label": "Interpolated anomaly intensity",
        "disclaimer": "Interpolated estimate \u2014 NOT a direct measurement",
        "data_provenance": "INFERRED"
      }
    },
    {
      "type": "Feature",
      "geometry": {
        "type": "Point",
        "coordinates": [
          72.9950119408365,
          18.320327915797886
        ]
      },
      "properties": {
        "layer": "interpolated_heatmap",
        "value": 0.7252,
        "label": "Interpolated anomaly intensity",
        "disclaimer": "Interpolated estimate \u2014 NOT a direct measurement",
        "data_provenance": "INFERRED"
      }
    },
    {
      "type": "Feature",
      "geometry": {
        "type": "Point",
        "coordinates": [
          72.9950119408365,
          18.44671870180105
        ]
      },
      "properties": {
        "layer": "interpolated_heatmap",
        "value": 0.7368,
        "label": "Interpolated anomaly intensity",
        "disclaimer": "Interpolated estimate \u2014 NOT a direct measurement",
        "data_provenance": "INFERRED"
      }
    },
    {
      "type": "Feature",
      "geometry": {
        "type": "Point",
        "coordinates": [
          72.9950119408365,
          18.573109487804214
        ]
      },
      "properties": {
        "layer": "interpolated_heatmap",
        "value": 0.7367,
        "label": "Interpolated anomaly intensity",
        "disclaimer": "Interpolated estimate \u2014 NOT a direct measurement",
        "data_provenance": "INFERRED"
      }
    },
    {
      "type": "Feature",
      "geometry": {
        "type": "Point",
        "coordinates": [
          72.9950119408365,
          18.699500273807374
        ]
      },
      "properties": {
        "layer": "interpolated_heatmap",
        "value": 0.7272,
        "label": "Interpolated anomaly intensity",
        "disclaimer": "Interpolated estimate \u2014 NOT a direct measurement",
        "data_provenance": "INFERRED"
      }
    },
    {
      "type": "Feature",
      "geometry": {
        "type": "Point",
        "coordinates": [
          72.9950119408365,
          18.825891059810537
        ]
      },
      "properties": {
        "layer": "interpolated_heatmap",
        "value": 0.7113,
        "label": "Interpolated anomaly intensity",
        "disclaimer": "Interpolated estimate \u2014 NOT a direct measurement",
        "data_provenance": "INFERRED"
      }
    },
    {
      "type": "Feature",
      "geometry": {
        "type": "Point",
        "coordinates": [
          72.9950119408365,
          18.9522818458137
        ]
      },
      "properties": {
        "layer": "interpolated_heatmap",
        "value": 0.6923,
        "label": "Interpolated anomaly intensity",
        "disclaimer": "Interpolated estimate \u2014 NOT a direct measurement",
        "data_provenance": "INFERRED"
      }
    },
    {
      "type": "Feature",
      "geometry": {
        "type": "Point",
        "coordinates": [
          72.9950119408365,
          19.078672631816865
        ]
      },
      "properties": {
        "layer": "interpolated_heatmap",
        "value": 0.6723,
        "label": "Interpolated anomaly intensity",
        "disclaimer": "Interpolated estimate \u2014 NOT a direct measurement",
        "data_provenance": "INFERRED"
      }
    },
    {
      "type": "Feature",
      "geometry": {
        "type": "Point",
        "coordinates": [
          72.9950119408365,
          19.20506341782003
        ]
      },
      "properties": {
        "layer": "interpolated_heatmap",
        "value": 0.653,
        "label": "Interpolated anomaly intensity",
        "disclaimer": "Interpolated estimate \u2014 NOT a direct measurement",
        "data_provenance": "INFERRED"
      }
    },
    {
      "type": "Feature",
      "geometry": {
        "type": "Point",
        "coordinates": [
          73.03859069945935,
          14.275822763696663
        ]
      },
      "properties": {
        "layer": "interpolated_heatmap",
        "value": 0.4391,
        "label": "Interpolated anomaly intensity",
        "disclaimer": "Interpolated estimate \u2014 NOT a direct measurement",
        "data_provenance": "INFERRED"
      }
    },
    {
      "type": "Feature",
      "geometry": {
        "type": "Point",
        "coordinates": [
          73.03859069945935,
          14.402213549699827
        ]
      },
      "properties": {
        "layer": "interpolated_heatmap",
        "value": 0.439,
        "label": "Interpolated anomaly intensity",
        "disclaimer": "Interpolated estimate \u2014 NOT a direct measurement",
        "data_provenance": "INFERRED"
      }
    },
    {
      "type": "Feature",
      "geometry": {
        "type": "Point",
        "coordinates": [
          73.03859069945935,
          14.52860433570299
        ]
      },
      "properties": {
        "layer": "interpolated_heatmap",
        "value": 0.4389,
        "label": "Interpolated anomaly intensity",
        "disclaimer": "Interpolated estimate \u2014 NOT a direct measurement",
        "data_provenance": "INFERRED"
      }
    },
    {
      "type": "Feature",
      "geometry": {
        "type": "Point",
        "coordinates": [
          73.03859069945935,
          14.654995121706152
        ]
      },
      "properties": {
        "layer": "interpolated_heatmap",
        "value": 0.4389,
        "label": "Interpolated anomaly intensity",
        "disclaimer": "Interpolated estimate \u2014 NOT a direct measurement",
        "data_provenance": "INFERRED"
      }
    },
    {
      "type": "Feature",
      "geometry": {
        "type": "Point",
        "coordinates": [
          73.03859069945935,
          14.781385907709316
        ]
      },
      "properties": {
        "layer": "interpolated_heatmap",
        "value": 0.4389,
        "label": "Interpolated anomaly intensity",
        "disclaimer": "Interpolated estimate \u2014 NOT a direct measurement",
        "data_provenance": "INFERRED"
      }
    },
    {
      "type": "Feature",
      "geometry": {
        "type": "Point",
        "coordinates": [
          73.03859069945935,
          14.90777669371248
        ]
      },
      "properties": {
        "layer": "interpolated_heatmap",
        "value": 0.439,
        "label": "Interpolated anomaly intensity",
        "disclaimer": "Interpolated estimate \u2014 NOT a direct measurement",
        "data_provenance": "INFERRED"
      }
    },
    {
      "type": "Feature",
      "geometry": {
        "type": "Point",
        "coordinates": [
          73.03859069945935,
          15.034167479715641
        ]
      },
      "properties": {
        "layer": "interpolated_heatmap",
        "value": 0.4391,
        "label": "Interpolated anomaly intensity",
        "disclaimer": "Interpolated estimate \u2014 NOT a direct measurement",
        "data_provenance": "INFERRED"
      }
    },
    {
      "type": "Feature",
      "geometry": {
        "type": "Point",
        "coordinates": [
          73.03859069945935,
          15.160558265718805
        ]
      },
      "properties": {
        "layer": "interpolated_heatmap",
        "value": 0.4392,
        "label": "Interpolated anomaly intensity",
        "disclaimer": "Interpolated estimate \u2014 NOT a direct measurement",
        "data_provenance": "INFERRED"
      }
    },
    {
      "type": "Feature",
      "geometry": {
        "type": "Point",
        "coordinates": [
          73.03859069945935,
          15.286949051721969
        ]
      },
      "properties": {
        "layer": "interpolated_heatmap",
        "value": 0.4395,
        "label": "Interpolated anomaly intensity",
        "disclaimer": "Interpolated estimate \u2014 NOT a direct measurement",
        "data_provenance": "INFERRED"
      }
    },
    {
      "type": "Feature",
      "geometry": {
        "type": "Point",
        "coordinates": [
          73.03859069945935,
          15.413339837725132
        ]
      },
      "properties": {
        "layer": "interpolated_heatmap",
        "value": 0.4398,
        "label": "Interpolated anomaly intensity",
        "disclaimer": "Interpolated estimate \u2014 NOT a direct measurement",
        "data_provenance": "INFERRED"
      }
    },
    {
      "type": "Feature",
      "geometry": {
        "type": "Point",
        "coordinates": [
          73.03859069945935,
          15.539730623728296
        ]
      },
      "properties": {
        "layer": "interpolated_heatmap",
        "value": 0.4403,
        "label": "Interpolated anomaly intensity",
        "disclaimer": "Interpolated estimate \u2014 NOT a direct measurement",
        "data_provenance": "INFERRED"
      }
    },
    {
      "type": "Feature",
      "geometry": {
        "type": "Point",
        "coordinates": [
          73.03859069945935,
          15.666121409731458
        ]
      },
      "properties": {
        "layer": "interpolated_heatmap",
        "value": 0.4409,
        "label": "Interpolated anomaly intensity",
        "disclaimer": "Interpolated estimate \u2014 NOT a direct measurement",
        "data_provenance": "INFERRED"
      }
    },
    {
      "type": "Feature",
      "geometry": {
        "type": "Point",
        "coordinates": [
          73.03859069945935,
          15.792512195734622
        ]
      },
      "properties": {
        "layer": "interpolated_heatmap",
        "value": 0.4417,
        "label": "Interpolated anomaly intensity",
        "disclaimer": "Interpolated estimate \u2014 NOT a direct measurement",
        "data_provenance": "INFERRED"
      }
    },
    {
      "type": "Feature",
      "geometry": {
        "type": "Point",
        "coordinates": [
          73.03859069945935,
          15.918902981737785
        ]
      },
      "properties": {
        "layer": "interpolated_heatmap",
        "value": 0.4427,
        "label": "Interpolated anomaly intensity",
        "disclaimer": "Interpolated estimate \u2014 NOT a direct measurement",
        "data_provenance": "INFERRED"
      }
    },
    {
      "type": "Feature",
      "geometry": {
        "type": "Point",
        "coordinates": [
          73.03859069945935,
          16.045293767740947
        ]
      },
      "properties": {
        "layer": "interpolated_heatmap",
        "value": 0.4441,
        "label": "Interpolated anomaly intensity",
        "disclaimer": "Interpolated estimate \u2014 NOT a direct measurement",
        "data_provenance": "INFERRED"
      }
    },
    {
      "type": "Feature",
      "geometry": {
        "type": "Point",
        "coordinates": [
          73.03859069945935,
          16.17168455374411
        ]
      },
      "properties": {
        "layer": "interpolated_heatmap",
        "value": 0.4457,
        "label": "Interpolated anomaly intensity",
        "disclaimer": "Interpolated estimate \u2014 NOT a direct measurement",
        "data_provenance": "INFERRED"
      }
    },
    {
      "type": "Feature",
      "geometry": {
        "type": "Point",
        "coordinates": [
          73.03859069945935,
          16.298075339747275
        ]
      },
      "properties": {
        "layer": "interpolated_heatmap",
        "value": 0.4478,
        "label": "Interpolated anomaly intensity",
        "disclaimer": "Interpolated estimate \u2014 NOT a direct measurement",
        "data_provenance": "INFERRED"
      }
    },
    {
      "type": "Feature",
      "geometry": {
        "type": "Point",
        "coordinates": [
          73.03859069945935,
          16.42446612575044
        ]
      },
      "properties": {
        "layer": "interpolated_heatmap",
        "value": 0.4505,
        "label": "Interpolated anomaly intensity",
        "disclaimer": "Interpolated estimate \u2014 NOT a direct measurement",
        "data_provenance": "INFERRED"
      }
    },
    {
      "type": "Feature",
      "geometry": {
        "type": "Point",
        "coordinates": [
          73.03859069945935,
          16.550856911753602
        ]
      },
      "properties": {
        "layer": "interpolated_heatmap",
        "value": 0.4539,
        "label": "Interpolated anomaly intensity",
        "disclaimer": "Interpolated estimate \u2014 NOT a direct measurement",
        "data_provenance": "INFERRED"
      }
    },
    {
      "type": "Feature",
      "geometry": {
        "type": "Point",
        "coordinates": [
          73.03859069945935,
          16.677247697756766
        ]
      },
      "properties": {
        "layer": "interpolated_heatmap",
        "value": 0.4582,
        "label": "Interpolated anomaly intensity",
        "disclaimer": "Interpolated estimate \u2014 NOT a direct measurement",
        "data_provenance": "INFERRED"
      }
    },
    {
      "type": "Feature",
      "geometry": {
        "type": "Point",
        "coordinates": [
          73.03859069945935,
          16.803638483759926
        ]
      },
      "properties": {
        "layer": "interpolated_heatmap",
        "value": 0.4636,
        "label": "Interpolated anomaly intensity",
        "disclaimer": "Interpolated estimate \u2014 NOT a direct measurement",
        "data_provenance": "INFERRED"
      }
    },
    {
      "type": "Feature",
      "geometry": {
        "type": "Point",
        "coordinates": [
          73.03859069945935,
          16.93002926976309
        ]
      },
      "properties": {
        "layer": "interpolated_heatmap",
        "value": 0.4705,
        "label": "Interpolated anomaly intensity",
        "disclaimer": "Interpolated estimate \u2014 NOT a direct measurement",
        "data_provenance": "INFERRED"
      }
    },
    {
      "type": "Feature",
      "geometry": {
        "type": "Point",
        "coordinates": [
          73.03859069945935,
          17.056420055766253
        ]
      },
      "properties": {
        "layer": "interpolated_heatmap",
        "value": 0.4792,
        "label": "Interpolated anomaly intensity",
        "disclaimer": "Interpolated estimate \u2014 NOT a direct measurement",
        "data_provenance": "INFERRED"
      }
    },
    {
      "type": "Feature",
      "geometry": {
        "type": "Point",
        "coordinates": [
          73.03859069945935,
          17.182810841769417
        ]
      },
      "properties": {
        "layer": "interpolated_heatmap",
        "value": 0.4902,
        "label": "Interpolated anomaly intensity",
        "disclaimer": "Interpolated estimate \u2014 NOT a direct measurement",
        "data_provenance": "INFERRED"
      }
    },
    {
      "type": "Feature",
      "geometry": {
        "type": "Point",
        "coordinates": [
          73.03859069945935,
          17.30920162777258
        ]
      },
      "properties": {
        "layer": "interpolated_heatmap",
        "value": 0.5041,
        "label": "Interpolated anomaly intensity",
        "disclaimer": "Interpolated estimate \u2014 NOT a direct measurement",
        "data_provenance": "INFERRED"
      }
    },
    {
      "type": "Feature",
      "geometry": {
        "type": "Point",
        "coordinates": [
          73.03859069945935,
          17.435592413775744
        ]
      },
      "properties": {
        "layer": "interpolated_heatmap",
        "value": 0.5216,
        "label": "Interpolated anomaly intensity",
        "disclaimer": "Interpolated estimate \u2014 NOT a direct measurement",
        "data_provenance": "INFERRED"
      }
    },
    {
      "type": "Feature",
      "geometry": {
        "type": "Point",
        "coordinates": [
          73.03859069945935,
          17.561983199778908
        ]
      },
      "properties": {
        "layer": "interpolated_heatmap",
        "value": 0.5431,
        "label": "Interpolated anomaly intensity",
        "disclaimer": "Interpolated estimate \u2014 NOT a direct measurement",
        "data_provenance": "INFERRED"
      }
    },
    {
      "type": "Feature",
      "geometry": {
        "type": "Point",
        "coordinates": [
          73.03859069945935,
          17.68837398578207
        ]
      },
      "properties": {
        "layer": "interpolated_heatmap",
        "value": 0.5692,
        "label": "Interpolated anomaly intensity",
        "disclaimer": "Interpolated estimate \u2014 NOT a direct measurement",
        "data_provenance": "INFERRED"
      }
    },
    {
      "type": "Feature",
      "geometry": {
        "type": "Point",
        "coordinates": [
          73.03859069945935,
          17.814764771785235
        ]
      },
      "properties": {
        "layer": "interpolated_heatmap",
        "value": 0.5996,
        "label": "Interpolated anomaly intensity",
        "disclaimer": "Interpolated estimate \u2014 NOT a direct measurement",
        "data_provenance": "INFERRED"
      }
    },
    {
      "type": "Feature",
      "geometry": {
        "type": "Point",
        "coordinates": [
          73.03859069945935,
          17.941155557788395
        ]
      },
      "properties": {
        "layer": "interpolated_heatmap",
        "value": 0.6329,
        "label": "Interpolated anomaly intensity",
        "disclaimer": "Interpolated estimate \u2014 NOT a direct measurement",
        "data_provenance": "INFERRED"
      }
    },
    {
      "type": "Feature",
      "geometry": {
        "type": "Point",
        "coordinates": [
          73.03859069945935,
          18.06754634379156
        ]
      },
      "properties": {
        "layer": "interpolated_heatmap",
        "value": 0.6666,
        "label": "Interpolated anomaly intensity",
        "disclaimer": "Interpolated estimate \u2014 NOT a direct measurement",
        "data_provenance": "INFERRED"
      }
    },
    {
      "type": "Feature",
      "geometry": {
        "type": "Point",
        "coordinates": [
          73.03859069945935,
          18.193937129794723
        ]
      },
      "properties": {
        "layer": "interpolated_heatmap",
        "value": 0.6967,
        "label": "Interpolated anomaly intensity",
        "disclaimer": "Interpolated estimate \u2014 NOT a direct measurement",
        "data_provenance": "INFERRED"
      }
    },
    {
      "type": "Feature",
      "geometry": {
        "type": "Point",
        "coordinates": [
          73.03859069945935,
          18.320327915797886
        ]
      },
      "properties": {
        "layer": "interpolated_heatmap",
        "value": 0.719,
        "label": "Interpolated anomaly intensity",
        "disclaimer": "Interpolated estimate \u2014 NOT a direct measurement",
        "data_provenance": "INFERRED"
      }
    },
    {
      "type": "Feature",
      "geometry": {
        "type": "Point",
        "coordinates": [
          73.03859069945935,
          18.44671870180105
        ]
      },
      "properties": {
        "layer": "interpolated_heatmap",
        "value": 0.7305,
        "label": "Interpolated anomaly intensity",
        "disclaimer": "Interpolated estimate \u2014 NOT a direct measurement",
        "data_provenance": "INFERRED"
      }
    },
    {
      "type": "Feature",
      "geometry": {
        "type": "Point",
        "coordinates": [
          73.03859069945935,
          18.573109487804214
        ]
      },
      "properties": {
        "layer": "interpolated_heatmap",
        "value": 0.7309,
        "label": "Interpolated anomaly intensity",
        "disclaimer": "Interpolated estimate \u2014 NOT a direct measurement",
        "data_provenance": "INFERRED"
      }
    },
    {
      "type": "Feature",
      "geometry": {
        "type": "Point",
        "coordinates": [
          73.03859069945935,
          18.699500273807374
        ]
      },
      "properties": {
        "layer": "interpolated_heatmap",
        "value": 0.722,
        "label": "Interpolated anomaly intensity",
        "disclaimer": "Interpolated estimate \u2014 NOT a direct measurement",
        "data_provenance": "INFERRED"
      }
    },
    {
      "type": "Feature",
      "geometry": {
        "type": "Point",
        "coordinates": [
          73.03859069945935,
          18.825891059810537
        ]
      },
      "properties": {
        "layer": "interpolated_heatmap",
        "value": 0.7068,
        "label": "Interpolated anomaly intensity",
        "disclaimer": "Interpolated estimate \u2014 NOT a direct measurement",
        "data_provenance": "INFERRED"
      }
    },
    {
      "type": "Feature",
      "geometry": {
        "type": "Point",
        "coordinates": [
          73.03859069945935,
          18.9522818458137
        ]
      },
      "properties": {
        "layer": "interpolated_heatmap",
        "value": 0.6885,
        "label": "Interpolated anomaly intensity",
        "disclaimer": "Interpolated estimate \u2014 NOT a direct measurement",
        "data_provenance": "INFERRED"
      }
    },
    {
      "type": "Feature",
      "geometry": {
        "type": "Point",
        "coordinates": [
          73.03859069945935,
          19.078672631816865
        ]
      },
      "properties": {
        "layer": "interpolated_heatmap",
        "value": 0.6693,
        "label": "Interpolated anomaly intensity",
        "disclaimer": "Interpolated estimate \u2014 NOT a direct measurement",
        "data_provenance": "INFERRED"
      }
    },
    {
      "type": "Feature",
      "geometry": {
        "type": "Point",
        "coordinates": [
          73.03859069945935,
          19.20506341782003
        ]
      },
      "properties": {
        "layer": "interpolated_heatmap",
        "value": 0.6505,
        "label": "Interpolated anomaly intensity",
        "disclaimer": "Interpolated estimate \u2014 NOT a direct measurement",
        "data_provenance": "INFERRED"
      }
    },
    {
      "type": "Feature",
      "geometry": {
        "type": "Point",
        "coordinates": [
          73.08216945808218,
          14.275822763696663
        ]
      },
      "properties": {
        "layer": "interpolated_heatmap",
        "value": 0.439,
        "label": "Interpolated anomaly intensity",
        "disclaimer": "Interpolated estimate \u2014 NOT a direct measurement",
        "data_provenance": "INFERRED"
      }
    },
    {
      "type": "Feature",
      "geometry": {
        "type": "Point",
        "coordinates": [
          73.08216945808218,
          14.402213549699827
        ]
      },
      "properties": {
        "layer": "interpolated_heatmap",
        "value": 0.4389,
        "label": "Interpolated anomaly intensity",
        "disclaimer": "Interpolated estimate \u2014 NOT a direct measurement",
        "data_provenance": "INFERRED"
      }
    },
    {
      "type": "Feature",
      "geometry": {
        "type": "Point",
        "coordinates": [
          73.08216945808218,
          14.52860433570299
        ]
      },
      "properties": {
        "layer": "interpolated_heatmap",
        "value": 0.4388,
        "label": "Interpolated anomaly intensity",
        "disclaimer": "Interpolated estimate \u2014 NOT a direct measurement",
        "data_provenance": "INFERRED"
      }
    },
    {
      "type": "Feature",
      "geometry": {
        "type": "Point",
        "coordinates": [
          73.08216945808218,
          14.654995121706152
        ]
      },
      "properties": {
        "layer": "interpolated_heatmap",
        "value": 0.4388,
        "label": "Interpolated anomaly intensity",
        "disclaimer": "Interpolated estimate \u2014 NOT a direct measurement",
        "data_provenance": "INFERRED"
      }
    },
    {
      "type": "Feature",
      "geometry": {
        "type": "Point",
        "coordinates": [
          73.08216945808218,
          14.781385907709316
        ]
      },
      "properties": {
        "layer": "interpolated_heatmap",
        "value": 0.4388,
        "label": "Interpolated anomaly intensity",
        "disclaimer": "Interpolated estimate \u2014 NOT a direct measurement",
        "data_provenance": "INFERRED"
      }
    },
    {
      "type": "Feature",
      "geometry": {
        "type": "Point",
        "coordinates": [
          73.08216945808218,
          14.90777669371248
        ]
      },
      "properties": {
        "layer": "interpolated_heatmap",
        "value": 0.4388,
        "label": "Interpolated anomaly intensity",
        "disclaimer": "Interpolated estimate \u2014 NOT a direct measurement",
        "data_provenance": "INFERRED"
      }
    },
    {
      "type": "Feature",
      "geometry": {
        "type": "Point",
        "coordinates": [
          73.08216945808218,
          15.034167479715641
        ]
      },
      "properties": {
        "layer": "interpolated_heatmap",
        "value": 0.4389,
        "label": "Interpolated anomaly intensity",
        "disclaimer": "Interpolated estimate \u2014 NOT a direct measurement",
        "data_provenance": "INFERRED"
      }
    },
    {
      "type": "Feature",
      "geometry": {
        "type": "Point",
        "coordinates": [
          73.08216945808218,
          15.160558265718805
        ]
      },
      "properties": {
        "layer": "interpolated_heatmap",
        "value": 0.4391,
        "label": "Interpolated anomaly intensity",
        "disclaimer": "Interpolated estimate \u2014 NOT a direct measurement",
        "data_provenance": "INFERRED"
      }
    },
    {
      "type": "Feature",
      "geometry": {
        "type": "Point",
        "coordinates": [
          73.08216945808218,
          15.286949051721969
        ]
      },
      "properties": {
        "layer": "interpolated_heatmap",
        "value": 0.4393,
        "label": "Interpolated anomaly intensity",
        "disclaimer": "Interpolated estimate \u2014 NOT a direct measurement",
        "data_provenance": "INFERRED"
      }
    },
    {
      "type": "Feature",
      "geometry": {
        "type": "Point",
        "coordinates": [
          73.08216945808218,
          15.413339837725132
        ]
      },
      "properties": {
        "layer": "interpolated_heatmap",
        "value": 0.4396,
        "label": "Interpolated anomaly intensity",
        "disclaimer": "Interpolated estimate \u2014 NOT a direct measurement",
        "data_provenance": "INFERRED"
      }
    },
    {
      "type": "Feature",
      "geometry": {
        "type": "Point",
        "coordinates": [
          73.08216945808218,
          15.539730623728296
        ]
      },
      "properties": {
        "layer": "interpolated_heatmap",
        "value": 0.4401,
        "label": "Interpolated anomaly intensity",
        "disclaimer": "Interpolated estimate \u2014 NOT a direct measurement",
        "data_provenance": "INFERRED"
      }
    },
    {
      "type": "Feature",
      "geometry": {
        "type": "Point",
        "coordinates": [
          73.08216945808218,
          15.666121409731458
        ]
      },
      "properties": {
        "layer": "interpolated_heatmap",
        "value": 0.4407,
        "label": "Interpolated anomaly intensity",
        "disclaimer": "Interpolated estimate \u2014 NOT a direct measurement",
        "data_provenance": "INFERRED"
      }
    },
    {
      "type": "Feature",
      "geometry": {
        "type": "Point",
        "coordinates": [
          73.08216945808218,
          15.792512195734622
        ]
      },
      "properties": {
        "layer": "interpolated_heatmap",
        "value": 0.4415,
        "label": "Interpolated anomaly intensity",
        "disclaimer": "Interpolated estimate \u2014 NOT a direct measurement",
        "data_provenance": "INFERRED"
      }
    },
    {
      "type": "Feature",
      "geometry": {
        "type": "Point",
        "coordinates": [
          73.08216945808218,
          15.918902981737785
        ]
      },
      "properties": {
        "layer": "interpolated_heatmap",
        "value": 0.4425,
        "label": "Interpolated anomaly intensity",
        "disclaimer": "Interpolated estimate \u2014 NOT a direct measurement",
        "data_provenance": "INFERRED"
      }
    },
    {
      "type": "Feature",
      "geometry": {
        "type": "Point",
        "coordinates": [
          73.08216945808218,
          16.045293767740947
        ]
      },
      "properties": {
        "layer": "interpolated_heatmap",
        "value": 0.4438,
        "label": "Interpolated anomaly intensity",
        "disclaimer": "Interpolated estimate \u2014 NOT a direct measurement",
        "data_provenance": "INFERRED"
      }
    },
    {
      "type": "Feature",
      "geometry": {
        "type": "Point",
        "coordinates": [
          73.08216945808218,
          16.17168455374411
        ]
      },
      "properties": {
        "layer": "interpolated_heatmap",
        "value": 0.4454,
        "label": "Interpolated anomaly intensity",
        "disclaimer": "Interpolated estimate \u2014 NOT a direct measurement",
        "data_provenance": "INFERRED"
      }
    },
    {
      "type": "Feature",
      "geometry": {
        "type": "Point",
        "coordinates": [
          73.08216945808218,
          16.298075339747275
        ]
      },
      "properties": {
        "layer": "interpolated_heatmap",
        "value": 0.4475,
        "label": "Interpolated anomaly intensity",
        "disclaimer": "Interpolated estimate \u2014 NOT a direct measurement",
        "data_provenance": "INFERRED"
      }
    },
    {
      "type": "Feature",
      "geometry": {
        "type": "Point",
        "coordinates": [
          73.08216945808218,
          16.42446612575044
        ]
      },
      "properties": {
        "layer": "interpolated_heatmap",
        "value": 0.4501,
        "label": "Interpolated anomaly intensity",
        "disclaimer": "Interpolated estimate \u2014 NOT a direct measurement",
        "data_provenance": "INFERRED"
      }
    },
    {
      "type": "Feature",
      "geometry": {
        "type": "Point",
        "coordinates": [
          73.08216945808218,
          16.550856911753602
        ]
      },
      "properties": {
        "layer": "interpolated_heatmap",
        "value": 0.4534,
        "label": "Interpolated anomaly intensity",
        "disclaimer": "Interpolated estimate \u2014 NOT a direct measurement",
        "data_provenance": "INFERRED"
      }
    },
    {
      "type": "Feature",
      "geometry": {
        "type": "Point",
        "coordinates": [
          73.08216945808218,
          16.677247697756766
        ]
      },
      "properties": {
        "layer": "interpolated_heatmap",
        "value": 0.4576,
        "label": "Interpolated anomaly intensity",
        "disclaimer": "Interpolated estimate \u2014 NOT a direct measurement",
        "data_provenance": "INFERRED"
      }
    },
    {
      "type": "Feature",
      "geometry": {
        "type": "Point",
        "coordinates": [
          73.08216945808218,
          16.803638483759926
        ]
      },
      "properties": {
        "layer": "interpolated_heatmap",
        "value": 0.463,
        "label": "Interpolated anomaly intensity",
        "disclaimer": "Interpolated estimate \u2014 NOT a direct measurement",
        "data_provenance": "INFERRED"
      }
    },
    {
      "type": "Feature",
      "geometry": {
        "type": "Point",
        "coordinates": [
          73.08216945808218,
          16.93002926976309
        ]
      },
      "properties": {
        "layer": "interpolated_heatmap",
        "value": 0.4697,
        "label": "Interpolated anomaly intensity",
        "disclaimer": "Interpolated estimate \u2014 NOT a direct measurement",
        "data_provenance": "INFERRED"
      }
    },
    {
      "type": "Feature",
      "geometry": {
        "type": "Point",
        "coordinates": [
          73.08216945808218,
          17.056420055766253
        ]
      },
      "properties": {
        "layer": "interpolated_heatmap",
        "value": 0.4782,
        "label": "Interpolated anomaly intensity",
        "disclaimer": "Interpolated estimate \u2014 NOT a direct measurement",
        "data_provenance": "INFERRED"
      }
    },
    {
      "type": "Feature",
      "geometry": {
        "type": "Point",
        "coordinates": [
          73.08216945808218,
          17.182810841769417
        ]
      },
      "properties": {
        "layer": "interpolated_heatmap",
        "value": 0.489,
        "label": "Interpolated anomaly intensity",
        "disclaimer": "Interpolated estimate \u2014 NOT a direct measurement",
        "data_provenance": "INFERRED"
      }
    },
    {
      "type": "Feature",
      "geometry": {
        "type": "Point",
        "coordinates": [
          73.08216945808218,
          17.30920162777258
        ]
      },
      "properties": {
        "layer": "interpolated_heatmap",
        "value": 0.5027,
        "label": "Interpolated anomaly intensity",
        "disclaimer": "Interpolated estimate \u2014 NOT a direct measurement",
        "data_provenance": "INFERRED"
      }
    },
    {
      "type": "Feature",
      "geometry": {
        "type": "Point",
        "coordinates": [
          73.08216945808218,
          17.435592413775744
        ]
      },
      "properties": {
        "layer": "interpolated_heatmap",
        "value": 0.5197,
        "label": "Interpolated anomaly intensity",
        "disclaimer": "Interpolated estimate \u2014 NOT a direct measurement",
        "data_provenance": "INFERRED"
      }
    },
    {
      "type": "Feature",
      "geometry": {
        "type": "Point",
        "coordinates": [
          73.08216945808218,
          17.561983199778908
        ]
      },
      "properties": {
        "layer": "interpolated_heatmap",
        "value": 0.5408,
        "label": "Interpolated anomaly intensity",
        "disclaimer": "Interpolated estimate \u2014 NOT a direct measurement",
        "data_provenance": "INFERRED"
      }
    },
    {
      "type": "Feature",
      "geometry": {
        "type": "Point",
        "coordinates": [
          73.08216945808218,
          17.68837398578207
        ]
      },
      "properties": {
        "layer": "interpolated_heatmap",
        "value": 0.5662,
        "label": "Interpolated anomaly intensity",
        "disclaimer": "Interpolated estimate \u2014 NOT a direct measurement",
        "data_provenance": "INFERRED"
      }
    },
    {
      "type": "Feature",
      "geometry": {
        "type": "Point",
        "coordinates": [
          73.08216945808218,
          17.814764771785235
        ]
      },
      "properties": {
        "layer": "interpolated_heatmap",
        "value": 0.5957,
        "label": "Interpolated anomaly intensity",
        "disclaimer": "Interpolated estimate \u2014 NOT a direct measurement",
        "data_provenance": "INFERRED"
      }
    },
    {
      "type": "Feature",
      "geometry": {
        "type": "Point",
        "coordinates": [
          73.08216945808218,
          17.941155557788395
        ]
      },
      "properties": {
        "layer": "interpolated_heatmap",
        "value": 0.628,
        "label": "Interpolated anomaly intensity",
        "disclaimer": "Interpolated estimate \u2014 NOT a direct measurement",
        "data_provenance": "INFERRED"
      }
    },
    {
      "type": "Feature",
      "geometry": {
        "type": "Point",
        "coordinates": [
          73.08216945808218,
          18.06754634379156
        ]
      },
      "properties": {
        "layer": "interpolated_heatmap",
        "value": 0.6607,
        "label": "Interpolated anomaly intensity",
        "disclaimer": "Interpolated estimate \u2014 NOT a direct measurement",
        "data_provenance": "INFERRED"
      }
    },
    {
      "type": "Feature",
      "geometry": {
        "type": "Point",
        "coordinates": [
          73.08216945808218,
          18.193937129794723
        ]
      },
      "properties": {
        "layer": "interpolated_heatmap",
        "value": 0.6899,
        "label": "Interpolated anomaly intensity",
        "disclaimer": "Interpolated estimate \u2014 NOT a direct measurement",
        "data_provenance": "INFERRED"
      }
    },
    {
      "type": "Feature",
      "geometry": {
        "type": "Point",
        "coordinates": [
          73.08216945808218,
          18.320327915797886
        ]
      },
      "properties": {
        "layer": "interpolated_heatmap",
        "value": 0.7117,
        "label": "Interpolated anomaly intensity",
        "disclaimer": "Interpolated estimate \u2014 NOT a direct measurement",
        "data_provenance": "INFERRED"
      }
    },
    {
      "type": "Feature",
      "geometry": {
        "type": "Point",
        "coordinates": [
          73.08216945808218,
          18.44671870180105
        ]
      },
      "properties": {
        "layer": "interpolated_heatmap",
        "value": 0.7232,
        "label": "Interpolated anomaly intensity",
        "disclaimer": "Interpolated estimate \u2014 NOT a direct measurement",
        "data_provenance": "INFERRED"
      }
    },
    {
      "type": "Feature",
      "geometry": {
        "type": "Point",
        "coordinates": [
          73.08216945808218,
          18.573109487804214
        ]
      },
      "properties": {
        "layer": "interpolated_heatmap",
        "value": 0.724,
        "label": "Interpolated anomaly intensity",
        "disclaimer": "Interpolated estimate \u2014 NOT a direct measurement",
        "data_provenance": "INFERRED"
      }
    },
    {
      "type": "Feature",
      "geometry": {
        "type": "Point",
        "coordinates": [
          73.08216945808218,
          18.699500273807374
        ]
      },
      "properties": {
        "layer": "interpolated_heatmap",
        "value": 0.7159,
        "label": "Interpolated anomaly intensity",
        "disclaimer": "Interpolated estimate \u2014 NOT a direct measurement",
        "data_provenance": "INFERRED"
      }
    },
    {
      "type": "Feature",
      "geometry": {
        "type": "Point",
        "coordinates": [
          73.08216945808218,
          18.825891059810537
        ]
      },
      "properties": {
        "layer": "interpolated_heatmap",
        "value": 0.7016,
        "label": "Interpolated anomaly intensity",
        "disclaimer": "Interpolated estimate \u2014 NOT a direct measurement",
        "data_provenance": "INFERRED"
      }
    },
    {
      "type": "Feature",
      "geometry": {
        "type": "Point",
        "coordinates": [
          73.08216945808218,
          18.9522818458137
        ]
      },
      "properties": {
        "layer": "interpolated_heatmap",
        "value": 0.6842,
        "label": "Interpolated anomaly intensity",
        "disclaimer": "Interpolated estimate \u2014 NOT a direct measurement",
        "data_provenance": "INFERRED"
      }
    },
    {
      "type": "Feature",
      "geometry": {
        "type": "Point",
        "coordinates": [
          73.08216945808218,
          19.078672631816865
        ]
      },
      "properties": {
        "layer": "interpolated_heatmap",
        "value": 0.6657,
        "label": "Interpolated anomaly intensity",
        "disclaimer": "Interpolated estimate \u2014 NOT a direct measurement",
        "data_provenance": "INFERRED"
      }
    },
    {
      "type": "Feature",
      "geometry": {
        "type": "Point",
        "coordinates": [
          73.08216945808218,
          19.20506341782003
        ]
      },
      "properties": {
        "layer": "interpolated_heatmap",
        "value": 0.6476,
        "label": "Interpolated anomaly intensity",
        "disclaimer": "Interpolated estimate \u2014 NOT a direct measurement",
        "data_provenance": "INFERRED"
      }
    },
    {
      "type": "Feature",
      "geometry": {
        "type": "Point",
        "coordinates": [
          73.125748216705,
          14.275822763696663
        ]
      },
      "properties": {
        "layer": "interpolated_heatmap",
        "value": 0.4389,
        "label": "Interpolated anomaly intensity",
        "disclaimer": "Interpolated estimate \u2014 NOT a direct measurement",
        "data_provenance": "INFERRED"
      }
    },
    {
      "type": "Feature",
      "geometry": {
        "type": "Point",
        "coordinates": [
          73.125748216705,
          14.402213549699827
        ]
      },
      "properties": {
        "layer": "interpolated_heatmap",
        "value": 0.4388,
        "label": "Interpolated anomaly intensity",
        "disclaimer": "Interpolated estimate \u2014 NOT a direct measurement",
        "data_provenance": "INFERRED"
      }
    },
    {
      "type": "Feature",
      "geometry": {
        "type": "Point",
        "coordinates": [
          73.125748216705,
          14.52860433570299
        ]
      },
      "properties": {
        "layer": "interpolated_heatmap",
        "value": 0.4387,
        "label": "Interpolated anomaly intensity",
        "disclaimer": "Interpolated estimate \u2014 NOT a direct measurement",
        "data_provenance": "INFERRED"
      }
    },
    {
      "type": "Feature",
      "geometry": {
        "type": "Point",
        "coordinates": [
          73.125748216705,
          14.654995121706152
        ]
      },
      "properties": {
        "layer": "interpolated_heatmap",
        "value": 0.4387,
        "label": "Interpolated anomaly intensity",
        "disclaimer": "Interpolated estimate \u2014 NOT a direct measurement",
        "data_provenance": "INFERRED"
      }
    },
    {
      "type": "Feature",
      "geometry": {
        "type": "Point",
        "coordinates": [
          73.125748216705,
          14.781385907709316
        ]
      },
      "properties": {
        "layer": "interpolated_heatmap",
        "value": 0.4387,
        "label": "Interpolated anomaly intensity",
        "disclaimer": "Interpolated estimate \u2014 NOT a direct measurement",
        "data_provenance": "INFERRED"
      }
    },
    {
      "type": "Feature",
      "geometry": {
        "type": "Point",
        "coordinates": [
          73.125748216705,
          14.90777669371248
        ]
      },
      "properties": {
        "layer": "interpolated_heatmap",
        "value": 0.4387,
        "label": "Interpolated anomaly intensity",
        "disclaimer": "Interpolated estimate \u2014 NOT a direct measurement",
        "data_provenance": "INFERRED"
      }
    },
    {
      "type": "Feature",
      "geometry": {
        "type": "Point",
        "coordinates": [
          73.125748216705,
          15.034167479715641
        ]
      },
      "properties": {
        "layer": "interpolated_heatmap",
        "value": 0.4388,
        "label": "Interpolated anomaly intensity",
        "disclaimer": "Interpolated estimate \u2014 NOT a direct measurement",
        "data_provenance": "INFERRED"
      }
    },
    {
      "type": "Feature",
      "geometry": {
        "type": "Point",
        "coordinates": [
          73.125748216705,
          15.160558265718805
        ]
      },
      "properties": {
        "layer": "interpolated_heatmap",
        "value": 0.4389,
        "label": "Interpolated anomaly intensity",
        "disclaimer": "Interpolated estimate \u2014 NOT a direct measurement",
        "data_provenance": "INFERRED"
      }
    },
    {
      "type": "Feature",
      "geometry": {
        "type": "Point",
        "coordinates": [
          73.125748216705,
          15.286949051721969
        ]
      },
      "properties": {
        "layer": "interpolated_heatmap",
        "value": 0.4392,
        "label": "Interpolated anomaly intensity",
        "disclaimer": "Interpolated estimate \u2014 NOT a direct measurement",
        "data_provenance": "INFERRED"
      }
    },
    {
      "type": "Feature",
      "geometry": {
        "type": "Point",
        "coordinates": [
          73.125748216705,
          15.413339837725132
        ]
      },
      "properties": {
        "layer": "interpolated_heatmap",
        "value": 0.4395,
        "label": "Interpolated anomaly intensity",
        "disclaimer": "Interpolated estimate \u2014 NOT a direct measurement",
        "data_provenance": "INFERRED"
      }
    },
    {
      "type": "Feature",
      "geometry": {
        "type": "Point",
        "coordinates": [
          73.125748216705,
          15.539730623728296
        ]
      },
      "properties": {
        "layer": "interpolated_heatmap",
        "value": 0.4399,
        "label": "Interpolated anomaly intensity",
        "disclaimer": "Interpolated estimate \u2014 NOT a direct measurement",
        "data_provenance": "INFERRED"
      }
    },
    {
      "type": "Feature",
      "geometry": {
        "type": "Point",
        "coordinates": [
          73.125748216705,
          15.666121409731458
        ]
      },
      "properties": {
        "layer": "interpolated_heatmap",
        "value": 0.4405,
        "label": "Interpolated anomaly intensity",
        "disclaimer": "Interpolated estimate \u2014 NOT a direct measurement",
        "data_provenance": "INFERRED"
      }
    },
    {
      "type": "Feature",
      "geometry": {
        "type": "Point",
        "coordinates": [
          73.125748216705,
          15.792512195734622
        ]
      },
      "properties": {
        "layer": "interpolated_heatmap",
        "value": 0.4413,
        "label": "Interpolated anomaly intensity",
        "disclaimer": "Interpolated estimate \u2014 NOT a direct measurement",
        "data_provenance": "INFERRED"
      }
    },
    {
      "type": "Feature",
      "geometry": {
        "type": "Point",
        "coordinates": [
          73.125748216705,
          15.918902981737785
        ]
      },
      "properties": {
        "layer": "interpolated_heatmap",
        "value": 0.4422,
        "label": "Interpolated anomaly intensity",
        "disclaimer": "Interpolated estimate \u2014 NOT a direct measurement",
        "data_provenance": "INFERRED"
      }
    },
    {
      "type": "Feature",
      "geometry": {
        "type": "Point",
        "coordinates": [
          73.125748216705,
          16.045293767740947
        ]
      },
      "properties": {
        "layer": "interpolated_heatmap",
        "value": 0.4435,
        "label": "Interpolated anomaly intensity",
        "disclaimer": "Interpolated estimate \u2014 NOT a direct measurement",
        "data_provenance": "INFERRED"
      }
    },
    {
      "type": "Feature",
      "geometry": {
        "type": "Point",
        "coordinates": [
          73.125748216705,
          16.17168455374411
        ]
      },
      "properties": {
        "layer": "interpolated_heatmap",
        "value": 0.4451,
        "label": "Interpolated anomaly intensity",
        "disclaimer": "Interpolated estimate \u2014 NOT a direct measurement",
        "data_provenance": "INFERRED"
      }
    },
    {
      "type": "Feature",
      "geometry": {
        "type": "Point",
        "coordinates": [
          73.125748216705,
          16.298075339747275
        ]
      },
      "properties": {
        "layer": "interpolated_heatmap",
        "value": 0.4471,
        "label": "Interpolated anomaly intensity",
        "disclaimer": "Interpolated estimate \u2014 NOT a direct measurement",
        "data_provenance": "INFERRED"
      }
    },
    {
      "type": "Feature",
      "geometry": {
        "type": "Point",
        "coordinates": [
          73.125748216705,
          16.42446612575044
        ]
      },
      "properties": {
        "layer": "interpolated_heatmap",
        "value": 0.4497,
        "label": "Interpolated anomaly intensity",
        "disclaimer": "Interpolated estimate \u2014 NOT a direct measurement",
        "data_provenance": "INFERRED"
      }
    },
    {
      "type": "Feature",
      "geometry": {
        "type": "Point",
        "coordinates": [
          73.125748216705,
          16.550856911753602
        ]
      },
      "properties": {
        "layer": "interpolated_heatmap",
        "value": 0.453,
        "label": "Interpolated anomaly intensity",
        "disclaimer": "Interpolated estimate \u2014 NOT a direct measurement",
        "data_provenance": "INFERRED"
      }
    },
    {
      "type": "Feature",
      "geometry": {
        "type": "Point",
        "coordinates": [
          73.125748216705,
          16.677247697756766
        ]
      },
      "properties": {
        "layer": "interpolated_heatmap",
        "value": 0.4571,
        "label": "Interpolated anomaly intensity",
        "disclaimer": "Interpolated estimate \u2014 NOT a direct measurement",
        "data_provenance": "INFERRED"
      }
    },
    {
      "type": "Feature",
      "geometry": {
        "type": "Point",
        "coordinates": [
          73.125748216705,
          16.803638483759926
        ]
      },
      "properties": {
        "layer": "interpolated_heatmap",
        "value": 0.4623,
        "label": "Interpolated anomaly intensity",
        "disclaimer": "Interpolated estimate \u2014 NOT a direct measurement",
        "data_provenance": "INFERRED"
      }
    },
    {
      "type": "Feature",
      "geometry": {
        "type": "Point",
        "coordinates": [
          73.125748216705,
          16.93002926976309
        ]
      },
      "properties": {
        "layer": "interpolated_heatmap",
        "value": 0.4689,
        "label": "Interpolated anomaly intensity",
        "disclaimer": "Interpolated estimate \u2014 NOT a direct measurement",
        "data_provenance": "INFERRED"
      }
    },
    {
      "type": "Feature",
      "geometry": {
        "type": "Point",
        "coordinates": [
          73.125748216705,
          17.056420055766253
        ]
      },
      "properties": {
        "layer": "interpolated_heatmap",
        "value": 0.4773,
        "label": "Interpolated anomaly intensity",
        "disclaimer": "Interpolated estimate \u2014 NOT a direct measurement",
        "data_provenance": "INFERRED"
      }
    },
    {
      "type": "Feature",
      "geometry": {
        "type": "Point",
        "coordinates": [
          73.125748216705,
          17.182810841769417
        ]
      },
      "properties": {
        "layer": "interpolated_heatmap",
        "value": 0.4878,
        "label": "Interpolated anomaly intensity",
        "disclaimer": "Interpolated estimate \u2014 NOT a direct measurement",
        "data_provenance": "INFERRED"
      }
    },
    {
      "type": "Feature",
      "geometry": {
        "type": "Point",
        "coordinates": [
          73.125748216705,
          17.30920162777258
        ]
      },
      "properties": {
        "layer": "interpolated_heatmap",
        "value": 0.5012,
        "label": "Interpolated anomaly intensity",
        "disclaimer": "Interpolated estimate \u2014 NOT a direct measurement",
        "data_provenance": "INFERRED"
      }
    },
    {
      "type": "Feature",
      "geometry": {
        "type": "Point",
        "coordinates": [
          73.125748216705,
          17.435592413775744
        ]
      },
      "properties": {
        "layer": "interpolated_heatmap",
        "value": 0.5178,
        "label": "Interpolated anomaly intensity",
        "disclaimer": "Interpolated estimate \u2014 NOT a direct measurement",
        "data_provenance": "INFERRED"
      }
    },
    {
      "type": "Feature",
      "geometry": {
        "type": "Point",
        "coordinates": [
          73.125748216705,
          17.561983199778908
        ]
      },
      "properties": {
        "layer": "interpolated_heatmap",
        "value": 0.5382,
        "label": "Interpolated anomaly intensity",
        "disclaimer": "Interpolated estimate \u2014 NOT a direct measurement",
        "data_provenance": "INFERRED"
      }
    },
    {
      "type": "Feature",
      "geometry": {
        "type": "Point",
        "coordinates": [
          73.125748216705,
          17.68837398578207
        ]
      },
      "properties": {
        "layer": "interpolated_heatmap",
        "value": 0.5629,
        "label": "Interpolated anomaly intensity",
        "disclaimer": "Interpolated estimate \u2014 NOT a direct measurement",
        "data_provenance": "INFERRED"
      }
    },
    {
      "type": "Feature",
      "geometry": {
        "type": "Point",
        "coordinates": [
          73.125748216705,
          17.814764771785235
        ]
      },
      "properties": {
        "layer": "interpolated_heatmap",
        "value": 0.5914,
        "label": "Interpolated anomaly intensity",
        "disclaimer": "Interpolated estimate \u2014 NOT a direct measurement",
        "data_provenance": "INFERRED"
      }
    },
    {
      "type": "Feature",
      "geometry": {
        "type": "Point",
        "coordinates": [
          73.125748216705,
          17.941155557788395
        ]
      },
      "properties": {
        "layer": "interpolated_heatmap",
        "value": 0.6226,
        "label": "Interpolated anomaly intensity",
        "disclaimer": "Interpolated estimate \u2014 NOT a direct measurement",
        "data_provenance": "INFERRED"
      }
    },
    {
      "type": "Feature",
      "geometry": {
        "type": "Point",
        "coordinates": [
          73.125748216705,
          18.06754634379156
        ]
      },
      "properties": {
        "layer": "interpolated_heatmap",
        "value": 0.6541,
        "label": "Interpolated anomaly intensity",
        "disclaimer": "Interpolated estimate \u2014 NOT a direct measurement",
        "data_provenance": "INFERRED"
      }
    },
    {
      "type": "Feature",
      "geometry": {
        "type": "Point",
        "coordinates": [
          73.125748216705,
          18.193937129794723
        ]
      },
      "properties": {
        "layer": "interpolated_heatmap",
        "value": 0.6823,
        "label": "Interpolated anomaly intensity",
        "disclaimer": "Interpolated estimate \u2014 NOT a direct measurement",
        "data_provenance": "INFERRED"
      }
    },
    {
      "type": "Feature",
      "geometry": {
        "type": "Point",
        "coordinates": [
          73.125748216705,
          18.320327915797886
        ]
      },
      "properties": {
        "layer": "interpolated_heatmap",
        "value": 0.7035,
        "label": "Interpolated anomaly intensity",
        "disclaimer": "Interpolated estimate \u2014 NOT a direct measurement",
        "data_provenance": "INFERRED"
      }
    },
    {
      "type": "Feature",
      "geometry": {
        "type": "Point",
        "coordinates": [
          73.125748216705,
          18.44671870180105
        ]
      },
      "properties": {
        "layer": "interpolated_heatmap",
        "value": 0.715,
        "label": "Interpolated anomaly intensity",
        "disclaimer": "Interpolated estimate \u2014 NOT a direct measurement",
        "data_provenance": "INFERRED"
      }
    },
    {
      "type": "Feature",
      "geometry": {
        "type": "Point",
        "coordinates": [
          73.125748216705,
          18.573109487804214
        ]
      },
      "properties": {
        "layer": "interpolated_heatmap",
        "value": 0.7163,
        "label": "Interpolated anomaly intensity",
        "disclaimer": "Interpolated estimate \u2014 NOT a direct measurement",
        "data_provenance": "INFERRED"
      }
    },
    {
      "type": "Feature",
      "geometry": {
        "type": "Point",
        "coordinates": [
          73.125748216705,
          18.699500273807374
        ]
      },
      "properties": {
        "layer": "interpolated_heatmap",
        "value": 0.709,
        "label": "Interpolated anomaly intensity",
        "disclaimer": "Interpolated estimate \u2014 NOT a direct measurement",
        "data_provenance": "INFERRED"
      }
    },
    {
      "type": "Feature",
      "geometry": {
        "type": "Point",
        "coordinates": [
          73.125748216705,
          18.825891059810537
        ]
      },
      "properties": {
        "layer": "interpolated_heatmap",
        "value": 0.6957,
        "label": "Interpolated anomaly intensity",
        "disclaimer": "Interpolated estimate \u2014 NOT a direct measurement",
        "data_provenance": "INFERRED"
      }
    },
    {
      "type": "Feature",
      "geometry": {
        "type": "Point",
        "coordinates": [
          73.125748216705,
          18.9522818458137
        ]
      },
      "properties": {
        "layer": "interpolated_heatmap",
        "value": 0.6792,
        "label": "Interpolated anomaly intensity",
        "disclaimer": "Interpolated estimate \u2014 NOT a direct measurement",
        "data_provenance": "INFERRED"
      }
    },
    {
      "type": "Feature",
      "geometry": {
        "type": "Point",
        "coordinates": [
          73.125748216705,
          19.078672631816865
        ]
      },
      "properties": {
        "layer": "interpolated_heatmap",
        "value": 0.6616,
        "label": "Interpolated anomaly intensity",
        "disclaimer": "Interpolated estimate \u2014 NOT a direct measurement",
        "data_provenance": "INFERRED"
      }
    },
    {
      "type": "Feature",
      "geometry": {
        "type": "Point",
        "coordinates": [
          73.125748216705,
          19.20506341782003
        ]
      },
      "properties": {
        "layer": "interpolated_heatmap",
        "value": 0.6442,
        "label": "Interpolated anomaly intensity",
        "disclaimer": "Interpolated estimate \u2014 NOT a direct measurement",
        "data_provenance": "INFERRED"
      }
    },
    {
      "type": "Feature",
      "geometry": {
        "type": "Point",
        "coordinates": [
          73.16932697532783,
          14.275822763696663
        ]
      },
      "properties": {
        "layer": "interpolated_heatmap",
        "value": 0.4388,
        "label": "Interpolated anomaly intensity",
        "disclaimer": "Interpolated estimate \u2014 NOT a direct measurement",
        "data_provenance": "INFERRED"
      }
    },
    {
      "type": "Feature",
      "geometry": {
        "type": "Point",
        "coordinates": [
          73.16932697532783,
          14.402213549699827
        ]
      },
      "properties": {
        "layer": "interpolated_heatmap",
        "value": 0.4387,
        "label": "Interpolated anomaly intensity",
        "disclaimer": "Interpolated estimate \u2014 NOT a direct measurement",
        "data_provenance": "INFERRED"
      }
    },
    {
      "type": "Feature",
      "geometry": {
        "type": "Point",
        "coordinates": [
          73.16932697532783,
          14.52860433570299
        ]
      },
      "properties": {
        "layer": "interpolated_heatmap",
        "value": 0.4386,
        "label": "Interpolated anomaly intensity",
        "disclaimer": "Interpolated estimate \u2014 NOT a direct measurement",
        "data_provenance": "INFERRED"
      }
    },
    {
      "type": "Feature",
      "geometry": {
        "type": "Point",
        "coordinates": [
          73.16932697532783,
          14.654995121706152
        ]
      },
      "properties": {
        "layer": "interpolated_heatmap",
        "value": 0.4386,
        "label": "Interpolated anomaly intensity",
        "disclaimer": "Interpolated estimate \u2014 NOT a direct measurement",
        "data_provenance": "INFERRED"
      }
    },
    {
      "type": "Feature",
      "geometry": {
        "type": "Point",
        "coordinates": [
          73.16932697532783,
          14.781385907709316
        ]
      },
      "properties": {
        "layer": "interpolated_heatmap",
        "value": 0.4386,
        "label": "Interpolated anomaly intensity",
        "disclaimer": "Interpolated estimate \u2014 NOT a direct measurement",
        "data_provenance": "INFERRED"
      }
    },
    {
      "type": "Feature",
      "geometry": {
        "type": "Point",
        "coordinates": [
          73.16932697532783,
          14.90777669371248
        ]
      },
      "properties": {
        "layer": "interpolated_heatmap",
        "value": 0.4386,
        "label": "Interpolated anomaly intensity",
        "disclaimer": "Interpolated estimate \u2014 NOT a direct measurement",
        "data_provenance": "INFERRED"
      }
    },
    {
      "type": "Feature",
      "geometry": {
        "type": "Point",
        "coordinates": [
          73.16932697532783,
          15.034167479715641
        ]
      },
      "properties": {
        "layer": "interpolated_heatmap",
        "value": 0.4387,
        "label": "Interpolated anomaly intensity",
        "disclaimer": "Interpolated estimate \u2014 NOT a direct measurement",
        "data_provenance": "INFERRED"
      }
    },
    {
      "type": "Feature",
      "geometry": {
        "type": "Point",
        "coordinates": [
          73.16932697532783,
          15.160558265718805
        ]
      },
      "properties": {
        "layer": "interpolated_heatmap",
        "value": 0.4388,
        "label": "Interpolated anomaly intensity",
        "disclaimer": "Interpolated estimate \u2014 NOT a direct measurement",
        "data_provenance": "INFERRED"
      }
    },
    {
      "type": "Feature",
      "geometry": {
        "type": "Point",
        "coordinates": [
          73.16932697532783,
          15.286949051721969
        ]
      },
      "properties": {
        "layer": "interpolated_heatmap",
        "value": 0.439,
        "label": "Interpolated anomaly intensity",
        "disclaimer": "Interpolated estimate \u2014 NOT a direct measurement",
        "data_provenance": "INFERRED"
      }
    },
    {
      "type": "Feature",
      "geometry": {
        "type": "Point",
        "coordinates": [
          73.16932697532783,
          15.413339837725132
        ]
      },
      "properties": {
        "layer": "interpolated_heatmap",
        "value": 0.4393,
        "label": "Interpolated anomaly intensity",
        "disclaimer": "Interpolated estimate \u2014 NOT a direct measurement",
        "data_provenance": "INFERRED"
      }
    },
    {
      "type": "Feature",
      "geometry": {
        "type": "Point",
        "coordinates": [
          73.16932697532783,
          15.539730623728296
        ]
      },
      "properties": {
        "layer": "interpolated_heatmap",
        "value": 0.4397,
        "label": "Interpolated anomaly intensity",
        "disclaimer": "Interpolated estimate \u2014 NOT a direct measurement",
        "data_provenance": "INFERRED"
      }
    },
    {
      "type": "Feature",
      "geometry": {
        "type": "Point",
        "coordinates": [
          73.16932697532783,
          15.666121409731458
        ]
      },
      "properties": {
        "layer": "interpolated_heatmap",
        "value": 0.4403,
        "label": "Interpolated anomaly intensity",
        "disclaimer": "Interpolated estimate \u2014 NOT a direct measurement",
        "data_provenance": "INFERRED"
      }
    },
    {
      "type": "Feature",
      "geometry": {
        "type": "Point",
        "coordinates": [
          73.16932697532783,
          15.792512195734622
        ]
      },
      "properties": {
        "layer": "interpolated_heatmap",
        "value": 0.4411,
        "label": "Interpolated anomaly intensity",
        "disclaimer": "Interpolated estimate \u2014 NOT a direct measurement",
        "data_provenance": "INFERRED"
      }
    },
    {
      "type": "Feature",
      "geometry": {
        "type": "Point",
        "coordinates": [
          73.16932697532783,
          15.918902981737785
        ]
      },
      "properties": {
        "layer": "interpolated_heatmap",
        "value": 0.442,
        "label": "Interpolated anomaly intensity",
        "disclaimer": "Interpolated estimate \u2014 NOT a direct measurement",
        "data_provenance": "INFERRED"
      }
    },
    {
      "type": "Feature",
      "geometry": {
        "type": "Point",
        "coordinates": [
          73.16932697532783,
          16.045293767740947
        ]
      },
      "properties": {
        "layer": "interpolated_heatmap",
        "value": 0.4432,
        "label": "Interpolated anomaly intensity",
        "disclaimer": "Interpolated estimate \u2014 NOT a direct measurement",
        "data_provenance": "INFERRED"
      }
    },
    {
      "type": "Feature",
      "geometry": {
        "type": "Point",
        "coordinates": [
          73.16932697532783,
          16.17168455374411
        ]
      },
      "properties": {
        "layer": "interpolated_heatmap",
        "value": 0.4448,
        "label": "Interpolated anomaly intensity",
        "disclaimer": "Interpolated estimate \u2014 NOT a direct measurement",
        "data_provenance": "INFERRED"
      }
    },
    {
      "type": "Feature",
      "geometry": {
        "type": "Point",
        "coordinates": [
          73.16932697532783,
          16.298075339747275
        ]
      },
      "properties": {
        "layer": "interpolated_heatmap",
        "value": 0.4468,
        "label": "Interpolated anomaly intensity",
        "disclaimer": "Interpolated estimate \u2014 NOT a direct measurement",
        "data_provenance": "INFERRED"
      }
    },
    {
      "type": "Feature",
      "geometry": {
        "type": "Point",
        "coordinates": [
          73.16932697532783,
          16.42446612575044
        ]
      },
      "properties": {
        "layer": "interpolated_heatmap",
        "value": 0.4493,
        "label": "Interpolated anomaly intensity",
        "disclaimer": "Interpolated estimate \u2014 NOT a direct measurement",
        "data_provenance": "INFERRED"
      }
    },
    {
      "type": "Feature",
      "geometry": {
        "type": "Point",
        "coordinates": [
          73.16932697532783,
          16.550856911753602
        ]
      },
      "properties": {
        "layer": "interpolated_heatmap",
        "value": 0.4525,
        "label": "Interpolated anomaly intensity",
        "disclaimer": "Interpolated estimate \u2014 NOT a direct measurement",
        "data_provenance": "INFERRED"
      }
    },
    {
      "type": "Feature",
      "geometry": {
        "type": "Point",
        "coordinates": [
          73.16932697532783,
          16.677247697756766
        ]
      },
      "properties": {
        "layer": "interpolated_heatmap",
        "value": 0.4566,
        "label": "Interpolated anomaly intensity",
        "disclaimer": "Interpolated estimate \u2014 NOT a direct measurement",
        "data_provenance": "INFERRED"
      }
    },
    {
      "type": "Feature",
      "geometry": {
        "type": "Point",
        "coordinates": [
          73.16932697532783,
          16.803638483759926
        ]
      },
      "properties": {
        "layer": "interpolated_heatmap",
        "value": 0.4617,
        "label": "Interpolated anomaly intensity",
        "disclaimer": "Interpolated estimate \u2014 NOT a direct measurement",
        "data_provenance": "INFERRED"
      }
    },
    {
      "type": "Feature",
      "geometry": {
        "type": "Point",
        "coordinates": [
          73.16932697532783,
          16.93002926976309
        ]
      },
      "properties": {
        "layer": "interpolated_heatmap",
        "value": 0.4681,
        "label": "Interpolated anomaly intensity",
        "disclaimer": "Interpolated estimate \u2014 NOT a direct measurement",
        "data_provenance": "INFERRED"
      }
    },
    {
      "type": "Feature",
      "geometry": {
        "type": "Point",
        "coordinates": [
          73.16932697532783,
          17.056420055766253
        ]
      },
      "properties": {
        "layer": "interpolated_heatmap",
        "value": 0.4763,
        "label": "Interpolated anomaly intensity",
        "disclaimer": "Interpolated estimate \u2014 NOT a direct measurement",
        "data_provenance": "INFERRED"
      }
    },
    {
      "type": "Feature",
      "geometry": {
        "type": "Point",
        "coordinates": [
          73.16932697532783,
          17.182810841769417
        ]
      },
      "properties": {
        "layer": "interpolated_heatmap",
        "value": 0.4866,
        "label": "Interpolated anomaly intensity",
        "disclaimer": "Interpolated estimate \u2014 NOT a direct measurement",
        "data_provenance": "INFERRED"
      }
    },
    {
      "type": "Feature",
      "geometry": {
        "type": "Point",
        "coordinates": [
          73.16932697532783,
          17.30920162777258
        ]
      },
      "properties": {
        "layer": "interpolated_heatmap",
        "value": 0.4996,
        "label": "Interpolated anomaly intensity",
        "disclaimer": "Interpolated estimate \u2014 NOT a direct measurement",
        "data_provenance": "INFERRED"
      }
    },
    {
      "type": "Feature",
      "geometry": {
        "type": "Point",
        "coordinates": [
          73.16932697532783,
          17.435592413775744
        ]
      },
      "properties": {
        "layer": "interpolated_heatmap",
        "value": 0.5157,
        "label": "Interpolated anomaly intensity",
        "disclaimer": "Interpolated estimate \u2014 NOT a direct measurement",
        "data_provenance": "INFERRED"
      }
    },
    {
      "type": "Feature",
      "geometry": {
        "type": "Point",
        "coordinates": [
          73.16932697532783,
          17.561983199778908
        ]
      },
      "properties": {
        "layer": "interpolated_heatmap",
        "value": 0.5356,
        "label": "Interpolated anomaly intensity",
        "disclaimer": "Interpolated estimate \u2014 NOT a direct measurement",
        "data_provenance": "INFERRED"
      }
    },
    {
      "type": "Feature",
      "geometry": {
        "type": "Point",
        "coordinates": [
          73.16932697532783,
          17.68837398578207
        ]
      },
      "properties": {
        "layer": "interpolated_heatmap",
        "value": 0.5593,
        "label": "Interpolated anomaly intensity",
        "disclaimer": "Interpolated estimate \u2014 NOT a direct measurement",
        "data_provenance": "INFERRED"
      }
    },
    {
      "type": "Feature",
      "geometry": {
        "type": "Point",
        "coordinates": [
          73.16932697532783,
          17.814764771785235
        ]
      },
      "properties": {
        "layer": "interpolated_heatmap",
        "value": 0.5868,
        "label": "Interpolated anomaly intensity",
        "disclaimer": "Interpolated estimate \u2014 NOT a direct measurement",
        "data_provenance": "INFERRED"
      }
    },
    {
      "type": "Feature",
      "geometry": {
        "type": "Point",
        "coordinates": [
          73.16932697532783,
          17.941155557788395
        ]
      },
      "properties": {
        "layer": "interpolated_heatmap",
        "value": 0.6168,
        "label": "Interpolated anomaly intensity",
        "disclaimer": "Interpolated estimate \u2014 NOT a direct measurement",
        "data_provenance": "INFERRED"
      }
    },
    {
      "type": "Feature",
      "geometry": {
        "type": "Point",
        "coordinates": [
          73.16932697532783,
          18.06754634379156
        ]
      },
      "properties": {
        "layer": "interpolated_heatmap",
        "value": 0.647,
        "label": "Interpolated anomaly intensity",
        "disclaimer": "Interpolated estimate \u2014 NOT a direct measurement",
        "data_provenance": "INFERRED"
      }
    },
    {
      "type": "Feature",
      "geometry": {
        "type": "Point",
        "coordinates": [
          73.16932697532783,
          18.193937129794723
        ]
      },
      "properties": {
        "layer": "interpolated_heatmap",
        "value": 0.6741,
        "label": "Interpolated anomaly intensity",
        "disclaimer": "Interpolated estimate \u2014 NOT a direct measurement",
        "data_provenance": "INFERRED"
      }
    },
    {
      "type": "Feature",
      "geometry": {
        "type": "Point",
        "coordinates": [
          73.16932697532783,
          18.320327915797886
        ]
      },
      "properties": {
        "layer": "interpolated_heatmap",
        "value": 0.6946,
        "label": "Interpolated anomaly intensity",
        "disclaimer": "Interpolated estimate \u2014 NOT a direct measurement",
        "data_provenance": "INFERRED"
      }
    },
    {
      "type": "Feature",
      "geometry": {
        "type": "Point",
        "coordinates": [
          73.16932697532783,
          18.44671870180105
        ]
      },
      "properties": {
        "layer": "interpolated_heatmap",
        "value": 0.706,
        "label": "Interpolated anomaly intensity",
        "disclaimer": "Interpolated estimate \u2014 NOT a direct measurement",
        "data_provenance": "INFERRED"
      }
    },
    {
      "type": "Feature",
      "geometry": {
        "type": "Point",
        "coordinates": [
          73.16932697532783,
          18.573109487804214
        ]
      },
      "properties": {
        "layer": "interpolated_heatmap",
        "value": 0.7078,
        "label": "Interpolated anomaly intensity",
        "disclaimer": "Interpolated estimate \u2014 NOT a direct measurement",
        "data_provenance": "INFERRED"
      }
    },
    {
      "type": "Feature",
      "geometry": {
        "type": "Point",
        "coordinates": [
          73.16932697532783,
          18.699500273807374
        ]
      },
      "properties": {
        "layer": "interpolated_heatmap",
        "value": 0.7014,
        "label": "Interpolated anomaly intensity",
        "disclaimer": "Interpolated estimate \u2014 NOT a direct measurement",
        "data_provenance": "INFERRED"
      }
    },
    {
      "type": "Feature",
      "geometry": {
        "type": "Point",
        "coordinates": [
          73.16932697532783,
          18.825891059810537
        ]
      },
      "properties": {
        "layer": "interpolated_heatmap",
        "value": 0.6892,
        "label": "Interpolated anomaly intensity",
        "disclaimer": "Interpolated estimate \u2014 NOT a direct measurement",
        "data_provenance": "INFERRED"
      }
    },
    {
      "type": "Feature",
      "geometry": {
        "type": "Point",
        "coordinates": [
          73.16932697532783,
          18.9522818458137
        ]
      },
      "properties": {
        "layer": "interpolated_heatmap",
        "value": 0.6738,
        "label": "Interpolated anomaly intensity",
        "disclaimer": "Interpolated estimate \u2014 NOT a direct measurement",
        "data_provenance": "INFERRED"
      }
    },
    {
      "type": "Feature",
      "geometry": {
        "type": "Point",
        "coordinates": [
          73.16932697532783,
          19.078672631816865
        ]
      },
      "properties": {
        "layer": "interpolated_heatmap",
        "value": 0.6571,
        "label": "Interpolated anomaly intensity",
        "disclaimer": "Interpolated estimate \u2014 NOT a direct measurement",
        "data_provenance": "INFERRED"
      }
    },
    {
      "type": "Feature",
      "geometry": {
        "type": "Point",
        "coordinates": [
          73.16932697532783,
          19.20506341782003
        ]
      },
      "properties": {
        "layer": "interpolated_heatmap",
        "value": 0.6406,
        "label": "Interpolated anomaly intensity",
        "disclaimer": "Interpolated estimate \u2014 NOT a direct measurement",
        "data_provenance": "INFERRED"
      }
    },
    {
      "type": "Feature",
      "geometry": {
        "type": "Point",
        "coordinates": [
          73.21290573395066,
          14.275822763696663
        ]
      },
      "properties": {
        "layer": "interpolated_heatmap",
        "value": 0.4387,
        "label": "Interpolated anomaly intensity",
        "disclaimer": "Interpolated estimate \u2014 NOT a direct measurement",
        "data_provenance": "INFERRED"
      }
    },
    {
      "type": "Feature",
      "geometry": {
        "type": "Point",
        "coordinates": [
          73.21290573395066,
          14.402213549699827
        ]
      },
      "properties": {
        "layer": "interpolated_heatmap",
        "value": 0.4386,
        "label": "Interpolated anomaly intensity",
        "disclaimer": "Interpolated estimate \u2014 NOT a direct measurement",
        "data_provenance": "INFERRED"
      }
    },
    {
      "type": "Feature",
      "geometry": {
        "type": "Point",
        "coordinates": [
          73.21290573395066,
          14.52860433570299
        ]
      },
      "properties": {
        "layer": "interpolated_heatmap",
        "value": 0.4386,
        "label": "Interpolated anomaly intensity",
        "disclaimer": "Interpolated estimate \u2014 NOT a direct measurement",
        "data_provenance": "INFERRED"
      }
    },
    {
      "type": "Feature",
      "geometry": {
        "type": "Point",
        "coordinates": [
          73.21290573395066,
          14.654995121706152
        ]
      },
      "properties": {
        "layer": "interpolated_heatmap",
        "value": 0.4385,
        "label": "Interpolated anomaly intensity",
        "disclaimer": "Interpolated estimate \u2014 NOT a direct measurement",
        "data_provenance": "INFERRED"
      }
    },
    {
      "type": "Feature",
      "geometry": {
        "type": "Point",
        "coordinates": [
          73.21290573395066,
          14.781385907709316
        ]
      },
      "properties": {
        "layer": "interpolated_heatmap",
        "value": 0.4385,
        "label": "Interpolated anomaly intensity",
        "disclaimer": "Interpolated estimate \u2014 NOT a direct measurement",
        "data_provenance": "INFERRED"
      }
    },
    {
      "type": "Feature",
      "geometry": {
        "type": "Point",
        "coordinates": [
          73.21290573395066,
          14.90777669371248
        ]
      },
      "properties": {
        "layer": "interpolated_heatmap",
        "value": 0.4385,
        "label": "Interpolated anomaly intensity",
        "disclaimer": "Interpolated estimate \u2014 NOT a direct measurement",
        "data_provenance": "INFERRED"
      }
    },
    {
      "type": "Feature",
      "geometry": {
        "type": "Point",
        "coordinates": [
          73.21290573395066,
          15.034167479715641
        ]
      },
      "properties": {
        "layer": "interpolated_heatmap",
        "value": 0.4386,
        "label": "Interpolated anomaly intensity",
        "disclaimer": "Interpolated estimate \u2014 NOT a direct measurement",
        "data_provenance": "INFERRED"
      }
    },
    {
      "type": "Feature",
      "geometry": {
        "type": "Point",
        "coordinates": [
          73.21290573395066,
          15.160558265718805
        ]
      },
      "properties": {
        "layer": "interpolated_heatmap",
        "value": 0.4387,
        "label": "Interpolated anomaly intensity",
        "disclaimer": "Interpolated estimate \u2014 NOT a direct measurement",
        "data_provenance": "INFERRED"
      }
    },
    {
      "type": "Feature",
      "geometry": {
        "type": "Point",
        "coordinates": [
          73.21290573395066,
          15.286949051721969
        ]
      },
      "properties": {
        "layer": "interpolated_heatmap",
        "value": 0.4389,
        "label": "Interpolated anomaly intensity",
        "disclaimer": "Interpolated estimate \u2014 NOT a direct measurement",
        "data_provenance": "INFERRED"
      }
    },
    {
      "type": "Feature",
      "geometry": {
        "type": "Point",
        "coordinates": [
          73.21290573395066,
          15.413339837725132
        ]
      },
      "properties": {
        "layer": "interpolated_heatmap",
        "value": 0.4392,
        "label": "Interpolated anomaly intensity",
        "disclaimer": "Interpolated estimate \u2014 NOT a direct measurement",
        "data_provenance": "INFERRED"
      }
    },
    {
      "type": "Feature",
      "geometry": {
        "type": "Point",
        "coordinates": [
          73.21290573395066,
          15.539730623728296
        ]
      },
      "properties": {
        "layer": "interpolated_heatmap",
        "value": 0.4396,
        "label": "Interpolated anomaly intensity",
        "disclaimer": "Interpolated estimate \u2014 NOT a direct measurement",
        "data_provenance": "INFERRED"
      }
    },
    {
      "type": "Feature",
      "geometry": {
        "type": "Point",
        "coordinates": [
          73.21290573395066,
          15.666121409731458
        ]
      },
      "properties": {
        "layer": "interpolated_heatmap",
        "value": 0.4401,
        "label": "Interpolated anomaly intensity",
        "disclaimer": "Interpolated estimate \u2014 NOT a direct measurement",
        "data_provenance": "INFERRED"
      }
    },
    {
      "type": "Feature",
      "geometry": {
        "type": "Point",
        "coordinates": [
          73.21290573395066,
          15.792512195734622
        ]
      },
      "properties": {
        "layer": "interpolated_heatmap",
        "value": 0.4409,
        "label": "Interpolated anomaly intensity",
        "disclaimer": "Interpolated estimate \u2014 NOT a direct measurement",
        "data_provenance": "INFERRED"
      }
    },
    {
      "type": "Feature",
      "geometry": {
        "type": "Point",
        "coordinates": [
          73.21290573395066,
          15.918902981737785
        ]
      },
      "properties": {
        "layer": "interpolated_heatmap",
        "value": 0.4418,
        "label": "Interpolated anomaly intensity",
        "disclaimer": "Interpolated estimate \u2014 NOT a direct measurement",
        "data_provenance": "INFERRED"
      }
    },
    {
      "type": "Feature",
      "geometry": {
        "type": "Point",
        "coordinates": [
          73.21290573395066,
          16.045293767740947
        ]
      },
      "properties": {
        "layer": "interpolated_heatmap",
        "value": 0.443,
        "label": "Interpolated anomaly intensity",
        "disclaimer": "Interpolated estimate \u2014 NOT a direct measurement",
        "data_provenance": "INFERRED"
      }
    },
    {
      "type": "Feature",
      "geometry": {
        "type": "Point",
        "coordinates": [
          73.21290573395066,
          16.17168455374411
        ]
      },
      "properties": {
        "layer": "interpolated_heatmap",
        "value": 0.4445,
        "label": "Interpolated anomaly intensity",
        "disclaimer": "Interpolated estimate \u2014 NOT a direct measurement",
        "data_provenance": "INFERRED"
      }
    },
    {
      "type": "Feature",
      "geometry": {
        "type": "Point",
        "coordinates": [
          73.21290573395066,
          16.298075339747275
        ]
      },
      "properties": {
        "layer": "interpolated_heatmap",
        "value": 0.4465,
        "label": "Interpolated anomaly intensity",
        "disclaimer": "Interpolated estimate \u2014 NOT a direct measurement",
        "data_provenance": "INFERRED"
      }
    },
    {
      "type": "Feature",
      "geometry": {
        "type": "Point",
        "coordinates": [
          73.21290573395066,
          16.42446612575044
        ]
      },
      "properties": {
        "layer": "interpolated_heatmap",
        "value": 0.449,
        "label": "Interpolated anomaly intensity",
        "disclaimer": "Interpolated estimate \u2014 NOT a direct measurement",
        "data_provenance": "INFERRED"
      }
    },
    {
      "type": "Feature",
      "geometry": {
        "type": "Point",
        "coordinates": [
          73.21290573395066,
          16.550856911753602
        ]
      },
      "properties": {
        "layer": "interpolated_heatmap",
        "value": 0.4521,
        "label": "Interpolated anomaly intensity",
        "disclaimer": "Interpolated estimate \u2014 NOT a direct measurement",
        "data_provenance": "INFERRED"
      }
    },
    {
      "type": "Feature",
      "geometry": {
        "type": "Point",
        "coordinates": [
          73.21290573395066,
          16.677247697756766
        ]
      },
      "properties": {
        "layer": "interpolated_heatmap",
        "value": 0.456,
        "label": "Interpolated anomaly intensity",
        "disclaimer": "Interpolated estimate \u2014 NOT a direct measurement",
        "data_provenance": "INFERRED"
      }
    },
    {
      "type": "Feature",
      "geometry": {
        "type": "Point",
        "coordinates": [
          73.21290573395066,
          16.803638483759926
        ]
      },
      "properties": {
        "layer": "interpolated_heatmap",
        "value": 0.461,
        "label": "Interpolated anomaly intensity",
        "disclaimer": "Interpolated estimate \u2014 NOT a direct measurement",
        "data_provenance": "INFERRED"
      }
    },
    {
      "type": "Feature",
      "geometry": {
        "type": "Point",
        "coordinates": [
          73.21290573395066,
          16.93002926976309
        ]
      },
      "properties": {
        "layer": "interpolated_heatmap",
        "value": 0.4674,
        "label": "Interpolated anomaly intensity",
        "disclaimer": "Interpolated estimate \u2014 NOT a direct measurement",
        "data_provenance": "INFERRED"
      }
    },
    {
      "type": "Feature",
      "geometry": {
        "type": "Point",
        "coordinates": [
          73.21290573395066,
          17.056420055766253
        ]
      },
      "properties": {
        "layer": "interpolated_heatmap",
        "value": 0.4753,
        "label": "Interpolated anomaly intensity",
        "disclaimer": "Interpolated estimate \u2014 NOT a direct measurement",
        "data_provenance": "INFERRED"
      }
    },
    {
      "type": "Feature",
      "geometry": {
        "type": "Point",
        "coordinates": [
          73.21290573395066,
          17.182810841769417
        ]
      },
      "properties": {
        "layer": "interpolated_heatmap",
        "value": 0.4854,
        "label": "Interpolated anomaly intensity",
        "disclaimer": "Interpolated estimate \u2014 NOT a direct measurement",
        "data_provenance": "INFERRED"
      }
    },
    {
      "type": "Feature",
      "geometry": {
        "type": "Point",
        "coordinates": [
          73.21290573395066,
          17.30920162777258
        ]
      },
      "properties": {
        "layer": "interpolated_heatmap",
        "value": 0.498,
        "label": "Interpolated anomaly intensity",
        "disclaimer": "Interpolated estimate \u2014 NOT a direct measurement",
        "data_provenance": "INFERRED"
      }
    },
    {
      "type": "Feature",
      "geometry": {
        "type": "Point",
        "coordinates": [
          73.21290573395066,
          17.435592413775744
        ]
      },
      "properties": {
        "layer": "interpolated_heatmap",
        "value": 0.5136,
        "label": "Interpolated anomaly intensity",
        "disclaimer": "Interpolated estimate \u2014 NOT a direct measurement",
        "data_provenance": "INFERRED"
      }
    },
    {
      "type": "Feature",
      "geometry": {
        "type": "Point",
        "coordinates": [
          73.21290573395066,
          17.561983199778908
        ]
      },
      "properties": {
        "layer": "interpolated_heatmap",
        "value": 0.5328,
        "label": "Interpolated anomaly intensity",
        "disclaimer": "Interpolated estimate \u2014 NOT a direct measurement",
        "data_provenance": "INFERRED"
      }
    },
    {
      "type": "Feature",
      "geometry": {
        "type": "Point",
        "coordinates": [
          73.21290573395066,
          17.68837398578207
        ]
      },
      "properties": {
        "layer": "interpolated_heatmap",
        "value": 0.5556,
        "label": "Interpolated anomaly intensity",
        "disclaimer": "Interpolated estimate \u2014 NOT a direct measurement",
        "data_provenance": "INFERRED"
      }
    },
    {
      "type": "Feature",
      "geometry": {
        "type": "Point",
        "coordinates": [
          73.21290573395066,
          17.814764771785235
        ]
      },
      "properties": {
        "layer": "interpolated_heatmap",
        "value": 0.582,
        "label": "Interpolated anomaly intensity",
        "disclaimer": "Interpolated estimate \u2014 NOT a direct measurement",
        "data_provenance": "INFERRED"
      }
    },
    {
      "type": "Feature",
      "geometry": {
        "type": "Point",
        "coordinates": [
          73.21290573395066,
          17.941155557788395
        ]
      },
      "properties": {
        "layer": "interpolated_heatmap",
        "value": 0.6106,
        "label": "Interpolated anomaly intensity",
        "disclaimer": "Interpolated estimate \u2014 NOT a direct measurement",
        "data_provenance": "INFERRED"
      }
    },
    {
      "type": "Feature",
      "geometry": {
        "type": "Point",
        "coordinates": [
          73.21290573395066,
          18.06754634379156
        ]
      },
      "properties": {
        "layer": "interpolated_heatmap",
        "value": 0.6395,
        "label": "Interpolated anomaly intensity",
        "disclaimer": "Interpolated estimate \u2014 NOT a direct measurement",
        "data_provenance": "INFERRED"
      }
    },
    {
      "type": "Feature",
      "geometry": {
        "type": "Point",
        "coordinates": [
          73.21290573395066,
          18.193937129794723
        ]
      },
      "properties": {
        "layer": "interpolated_heatmap",
        "value": 0.6654,
        "label": "Interpolated anomaly intensity",
        "disclaimer": "Interpolated estimate \u2014 NOT a direct measurement",
        "data_provenance": "INFERRED"
      }
    },
    {
      "type": "Feature",
      "geometry": {
        "type": "Point",
        "coordinates": [
          73.21290573395066,
          18.320327915797886
        ]
      },
      "properties": {
        "layer": "interpolated_heatmap",
        "value": 0.6852,
        "label": "Interpolated anomaly intensity",
        "disclaimer": "Interpolated estimate \u2014 NOT a direct measurement",
        "data_provenance": "INFERRED"
      }
    },
    {
      "type": "Feature",
      "geometry": {
        "type": "Point",
        "coordinates": [
          73.21290573395066,
          18.44671870180105
        ]
      },
      "properties": {
        "layer": "interpolated_heatmap",
        "value": 0.6965,
        "label": "Interpolated anomaly intensity",
        "disclaimer": "Interpolated estimate \u2014 NOT a direct measurement",
        "data_provenance": "INFERRED"
      }
    },
    {
      "type": "Feature",
      "geometry": {
        "type": "Point",
        "coordinates": [
          73.21290573395066,
          18.573109487804214
        ]
      },
      "properties": {
        "layer": "interpolated_heatmap",
        "value": 0.6988,
        "label": "Interpolated anomaly intensity",
        "disclaimer": "Interpolated estimate \u2014 NOT a direct measurement",
        "data_provenance": "INFERRED"
      }
    },
    {
      "type": "Feature",
      "geometry": {
        "type": "Point",
        "coordinates": [
          73.21290573395066,
          18.699500273807374
        ]
      },
      "properties": {
        "layer": "interpolated_heatmap",
        "value": 0.6933,
        "label": "Interpolated anomaly intensity",
        "disclaimer": "Interpolated estimate \u2014 NOT a direct measurement",
        "data_provenance": "INFERRED"
      }
    },
    {
      "type": "Feature",
      "geometry": {
        "type": "Point",
        "coordinates": [
          73.21290573395066,
          18.825891059810537
        ]
      },
      "properties": {
        "layer": "interpolated_heatmap",
        "value": 0.6823,
        "label": "Interpolated anomaly intensity",
        "disclaimer": "Interpolated estimate \u2014 NOT a direct measurement",
        "data_provenance": "INFERRED"
      }
    },
    {
      "type": "Feature",
      "geometry": {
        "type": "Point",
        "coordinates": [
          73.21290573395066,
          18.9522818458137
        ]
      },
      "properties": {
        "layer": "interpolated_heatmap",
        "value": 0.6679,
        "label": "Interpolated anomaly intensity",
        "disclaimer": "Interpolated estimate \u2014 NOT a direct measurement",
        "data_provenance": "INFERRED"
      }
    },
    {
      "type": "Feature",
      "geometry": {
        "type": "Point",
        "coordinates": [
          73.21290573395066,
          19.078672631816865
        ]
      },
      "properties": {
        "layer": "interpolated_heatmap",
        "value": 0.6523,
        "label": "Interpolated anomaly intensity",
        "disclaimer": "Interpolated estimate \u2014 NOT a direct measurement",
        "data_provenance": "INFERRED"
      }
    },
    {
      "type": "Feature",
      "geometry": {
        "type": "Point",
        "coordinates": [
          73.21290573395066,
          19.20506341782003
        ]
      },
      "properties": {
        "layer": "interpolated_heatmap",
        "value": 0.6366,
        "label": "Interpolated anomaly intensity",
        "disclaimer": "Interpolated estimate \u2014 NOT a direct measurement",
        "data_provenance": "INFERRED"
      }
    },
    {
      "type": "Feature",
      "geometry": {
        "type": "Point",
        "coordinates": [
          73.2564844925735,
          14.275822763696663
        ]
      },
      "properties": {
        "layer": "interpolated_heatmap",
        "value": 0.4387,
        "label": "Interpolated anomaly intensity",
        "disclaimer": "Interpolated estimate \u2014 NOT a direct measurement",
        "data_provenance": "INFERRED"
      }
    },
    {
      "type": "Feature",
      "geometry": {
        "type": "Point",
        "coordinates": [
          73.2564844925735,
          14.402213549699827
        ]
      },
      "properties": {
        "layer": "interpolated_heatmap",
        "value": 0.4386,
        "label": "Interpolated anomaly intensity",
        "disclaimer": "Interpolated estimate \u2014 NOT a direct measurement",
        "data_provenance": "INFERRED"
      }
    },
    {
      "type": "Feature",
      "geometry": {
        "type": "Point",
        "coordinates": [
          73.2564844925735,
          14.52860433570299
        ]
      },
      "properties": {
        "layer": "interpolated_heatmap",
        "value": 0.4385,
        "label": "Interpolated anomaly intensity",
        "disclaimer": "Interpolated estimate \u2014 NOT a direct measurement",
        "data_provenance": "INFERRED"
      }
    },
    {
      "type": "Feature",
      "geometry": {
        "type": "Point",
        "coordinates": [
          73.2564844925735,
          14.654995121706152
        ]
      },
      "properties": {
        "layer": "interpolated_heatmap",
        "value": 0.4384,
        "label": "Interpolated anomaly intensity",
        "disclaimer": "Interpolated estimate \u2014 NOT a direct measurement",
        "data_provenance": "INFERRED"
      }
    },
    {
      "type": "Feature",
      "geometry": {
        "type": "Point",
        "coordinates": [
          73.2564844925735,
          14.781385907709316
        ]
      },
      "properties": {
        "layer": "interpolated_heatmap",
        "value": 0.4384,
        "label": "Interpolated anomaly intensity",
        "disclaimer": "Interpolated estimate \u2014 NOT a direct measurement",
        "data_provenance": "INFERRED"
      }
    },
    {
      "type": "Feature",
      "geometry": {
        "type": "Point",
        "coordinates": [
          73.2564844925735,
          14.90777669371248
        ]
      },
      "properties": {
        "layer": "interpolated_heatmap",
        "value": 0.4384,
        "label": "Interpolated anomaly intensity",
        "disclaimer": "Interpolated estimate \u2014 NOT a direct measurement",
        "data_provenance": "INFERRED"
      }
    },
    {
      "type": "Feature",
      "geometry": {
        "type": "Point",
        "coordinates": [
          73.2564844925735,
          15.034167479715641
        ]
      },
      "properties": {
        "layer": "interpolated_heatmap",
        "value": 0.4384,
        "label": "Interpolated anomaly intensity",
        "disclaimer": "Interpolated estimate \u2014 NOT a direct measurement",
        "data_provenance": "INFERRED"
      }
    },
    {
      "type": "Feature",
      "geometry": {
        "type": "Point",
        "coordinates": [
          73.2564844925735,
          15.160558265718805
        ]
      },
      "properties": {
        "layer": "interpolated_heatmap",
        "value": 0.4386,
        "label": "Interpolated anomaly intensity",
        "disclaimer": "Interpolated estimate \u2014 NOT a direct measurement",
        "data_provenance": "INFERRED"
      }
    },
    {
      "type": "Feature",
      "geometry": {
        "type": "Point",
        "coordinates": [
          73.2564844925735,
          15.286949051721969
        ]
      },
      "properties": {
        "layer": "interpolated_heatmap",
        "value": 0.4388,
        "label": "Interpolated anomaly intensity",
        "disclaimer": "Interpolated estimate \u2014 NOT a direct measurement",
        "data_provenance": "INFERRED"
      }
    },
    {
      "type": "Feature",
      "geometry": {
        "type": "Point",
        "coordinates": [
          73.2564844925735,
          15.413339837725132
        ]
      },
      "properties": {
        "layer": "interpolated_heatmap",
        "value": 0.439,
        "label": "Interpolated anomaly intensity",
        "disclaimer": "Interpolated estimate \u2014 NOT a direct measurement",
        "data_provenance": "INFERRED"
      }
    },
    {
      "type": "Feature",
      "geometry": {
        "type": "Point",
        "coordinates": [
          73.2564844925735,
          15.539730623728296
        ]
      },
      "properties": {
        "layer": "interpolated_heatmap",
        "value": 0.4394,
        "label": "Interpolated anomaly intensity",
        "disclaimer": "Interpolated estimate \u2014 NOT a direct measurement",
        "data_provenance": "INFERRED"
      }
    },
    {
      "type": "Feature",
      "geometry": {
        "type": "Point",
        "coordinates": [
          73.2564844925735,
          15.666121409731458
        ]
      },
      "properties": {
        "layer": "interpolated_heatmap",
        "value": 0.44,
        "label": "Interpolated anomaly intensity",
        "disclaimer": "Interpolated estimate \u2014 NOT a direct measurement",
        "data_provenance": "INFERRED"
      }
    },
    {
      "type": "Feature",
      "geometry": {
        "type": "Point",
        "coordinates": [
          73.2564844925735,
          15.792512195734622
        ]
      },
      "properties": {
        "layer": "interpolated_heatmap",
        "value": 0.4407,
        "label": "Interpolated anomaly intensity",
        "disclaimer": "Interpolated estimate \u2014 NOT a direct measurement",
        "data_provenance": "INFERRED"
      }
    },
    {
      "type": "Feature",
      "geometry": {
        "type": "Point",
        "coordinates": [
          73.2564844925735,
          15.918902981737785
        ]
      },
      "properties": {
        "layer": "interpolated_heatmap",
        "value": 0.4416,
        "label": "Interpolated anomaly intensity",
        "disclaimer": "Interpolated estimate \u2014 NOT a direct measurement",
        "data_provenance": "INFERRED"
      }
    },
    {
      "type": "Feature",
      "geometry": {
        "type": "Point",
        "coordinates": [
          73.2564844925735,
          16.045293767740947
        ]
      },
      "properties": {
        "layer": "interpolated_heatmap",
        "value": 0.4428,
        "label": "Interpolated anomaly intensity",
        "disclaimer": "Interpolated estimate \u2014 NOT a direct measurement",
        "data_provenance": "INFERRED"
      }
    },
    {
      "type": "Feature",
      "geometry": {
        "type": "Point",
        "coordinates": [
          73.2564844925735,
          16.17168455374411
        ]
      },
      "properties": {
        "layer": "interpolated_heatmap",
        "value": 0.4443,
        "label": "Interpolated anomaly intensity",
        "disclaimer": "Interpolated estimate \u2014 NOT a direct measurement",
        "data_provenance": "INFERRED"
      }
    },
    {
      "type": "Feature",
      "geometry": {
        "type": "Point",
        "coordinates": [
          73.2564844925735,
          16.298075339747275
        ]
      },
      "properties": {
        "layer": "interpolated_heatmap",
        "value": 0.4462,
        "label": "Interpolated anomaly intensity",
        "disclaimer": "Interpolated estimate \u2014 NOT a direct measurement",
        "data_provenance": "INFERRED"
      }
    },
    {
      "type": "Feature",
      "geometry": {
        "type": "Point",
        "coordinates": [
          73.2564844925735,
          16.42446612575044
        ]
      },
      "properties": {
        "layer": "interpolated_heatmap",
        "value": 0.4486,
        "label": "Interpolated anomaly intensity",
        "disclaimer": "Interpolated estimate \u2014 NOT a direct measurement",
        "data_provenance": "INFERRED"
      }
    },
    {
      "type": "Feature",
      "geometry": {
        "type": "Point",
        "coordinates": [
          73.2564844925735,
          16.550856911753602
        ]
      },
      "properties": {
        "layer": "interpolated_heatmap",
        "value": 0.4517,
        "label": "Interpolated anomaly intensity",
        "disclaimer": "Interpolated estimate \u2014 NOT a direct measurement",
        "data_provenance": "INFERRED"
      }
    },
    {
      "type": "Feature",
      "geometry": {
        "type": "Point",
        "coordinates": [
          73.2564844925735,
          16.677247697756766
        ]
      },
      "properties": {
        "layer": "interpolated_heatmap",
        "value": 0.4555,
        "label": "Interpolated anomaly intensity",
        "disclaimer": "Interpolated estimate \u2014 NOT a direct measurement",
        "data_provenance": "INFERRED"
      }
    },
    {
      "type": "Feature",
      "geometry": {
        "type": "Point",
        "coordinates": [
          73.2564844925735,
          16.803638483759926
        ]
      },
      "properties": {
        "layer": "interpolated_heatmap",
        "value": 0.4604,
        "label": "Interpolated anomaly intensity",
        "disclaimer": "Interpolated estimate \u2014 NOT a direct measurement",
        "data_provenance": "INFERRED"
      }
    },
    {
      "type": "Feature",
      "geometry": {
        "type": "Point",
        "coordinates": [
          73.2564844925735,
          16.93002926976309
        ]
      },
      "properties": {
        "layer": "interpolated_heatmap",
        "value": 0.4666,
        "label": "Interpolated anomaly intensity",
        "disclaimer": "Interpolated estimate \u2014 NOT a direct measurement",
        "data_provenance": "INFERRED"
      }
    },
    {
      "type": "Feature",
      "geometry": {
        "type": "Point",
        "coordinates": [
          73.2564844925735,
          17.056420055766253
        ]
      },
      "properties": {
        "layer": "interpolated_heatmap",
        "value": 0.4743,
        "label": "Interpolated anomaly intensity",
        "disclaimer": "Interpolated estimate \u2014 NOT a direct measurement",
        "data_provenance": "INFERRED"
      }
    },
    {
      "type": "Feature",
      "geometry": {
        "type": "Point",
        "coordinates": [
          73.2564844925735,
          17.182810841769417
        ]
      },
      "properties": {
        "layer": "interpolated_heatmap",
        "value": 0.4841,
        "label": "Interpolated anomaly intensity",
        "disclaimer": "Interpolated estimate \u2014 NOT a direct measurement",
        "data_provenance": "INFERRED"
      }
    },
    {
      "type": "Feature",
      "geometry": {
        "type": "Point",
        "coordinates": [
          73.2564844925735,
          17.30920162777258
        ]
      },
      "properties": {
        "layer": "interpolated_heatmap",
        "value": 0.4963,
        "label": "Interpolated anomaly intensity",
        "disclaimer": "Interpolated estimate \u2014 NOT a direct measurement",
        "data_provenance": "INFERRED"
      }
    },
    {
      "type": "Feature",
      "geometry": {
        "type": "Point",
        "coordinates": [
          73.2564844925735,
          17.435592413775744
        ]
      },
      "properties": {
        "layer": "interpolated_heatmap",
        "value": 0.5114,
        "label": "Interpolated anomaly intensity",
        "disclaimer": "Interpolated estimate \u2014 NOT a direct measurement",
        "data_provenance": "INFERRED"
      }
    },
    {
      "type": "Feature",
      "geometry": {
        "type": "Point",
        "coordinates": [
          73.2564844925735,
          17.561983199778908
        ]
      },
      "properties": {
        "layer": "interpolated_heatmap",
        "value": 0.5299,
        "label": "Interpolated anomaly intensity",
        "disclaimer": "Interpolated estimate \u2014 NOT a direct measurement",
        "data_provenance": "INFERRED"
      }
    },
    {
      "type": "Feature",
      "geometry": {
        "type": "Point",
        "coordinates": [
          73.2564844925735,
          17.68837398578207
        ]
      },
      "properties": {
        "layer": "interpolated_heatmap",
        "value": 0.5518,
        "label": "Interpolated anomaly intensity",
        "disclaimer": "Interpolated estimate \u2014 NOT a direct measurement",
        "data_provenance": "INFERRED"
      }
    },
    {
      "type": "Feature",
      "geometry": {
        "type": "Point",
        "coordinates": [
          73.2564844925735,
          17.814764771785235
        ]
      },
      "properties": {
        "layer": "interpolated_heatmap",
        "value": 0.577,
        "label": "Interpolated anomaly intensity",
        "disclaimer": "Interpolated estimate \u2014 NOT a direct measurement",
        "data_provenance": "INFERRED"
      }
    },
    {
      "type": "Feature",
      "geometry": {
        "type": "Point",
        "coordinates": [
          73.2564844925735,
          17.941155557788395
        ]
      },
      "properties": {
        "layer": "interpolated_heatmap",
        "value": 0.6043,
        "label": "Interpolated anomaly intensity",
        "disclaimer": "Interpolated estimate \u2014 NOT a direct measurement",
        "data_provenance": "INFERRED"
      }
    },
    {
      "type": "Feature",
      "geometry": {
        "type": "Point",
        "coordinates": [
          73.2564844925735,
          18.06754634379156
        ]
      },
      "properties": {
        "layer": "interpolated_heatmap",
        "value": 0.6317,
        "label": "Interpolated anomaly intensity",
        "disclaimer": "Interpolated estimate \u2014 NOT a direct measurement",
        "data_provenance": "INFERRED"
      }
    },
    {
      "type": "Feature",
      "geometry": {
        "type": "Point",
        "coordinates": [
          73.2564844925735,
          18.193937129794723
        ]
      },
      "properties": {
        "layer": "interpolated_heatmap",
        "value": 0.6564,
        "label": "Interpolated anomaly intensity",
        "disclaimer": "Interpolated estimate \u2014 NOT a direct measurement",
        "data_provenance": "INFERRED"
      }
    },
    {
      "type": "Feature",
      "geometry": {
        "type": "Point",
        "coordinates": [
          73.2564844925735,
          18.320327915797886
        ]
      },
      "properties": {
        "layer": "interpolated_heatmap",
        "value": 0.6755,
        "label": "Interpolated anomaly intensity",
        "disclaimer": "Interpolated estimate \u2014 NOT a direct measurement",
        "data_provenance": "INFERRED"
      }
    },
    {
      "type": "Feature",
      "geometry": {
        "type": "Point",
        "coordinates": [
          73.2564844925735,
          18.44671870180105
        ]
      },
      "properties": {
        "layer": "interpolated_heatmap",
        "value": 0.6866,
        "label": "Interpolated anomaly intensity",
        "disclaimer": "Interpolated estimate \u2014 NOT a direct measurement",
        "data_provenance": "INFERRED"
      }
    },
    {
      "type": "Feature",
      "geometry": {
        "type": "Point",
        "coordinates": [
          73.2564844925735,
          18.573109487804214
        ]
      },
      "properties": {
        "layer": "interpolated_heatmap",
        "value": 0.6894,
        "label": "Interpolated anomaly intensity",
        "disclaimer": "Interpolated estimate \u2014 NOT a direct measurement",
        "data_provenance": "INFERRED"
      }
    },
    {
      "type": "Feature",
      "geometry": {
        "type": "Point",
        "coordinates": [
          73.2564844925735,
          18.699500273807374
        ]
      },
      "properties": {
        "layer": "interpolated_heatmap",
        "value": 0.6848,
        "label": "Interpolated anomaly intensity",
        "disclaimer": "Interpolated estimate \u2014 NOT a direct measurement",
        "data_provenance": "INFERRED"
      }
    },
    {
      "type": "Feature",
      "geometry": {
        "type": "Point",
        "coordinates": [
          73.2564844925735,
          18.825891059810537
        ]
      },
      "properties": {
        "layer": "interpolated_heatmap",
        "value": 0.6749,
        "label": "Interpolated anomaly intensity",
        "disclaimer": "Interpolated estimate \u2014 NOT a direct measurement",
        "data_provenance": "INFERRED"
      }
    },
    {
      "type": "Feature",
      "geometry": {
        "type": "Point",
        "coordinates": [
          73.2564844925735,
          18.9522818458137
        ]
      },
      "properties": {
        "layer": "interpolated_heatmap",
        "value": 0.6617,
        "label": "Interpolated anomaly intensity",
        "disclaimer": "Interpolated estimate \u2014 NOT a direct measurement",
        "data_provenance": "INFERRED"
      }
    },
    {
      "type": "Feature",
      "geometry": {
        "type": "Point",
        "coordinates": [
          73.2564844925735,
          19.078672631816865
        ]
      },
      "properties": {
        "layer": "interpolated_heatmap",
        "value": 0.6471,
        "label": "Interpolated anomaly intensity",
        "disclaimer": "Interpolated estimate \u2014 NOT a direct measurement",
        "data_provenance": "INFERRED"
      }
    },
    {
      "type": "Feature",
      "geometry": {
        "type": "Point",
        "coordinates": [
          73.2564844925735,
          19.20506341782003
        ]
      },
      "properties": {
        "layer": "interpolated_heatmap",
        "value": 0.6324,
        "label": "Interpolated anomaly intensity",
        "disclaimer": "Interpolated estimate \u2014 NOT a direct measurement",
        "data_provenance": "INFERRED"
      }
    },
    {
      "type": "Feature",
      "geometry": {
        "type": "Point",
        "coordinates": [
          73.30006325119633,
          14.275822763696663
        ]
      },
      "properties": {
        "layer": "interpolated_heatmap",
        "value": 0.4386,
        "label": "Interpolated anomaly intensity",
        "disclaimer": "Interpolated estimate \u2014 NOT a direct measurement",
        "data_provenance": "INFERRED"
      }
    },
    {
      "type": "Feature",
      "geometry": {
        "type": "Point",
        "coordinates": [
          73.30006325119633,
          14.402213549699827
        ]
      },
      "properties": {
        "layer": "interpolated_heatmap",
        "value": 0.4385,
        "label": "Interpolated anomaly intensity",
        "disclaimer": "Interpolated estimate \u2014 NOT a direct measurement",
        "data_provenance": "INFERRED"
      }
    },
    {
      "type": "Feature",
      "geometry": {
        "type": "Point",
        "coordinates": [
          73.30006325119633,
          14.52860433570299
        ]
      },
      "properties": {
        "layer": "interpolated_heatmap",
        "value": 0.4384,
        "label": "Interpolated anomaly intensity",
        "disclaimer": "Interpolated estimate \u2014 NOT a direct measurement",
        "data_provenance": "INFERRED"
      }
    },
    {
      "type": "Feature",
      "geometry": {
        "type": "Point",
        "coordinates": [
          73.30006325119633,
          14.654995121706152
        ]
      },
      "properties": {
        "layer": "interpolated_heatmap",
        "value": 0.4383,
        "label": "Interpolated anomaly intensity",
        "disclaimer": "Interpolated estimate \u2014 NOT a direct measurement",
        "data_provenance": "INFERRED"
      }
    },
    {
      "type": "Feature",
      "geometry": {
        "type": "Point",
        "coordinates": [
          73.30006325119633,
          14.781385907709316
        ]
      },
      "properties": {
        "layer": "interpolated_heatmap",
        "value": 0.4383,
        "label": "Interpolated anomaly intensity",
        "disclaimer": "Interpolated estimate \u2014 NOT a direct measurement",
        "data_provenance": "INFERRED"
      }
    },
    {
      "type": "Feature",
      "geometry": {
        "type": "Point",
        "coordinates": [
          73.30006325119633,
          14.90777669371248
        ]
      },
      "properties": {
        "layer": "interpolated_heatmap",
        "value": 0.4383,
        "label": "Interpolated anomaly intensity",
        "disclaimer": "Interpolated estimate \u2014 NOT a direct measurement",
        "data_provenance": "INFERRED"
      }
    },
    {
      "type": "Feature",
      "geometry": {
        "type": "Point",
        "coordinates": [
          73.30006325119633,
          15.034167479715641
        ]
      },
      "properties": {
        "layer": "interpolated_heatmap",
        "value": 0.4383,
        "label": "Interpolated anomaly intensity",
        "disclaimer": "Interpolated estimate \u2014 NOT a direct measurement",
        "data_provenance": "INFERRED"
      }
    },
    {
      "type": "Feature",
      "geometry": {
        "type": "Point",
        "coordinates": [
          73.30006325119633,
          15.160558265718805
        ]
      },
      "properties": {
        "layer": "interpolated_heatmap",
        "value": 0.4384,
        "label": "Interpolated anomaly intensity",
        "disclaimer": "Interpolated estimate \u2014 NOT a direct measurement",
        "data_provenance": "INFERRED"
      }
    },
    {
      "type": "Feature",
      "geometry": {
        "type": "Point",
        "coordinates": [
          73.30006325119633,
          15.286949051721969
        ]
      },
      "properties": {
        "layer": "interpolated_heatmap",
        "value": 0.4386,
        "label": "Interpolated anomaly intensity",
        "disclaimer": "Interpolated estimate \u2014 NOT a direct measurement",
        "data_provenance": "INFERRED"
      }
    },
    {
      "type": "Feature",
      "geometry": {
        "type": "Point",
        "coordinates": [
          73.30006325119633,
          15.413339837725132
        ]
      },
      "properties": {
        "layer": "interpolated_heatmap",
        "value": 0.4389,
        "label": "Interpolated anomaly intensity",
        "disclaimer": "Interpolated estimate \u2014 NOT a direct measurement",
        "data_provenance": "INFERRED"
      }
    },
    {
      "type": "Feature",
      "geometry": {
        "type": "Point",
        "coordinates": [
          73.30006325119633,
          15.539730623728296
        ]
      },
      "properties": {
        "layer": "interpolated_heatmap",
        "value": 0.4393,
        "label": "Interpolated anomaly intensity",
        "disclaimer": "Interpolated estimate \u2014 NOT a direct measurement",
        "data_provenance": "INFERRED"
      }
    },
    {
      "type": "Feature",
      "geometry": {
        "type": "Point",
        "coordinates": [
          73.30006325119633,
          15.666121409731458
        ]
      },
      "properties": {
        "layer": "interpolated_heatmap",
        "value": 0.4398,
        "label": "Interpolated anomaly intensity",
        "disclaimer": "Interpolated estimate \u2014 NOT a direct measurement",
        "data_provenance": "INFERRED"
      }
    },
    {
      "type": "Feature",
      "geometry": {
        "type": "Point",
        "coordinates": [
          73.30006325119633,
          15.792512195734622
        ]
      },
      "properties": {
        "layer": "interpolated_heatmap",
        "value": 0.4405,
        "label": "Interpolated anomaly intensity",
        "disclaimer": "Interpolated estimate \u2014 NOT a direct measurement",
        "data_provenance": "INFERRED"
      }
    },
    {
      "type": "Feature",
      "geometry": {
        "type": "Point",
        "coordinates": [
          73.30006325119633,
          15.918902981737785
        ]
      },
      "properties": {
        "layer": "interpolated_heatmap",
        "value": 0.4414,
        "label": "Interpolated anomaly intensity",
        "disclaimer": "Interpolated estimate \u2014 NOT a direct measurement",
        "data_provenance": "INFERRED"
      }
    },
    {
      "type": "Feature",
      "geometry": {
        "type": "Point",
        "coordinates": [
          73.30006325119633,
          16.045293767740947
        ]
      },
      "properties": {
        "layer": "interpolated_heatmap",
        "value": 0.4425,
        "label": "Interpolated anomaly intensity",
        "disclaimer": "Interpolated estimate \u2014 NOT a direct measurement",
        "data_provenance": "INFERRED"
      }
    },
    {
      "type": "Feature",
      "geometry": {
        "type": "Point",
        "coordinates": [
          73.30006325119633,
          16.17168455374411
        ]
      },
      "properties": {
        "layer": "interpolated_heatmap",
        "value": 0.444,
        "label": "Interpolated anomaly intensity",
        "disclaimer": "Interpolated estimate \u2014 NOT a direct measurement",
        "data_provenance": "INFERRED"
      }
    },
    {
      "type": "Feature",
      "geometry": {
        "type": "Point",
        "coordinates": [
          73.30006325119633,
          16.298075339747275
        ]
      },
      "properties": {
        "layer": "interpolated_heatmap",
        "value": 0.4459,
        "label": "Interpolated anomaly intensity",
        "disclaimer": "Interpolated estimate \u2014 NOT a direct measurement",
        "data_provenance": "INFERRED"
      }
    },
    {
      "type": "Feature",
      "geometry": {
        "type": "Point",
        "coordinates": [
          73.30006325119633,
          16.42446612575044
        ]
      },
      "properties": {
        "layer": "interpolated_heatmap",
        "value": 0.4482,
        "label": "Interpolated anomaly intensity",
        "disclaimer": "Interpolated estimate \u2014 NOT a direct measurement",
        "data_provenance": "INFERRED"
      }
    },
    {
      "type": "Feature",
      "geometry": {
        "type": "Point",
        "coordinates": [
          73.30006325119633,
          16.550856911753602
        ]
      },
      "properties": {
        "layer": "interpolated_heatmap",
        "value": 0.4512,
        "label": "Interpolated anomaly intensity",
        "disclaimer": "Interpolated estimate \u2014 NOT a direct measurement",
        "data_provenance": "INFERRED"
      }
    },
    {
      "type": "Feature",
      "geometry": {
        "type": "Point",
        "coordinates": [
          73.30006325119633,
          16.677247697756766
        ]
      },
      "properties": {
        "layer": "interpolated_heatmap",
        "value": 0.455,
        "label": "Interpolated anomaly intensity",
        "disclaimer": "Interpolated estimate \u2014 NOT a direct measurement",
        "data_provenance": "INFERRED"
      }
    },
    {
      "type": "Feature",
      "geometry": {
        "type": "Point",
        "coordinates": [
          73.30006325119633,
          16.803638483759926
        ]
      },
      "properties": {
        "layer": "interpolated_heatmap",
        "value": 0.4598,
        "label": "Interpolated anomaly intensity",
        "disclaimer": "Interpolated estimate \u2014 NOT a direct measurement",
        "data_provenance": "INFERRED"
      }
    },
    {
      "type": "Feature",
      "geometry": {
        "type": "Point",
        "coordinates": [
          73.30006325119633,
          16.93002926976309
        ]
      },
      "properties": {
        "layer": "interpolated_heatmap",
        "value": 0.4658,
        "label": "Interpolated anomaly intensity",
        "disclaimer": "Interpolated estimate \u2014 NOT a direct measurement",
        "data_provenance": "INFERRED"
      }
    },
    {
      "type": "Feature",
      "geometry": {
        "type": "Point",
        "coordinates": [
          73.30006325119633,
          17.056420055766253
        ]
      },
      "properties": {
        "layer": "interpolated_heatmap",
        "value": 0.4733,
        "label": "Interpolated anomaly intensity",
        "disclaimer": "Interpolated estimate \u2014 NOT a direct measurement",
        "data_provenance": "INFERRED"
      }
    },
    {
      "type": "Feature",
      "geometry": {
        "type": "Point",
        "coordinates": [
          73.30006325119633,
          17.182810841769417
        ]
      },
      "properties": {
        "layer": "interpolated_heatmap",
        "value": 0.4828,
        "label": "Interpolated anomaly intensity",
        "disclaimer": "Interpolated estimate \u2014 NOT a direct measurement",
        "data_provenance": "INFERRED"
      }
    },
    {
      "type": "Feature",
      "geometry": {
        "type": "Point",
        "coordinates": [
          73.30006325119633,
          17.30920162777258
        ]
      },
      "properties": {
        "layer": "interpolated_heatmap",
        "value": 0.4946,
        "label": "Interpolated anomaly intensity",
        "disclaimer": "Interpolated estimate \u2014 NOT a direct measurement",
        "data_provenance": "INFERRED"
      }
    },
    {
      "type": "Feature",
      "geometry": {
        "type": "Point",
        "coordinates": [
          73.30006325119633,
          17.435592413775744
        ]
      },
      "properties": {
        "layer": "interpolated_heatmap",
        "value": 0.5092,
        "label": "Interpolated anomaly intensity",
        "disclaimer": "Interpolated estimate \u2014 NOT a direct measurement",
        "data_provenance": "INFERRED"
      }
    },
    {
      "type": "Feature",
      "geometry": {
        "type": "Point",
        "coordinates": [
          73.30006325119633,
          17.561983199778908
        ]
      },
      "properties": {
        "layer": "interpolated_heatmap",
        "value": 0.5269,
        "label": "Interpolated anomaly intensity",
        "disclaimer": "Interpolated estimate \u2014 NOT a direct measurement",
        "data_provenance": "INFERRED"
      }
    },
    {
      "type": "Feature",
      "geometry": {
        "type": "Point",
        "coordinates": [
          73.30006325119633,
          17.68837398578207
        ]
      },
      "properties": {
        "layer": "interpolated_heatmap",
        "value": 0.5479,
        "label": "Interpolated anomaly intensity",
        "disclaimer": "Interpolated estimate \u2014 NOT a direct measurement",
        "data_provenance": "INFERRED"
      }
    },
    {
      "type": "Feature",
      "geometry": {
        "type": "Point",
        "coordinates": [
          73.30006325119633,
          17.814764771785235
        ]
      },
      "properties": {
        "layer": "interpolated_heatmap",
        "value": 0.5718,
        "label": "Interpolated anomaly intensity",
        "disclaimer": "Interpolated estimate \u2014 NOT a direct measurement",
        "data_provenance": "INFERRED"
      }
    },
    {
      "type": "Feature",
      "geometry": {
        "type": "Point",
        "coordinates": [
          73.30006325119633,
          17.941155557788395
        ]
      },
      "properties": {
        "layer": "interpolated_heatmap",
        "value": 0.5978,
        "label": "Interpolated anomaly intensity",
        "disclaimer": "Interpolated estimate \u2014 NOT a direct measurement",
        "data_provenance": "INFERRED"
      }
    },
    {
      "type": "Feature",
      "geometry": {
        "type": "Point",
        "coordinates": [
          73.30006325119633,
          18.06754634379156
        ]
      },
      "properties": {
        "layer": "interpolated_heatmap",
        "value": 0.6238,
        "label": "Interpolated anomaly intensity",
        "disclaimer": "Interpolated estimate \u2014 NOT a direct measurement",
        "data_provenance": "INFERRED"
      }
    },
    {
      "type": "Feature",
      "geometry": {
        "type": "Point",
        "coordinates": [
          73.30006325119633,
          18.193937129794723
        ]
      },
      "properties": {
        "layer": "interpolated_heatmap",
        "value": 0.6473,
        "label": "Interpolated anomaly intensity",
        "disclaimer": "Interpolated estimate \u2014 NOT a direct measurement",
        "data_provenance": "INFERRED"
      }
    },
    {
      "type": "Feature",
      "geometry": {
        "type": "Point",
        "coordinates": [
          73.30006325119633,
          18.320327915797886
        ]
      },
      "properties": {
        "layer": "interpolated_heatmap",
        "value": 0.6655,
        "label": "Interpolated anomaly intensity",
        "disclaimer": "Interpolated estimate \u2014 NOT a direct measurement",
        "data_provenance": "INFERRED"
      }
    },
    {
      "type": "Feature",
      "geometry": {
        "type": "Point",
        "coordinates": [
          73.30006325119633,
          18.44671870180105
        ]
      },
      "properties": {
        "layer": "interpolated_heatmap",
        "value": 0.6765,
        "label": "Interpolated anomaly intensity",
        "disclaimer": "Interpolated estimate \u2014 NOT a direct measurement",
        "data_provenance": "INFERRED"
      }
    },
    {
      "type": "Feature",
      "geometry": {
        "type": "Point",
        "coordinates": [
          73.30006325119633,
          18.573109487804214
        ]
      },
      "properties": {
        "layer": "interpolated_heatmap",
        "value": 0.6797,
        "label": "Interpolated anomaly intensity",
        "disclaimer": "Interpolated estimate \u2014 NOT a direct measurement",
        "data_provenance": "INFERRED"
      }
    },
    {
      "type": "Feature",
      "geometry": {
        "type": "Point",
        "coordinates": [
          73.30006325119633,
          18.699500273807374
        ]
      },
      "properties": {
        "layer": "interpolated_heatmap",
        "value": 0.6761,
        "label": "Interpolated anomaly intensity",
        "disclaimer": "Interpolated estimate \u2014 NOT a direct measurement",
        "data_provenance": "INFERRED"
      }
    },
    {
      "type": "Feature",
      "geometry": {
        "type": "Point",
        "coordinates": [
          73.30006325119633,
          18.825891059810537
        ]
      },
      "properties": {
        "layer": "interpolated_heatmap",
        "value": 0.6673,
        "label": "Interpolated anomaly intensity",
        "disclaimer": "Interpolated estimate \u2014 NOT a direct measurement",
        "data_provenance": "INFERRED"
      }
    },
    {
      "type": "Feature",
      "geometry": {
        "type": "Point",
        "coordinates": [
          73.30006325119633,
          18.9522818458137
        ]
      },
      "properties": {
        "layer": "interpolated_heatmap",
        "value": 0.6553,
        "label": "Interpolated anomaly intensity",
        "disclaimer": "Interpolated estimate \u2014 NOT a direct measurement",
        "data_provenance": "INFERRED"
      }
    },
    {
      "type": "Feature",
      "geometry": {
        "type": "Point",
        "coordinates": [
          73.30006325119633,
          19.078672631816865
        ]
      },
      "properties": {
        "layer": "interpolated_heatmap",
        "value": 0.6418,
        "label": "Interpolated anomaly intensity",
        "disclaimer": "Interpolated estimate \u2014 NOT a direct measurement",
        "data_provenance": "INFERRED"
      }
    },
    {
      "type": "Feature",
      "geometry": {
        "type": "Point",
        "coordinates": [
          73.30006325119633,
          19.20506341782003
        ]
      },
      "properties": {
        "layer": "interpolated_heatmap",
        "value": 0.6279,
        "label": "Interpolated anomaly intensity",
        "disclaimer": "Interpolated estimate \u2014 NOT a direct measurement",
        "data_provenance": "INFERRED"
      }
    },
    {
      "type": "Feature",
      "geometry": {
        "type": "Point",
        "coordinates": [
          73.34364200981916,
          14.275822763696663
        ]
      },
      "properties": {
        "layer": "interpolated_heatmap",
        "value": 0.4385,
        "label": "Interpolated anomaly intensity",
        "disclaimer": "Interpolated estimate \u2014 NOT a direct measurement",
        "data_provenance": "INFERRED"
      }
    },
    {
      "type": "Feature",
      "geometry": {
        "type": "Point",
        "coordinates": [
          73.34364200981916,
          14.402213549699827
        ]
      },
      "properties": {
        "layer": "interpolated_heatmap",
        "value": 0.4384,
        "label": "Interpolated anomaly intensity",
        "disclaimer": "Interpolated estimate \u2014 NOT a direct measurement",
        "data_provenance": "INFERRED"
      }
    },
    {
      "type": "Feature",
      "geometry": {
        "type": "Point",
        "coordinates": [
          73.34364200981916,
          14.52860433570299
        ]
      },
      "properties": {
        "layer": "interpolated_heatmap",
        "value": 0.4383,
        "label": "Interpolated anomaly intensity",
        "disclaimer": "Interpolated estimate \u2014 NOT a direct measurement",
        "data_provenance": "INFERRED"
      }
    },
    {
      "type": "Feature",
      "geometry": {
        "type": "Point",
        "coordinates": [
          73.34364200981916,
          14.654995121706152
        ]
      },
      "properties": {
        "layer": "interpolated_heatmap",
        "value": 0.4382,
        "label": "Interpolated anomaly intensity",
        "disclaimer": "Interpolated estimate \u2014 NOT a direct measurement",
        "data_provenance": "INFERRED"
      }
    },
    {
      "type": "Feature",
      "geometry": {
        "type": "Point",
        "coordinates": [
          73.34364200981916,
          14.781385907709316
        ]
      },
      "properties": {
        "layer": "interpolated_heatmap",
        "value": 0.4382,
        "label": "Interpolated anomaly intensity",
        "disclaimer": "Interpolated estimate \u2014 NOT a direct measurement",
        "data_provenance": "INFERRED"
      }
    },
    {
      "type": "Feature",
      "geometry": {
        "type": "Point",
        "coordinates": [
          73.34364200981916,
          14.90777669371248
        ]
      },
      "properties": {
        "layer": "interpolated_heatmap",
        "value": 0.4382,
        "label": "Interpolated anomaly intensity",
        "disclaimer": "Interpolated estimate \u2014 NOT a direct measurement",
        "data_provenance": "INFERRED"
      }
    },
    {
      "type": "Feature",
      "geometry": {
        "type": "Point",
        "coordinates": [
          73.34364200981916,
          15.034167479715641
        ]
      },
      "properties": {
        "layer": "interpolated_heatmap",
        "value": 0.4382,
        "label": "Interpolated anomaly intensity",
        "disclaimer": "Interpolated estimate \u2014 NOT a direct measurement",
        "data_provenance": "INFERRED"
      }
    },
    {
      "type": "Feature",
      "geometry": {
        "type": "Point",
        "coordinates": [
          73.34364200981916,
          15.160558265718805
        ]
      },
      "properties": {
        "layer": "interpolated_heatmap",
        "value": 0.4383,
        "label": "Interpolated anomaly intensity",
        "disclaimer": "Interpolated estimate \u2014 NOT a direct measurement",
        "data_provenance": "INFERRED"
      }
    },
    {
      "type": "Feature",
      "geometry": {
        "type": "Point",
        "coordinates": [
          73.34364200981916,
          15.286949051721969
        ]
      },
      "properties": {
        "layer": "interpolated_heatmap",
        "value": 0.4385,
        "label": "Interpolated anomaly intensity",
        "disclaimer": "Interpolated estimate \u2014 NOT a direct measurement",
        "data_provenance": "INFERRED"
      }
    },
    {
      "type": "Feature",
      "geometry": {
        "type": "Point",
        "coordinates": [
          73.34364200981916,
          15.413339837725132
        ]
      },
      "properties": {
        "layer": "interpolated_heatmap",
        "value": 0.4388,
        "label": "Interpolated anomaly intensity",
        "disclaimer": "Interpolated estimate \u2014 NOT a direct measurement",
        "data_provenance": "INFERRED"
      }
    },
    {
      "type": "Feature",
      "geometry": {
        "type": "Point",
        "coordinates": [
          73.34364200981916,
          15.539730623728296
        ]
      },
      "properties": {
        "layer": "interpolated_heatmap",
        "value": 0.4391,
        "label": "Interpolated anomaly intensity",
        "disclaimer": "Interpolated estimate \u2014 NOT a direct measurement",
        "data_provenance": "INFERRED"
      }
    },
    {
      "type": "Feature",
      "geometry": {
        "type": "Point",
        "coordinates": [
          73.34364200981916,
          15.666121409731458
        ]
      },
      "properties": {
        "layer": "interpolated_heatmap",
        "value": 0.4396,
        "label": "Interpolated anomaly intensity",
        "disclaimer": "Interpolated estimate \u2014 NOT a direct measurement",
        "data_provenance": "INFERRED"
      }
    },
    {
      "type": "Feature",
      "geometry": {
        "type": "Point",
        "coordinates": [
          73.34364200981916,
          15.792512195734622
        ]
      },
      "properties": {
        "layer": "interpolated_heatmap",
        "value": 0.4403,
        "label": "Interpolated anomaly intensity",
        "disclaimer": "Interpolated estimate \u2014 NOT a direct measurement",
        "data_provenance": "INFERRED"
      }
    },
    {
      "type": "Feature",
      "geometry": {
        "type": "Point",
        "coordinates": [
          73.34364200981916,
          15.918902981737785
        ]
      },
      "properties": {
        "layer": "interpolated_heatmap",
        "value": 0.4412,
        "label": "Interpolated anomaly intensity",
        "disclaimer": "Interpolated estimate \u2014 NOT a direct measurement",
        "data_provenance": "INFERRED"
      }
    },
    {
      "type": "Feature",
      "geometry": {
        "type": "Point",
        "coordinates": [
          73.34364200981916,
          16.045293767740947
        ]
      },
      "properties": {
        "layer": "interpolated_heatmap",
        "value": 0.4423,
        "label": "Interpolated anomaly intensity",
        "disclaimer": "Interpolated estimate \u2014 NOT a direct measurement",
        "data_provenance": "INFERRED"
      }
    },
    {
      "type": "Feature",
      "geometry": {
        "type": "Point",
        "coordinates": [
          73.34364200981916,
          16.17168455374411
        ]
      },
      "properties": {
        "layer": "interpolated_heatmap",
        "value": 0.4438,
        "label": "Interpolated anomaly intensity",
        "disclaimer": "Interpolated estimate \u2014 NOT a direct measurement",
        "data_provenance": "INFERRED"
      }
    },
    {
      "type": "Feature",
      "geometry": {
        "type": "Point",
        "coordinates": [
          73.34364200981916,
          16.298075339747275
        ]
      },
      "properties": {
        "layer": "interpolated_heatmap",
        "value": 0.4456,
        "label": "Interpolated anomaly intensity",
        "disclaimer": "Interpolated estimate \u2014 NOT a direct measurement",
        "data_provenance": "INFERRED"
      }
    },
    {
      "type": "Feature",
      "geometry": {
        "type": "Point",
        "coordinates": [
          73.34364200981916,
          16.42446612575044
        ]
      },
      "properties": {
        "layer": "interpolated_heatmap",
        "value": 0.4479,
        "label": "Interpolated anomaly intensity",
        "disclaimer": "Interpolated estimate \u2014 NOT a direct measurement",
        "data_provenance": "INFERRED"
      }
    },
    {
      "type": "Feature",
      "geometry": {
        "type": "Point",
        "coordinates": [
          73.34364200981916,
          16.550856911753602
        ]
      },
      "properties": {
        "layer": "interpolated_heatmap",
        "value": 0.4508,
        "label": "Interpolated anomaly intensity",
        "disclaimer": "Interpolated estimate \u2014 NOT a direct measurement",
        "data_provenance": "INFERRED"
      }
    },
    {
      "type": "Feature",
      "geometry": {
        "type": "Point",
        "coordinates": [
          73.34364200981916,
          16.677247697756766
        ]
      },
      "properties": {
        "layer": "interpolated_heatmap",
        "value": 0.4545,
        "label": "Interpolated anomaly intensity",
        "disclaimer": "Interpolated estimate \u2014 NOT a direct measurement",
        "data_provenance": "INFERRED"
      }
    },
    {
      "type": "Feature",
      "geometry": {
        "type": "Point",
        "coordinates": [
          73.34364200981916,
          16.803638483759926
        ]
      },
      "properties": {
        "layer": "interpolated_heatmap",
        "value": 0.4592,
        "label": "Interpolated anomaly intensity",
        "disclaimer": "Interpolated estimate \u2014 NOT a direct measurement",
        "data_provenance": "INFERRED"
      }
    },
    {
      "type": "Feature",
      "geometry": {
        "type": "Point",
        "coordinates": [
          73.34364200981916,
          16.93002926976309
        ]
      },
      "properties": {
        "layer": "interpolated_heatmap",
        "value": 0.465,
        "label": "Interpolated anomaly intensity",
        "disclaimer": "Interpolated estimate \u2014 NOT a direct measurement",
        "data_provenance": "INFERRED"
      }
    },
    {
      "type": "Feature",
      "geometry": {
        "type": "Point",
        "coordinates": [
          73.34364200981916,
          17.056420055766253
        ]
      },
      "properties": {
        "layer": "interpolated_heatmap",
        "value": 0.4724,
        "label": "Interpolated anomaly intensity",
        "disclaimer": "Interpolated estimate \u2014 NOT a direct measurement",
        "data_provenance": "INFERRED"
      }
    },
    {
      "type": "Feature",
      "geometry": {
        "type": "Point",
        "coordinates": [
          73.34364200981916,
          17.182810841769417
        ]
      },
      "properties": {
        "layer": "interpolated_heatmap",
        "value": 0.4815,
        "label": "Interpolated anomaly intensity",
        "disclaimer": "Interpolated estimate \u2014 NOT a direct measurement",
        "data_provenance": "INFERRED"
      }
    },
    {
      "type": "Feature",
      "geometry": {
        "type": "Point",
        "coordinates": [
          73.34364200981916,
          17.30920162777258
        ]
      },
      "properties": {
        "layer": "interpolated_heatmap",
        "value": 0.4929,
        "label": "Interpolated anomaly intensity",
        "disclaimer": "Interpolated estimate \u2014 NOT a direct measurement",
        "data_provenance": "INFERRED"
      }
    },
    {
      "type": "Feature",
      "geometry": {
        "type": "Point",
        "coordinates": [
          73.34364200981916,
          17.435592413775744
        ]
      },
      "properties": {
        "layer": "interpolated_heatmap",
        "value": 0.507,
        "label": "Interpolated anomaly intensity",
        "disclaimer": "Interpolated estimate \u2014 NOT a direct measurement",
        "data_provenance": "INFERRED"
      }
    },
    {
      "type": "Feature",
      "geometry": {
        "type": "Point",
        "coordinates": [
          73.34364200981916,
          17.561983199778908
        ]
      },
      "properties": {
        "layer": "interpolated_heatmap",
        "value": 0.5239,
        "label": "Interpolated anomaly intensity",
        "disclaimer": "Interpolated estimate \u2014 NOT a direct measurement",
        "data_provenance": "INFERRED"
      }
    },
    {
      "type": "Feature",
      "geometry": {
        "type": "Point",
        "coordinates": [
          73.34364200981916,
          17.68837398578207
        ]
      },
      "properties": {
        "layer": "interpolated_heatmap",
        "value": 0.5439,
        "label": "Interpolated anomaly intensity",
        "disclaimer": "Interpolated estimate \u2014 NOT a direct measurement",
        "data_provenance": "INFERRED"
      }
    },
    {
      "type": "Feature",
      "geometry": {
        "type": "Point",
        "coordinates": [
          73.34364200981916,
          17.814764771785235
        ]
      },
      "properties": {
        "layer": "interpolated_heatmap",
        "value": 0.5667,
        "label": "Interpolated anomaly intensity",
        "disclaimer": "Interpolated estimate \u2014 NOT a direct measurement",
        "data_provenance": "INFERRED"
      }
    },
    {
      "type": "Feature",
      "geometry": {
        "type": "Point",
        "coordinates": [
          73.34364200981916,
          17.941155557788395
        ]
      },
      "properties": {
        "layer": "interpolated_heatmap",
        "value": 0.5912,
        "label": "Interpolated anomaly intensity",
        "disclaimer": "Interpolated estimate \u2014 NOT a direct measurement",
        "data_provenance": "INFERRED"
      }
    },
    {
      "type": "Feature",
      "geometry": {
        "type": "Point",
        "coordinates": [
          73.34364200981916,
          18.06754634379156
        ]
      },
      "properties": {
        "layer": "interpolated_heatmap",
        "value": 0.6158,
        "label": "Interpolated anomaly intensity",
        "disclaimer": "Interpolated estimate \u2014 NOT a direct measurement",
        "data_provenance": "INFERRED"
      }
    },
    {
      "type": "Feature",
      "geometry": {
        "type": "Point",
        "coordinates": [
          73.34364200981916,
          18.193937129794723
        ]
      },
      "properties": {
        "layer": "interpolated_heatmap",
        "value": 0.638,
        "label": "Interpolated anomaly intensity",
        "disclaimer": "Interpolated estimate \u2014 NOT a direct measurement",
        "data_provenance": "INFERRED"
      }
    },
    {
      "type": "Feature",
      "geometry": {
        "type": "Point",
        "coordinates": [
          73.34364200981916,
          18.320327915797886
        ]
      },
      "properties": {
        "layer": "interpolated_heatmap",
        "value": 0.6554,
        "label": "Interpolated anomaly intensity",
        "disclaimer": "Interpolated estimate \u2014 NOT a direct measurement",
        "data_provenance": "INFERRED"
      }
    },
    {
      "type": "Feature",
      "geometry": {
        "type": "Point",
        "coordinates": [
          73.34364200981916,
          18.44671870180105
        ]
      },
      "properties": {
        "layer": "interpolated_heatmap",
        "value": 0.6663,
        "label": "Interpolated anomaly intensity",
        "disclaimer": "Interpolated estimate \u2014 NOT a direct measurement",
        "data_provenance": "INFERRED"
      }
    },
    {
      "type": "Feature",
      "geometry": {
        "type": "Point",
        "coordinates": [
          73.34364200981916,
          18.573109487804214
        ]
      },
      "properties": {
        "layer": "interpolated_heatmap",
        "value": 0.6699,
        "label": "Interpolated anomaly intensity",
        "disclaimer": "Interpolated estimate \u2014 NOT a direct measurement",
        "data_provenance": "INFERRED"
      }
    },
    {
      "type": "Feature",
      "geometry": {
        "type": "Point",
        "coordinates": [
          73.34364200981916,
          18.699500273807374
        ]
      },
      "properties": {
        "layer": "interpolated_heatmap",
        "value": 0.6671,
        "label": "Interpolated anomaly intensity",
        "disclaimer": "Interpolated estimate \u2014 NOT a direct measurement",
        "data_provenance": "INFERRED"
      }
    },
    {
      "type": "Feature",
      "geometry": {
        "type": "Point",
        "coordinates": [
          73.34364200981916,
          18.825891059810537
        ]
      },
      "properties": {
        "layer": "interpolated_heatmap",
        "value": 0.6594,
        "label": "Interpolated anomaly intensity",
        "disclaimer": "Interpolated estimate \u2014 NOT a direct measurement",
        "data_provenance": "INFERRED"
      }
    },
    {
      "type": "Feature",
      "geometry": {
        "type": "Point",
        "coordinates": [
          73.34364200981916,
          18.9522818458137
        ]
      },
      "properties": {
        "layer": "interpolated_heatmap",
        "value": 0.6486,
        "label": "Interpolated anomaly intensity",
        "disclaimer": "Interpolated estimate \u2014 NOT a direct measurement",
        "data_provenance": "INFERRED"
      }
    },
    {
      "type": "Feature",
      "geometry": {
        "type": "Point",
        "coordinates": [
          73.34364200981916,
          19.078672631816865
        ]
      },
      "properties": {
        "layer": "interpolated_heatmap",
        "value": 0.6362,
        "label": "Interpolated anomaly intensity",
        "disclaimer": "Interpolated estimate \u2014 NOT a direct measurement",
        "data_provenance": "INFERRED"
      }
    },
    {
      "type": "Feature",
      "geometry": {
        "type": "Point",
        "coordinates": [
          73.34364200981916,
          19.20506341782003
        ]
      },
      "properties": {
        "layer": "interpolated_heatmap",
        "value": 0.6233,
        "label": "Interpolated anomaly intensity",
        "disclaimer": "Interpolated estimate \u2014 NOT a direct measurement",
        "data_provenance": "INFERRED"
      }
    },
    {
      "type": "Feature",
      "geometry": {
        "type": "Point",
        "coordinates": [
          73.38722076844199,
          14.275822763696663
        ]
      },
      "properties": {
        "layer": "interpolated_heatmap",
        "value": 0.4385,
        "label": "Interpolated anomaly intensity",
        "disclaimer": "Interpolated estimate \u2014 NOT a direct measurement",
        "data_provenance": "INFERRED"
      }
    },
    {
      "type": "Feature",
      "geometry": {
        "type": "Point",
        "coordinates": [
          73.38722076844199,
          14.402213549699827
        ]
      },
      "properties": {
        "layer": "interpolated_heatmap",
        "value": 0.4383,
        "label": "Interpolated anomaly intensity",
        "disclaimer": "Interpolated estimate \u2014 NOT a direct measurement",
        "data_provenance": "INFERRED"
      }
    },
    {
      "type": "Feature",
      "geometry": {
        "type": "Point",
        "coordinates": [
          73.38722076844199,
          14.52860433570299
        ]
      },
      "properties": {
        "layer": "interpolated_heatmap",
        "value": 0.4382,
        "label": "Interpolated anomaly intensity",
        "disclaimer": "Interpolated estimate \u2014 NOT a direct measurement",
        "data_provenance": "INFERRED"
      }
    },
    {
      "type": "Feature",
      "geometry": {
        "type": "Point",
        "coordinates": [
          73.38722076844199,
          14.654995121706152
        ]
      },
      "properties": {
        "layer": "interpolated_heatmap",
        "value": 0.4382,
        "label": "Interpolated anomaly intensity",
        "disclaimer": "Interpolated estimate \u2014 NOT a direct measurement",
        "data_provenance": "INFERRED"
      }
    },
    {
      "type": "Feature",
      "geometry": {
        "type": "Point",
        "coordinates": [
          73.38722076844199,
          14.781385907709316
        ]
      },
      "properties": {
        "layer": "interpolated_heatmap",
        "value": 0.4381,
        "label": "Interpolated anomaly intensity",
        "disclaimer": "Interpolated estimate \u2014 NOT a direct measurement",
        "data_provenance": "INFERRED"
      }
    },
    {
      "type": "Feature",
      "geometry": {
        "type": "Point",
        "coordinates": [
          73.38722076844199,
          14.90777669371248
        ]
      },
      "properties": {
        "layer": "interpolated_heatmap",
        "value": 0.4381,
        "label": "Interpolated anomaly intensity",
        "disclaimer": "Interpolated estimate \u2014 NOT a direct measurement",
        "data_provenance": "INFERRED"
      }
    },
    {
      "type": "Feature",
      "geometry": {
        "type": "Point",
        "coordinates": [
          73.38722076844199,
          15.034167479715641
        ]
      },
      "properties": {
        "layer": "interpolated_heatmap",
        "value": 0.4382,
        "label": "Interpolated anomaly intensity",
        "disclaimer": "Interpolated estimate \u2014 NOT a direct measurement",
        "data_provenance": "INFERRED"
      }
    },
    {
      "type": "Feature",
      "geometry": {
        "type": "Point",
        "coordinates": [
          73.38722076844199,
          15.160558265718805
        ]
      },
      "properties": {
        "layer": "interpolated_heatmap",
        "value": 0.4382,
        "label": "Interpolated anomaly intensity",
        "disclaimer": "Interpolated estimate \u2014 NOT a direct measurement",
        "data_provenance": "INFERRED"
      }
    },
    {
      "type": "Feature",
      "geometry": {
        "type": "Point",
        "coordinates": [
          73.38722076844199,
          15.286949051721969
        ]
      },
      "properties": {
        "layer": "interpolated_heatmap",
        "value": 0.4384,
        "label": "Interpolated anomaly intensity",
        "disclaimer": "Interpolated estimate \u2014 NOT a direct measurement",
        "data_provenance": "INFERRED"
      }
    },
    {
      "type": "Feature",
      "geometry": {
        "type": "Point",
        "coordinates": [
          73.38722076844199,
          15.413339837725132
        ]
      },
      "properties": {
        "layer": "interpolated_heatmap",
        "value": 0.4387,
        "label": "Interpolated anomaly intensity",
        "disclaimer": "Interpolated estimate \u2014 NOT a direct measurement",
        "data_provenance": "INFERRED"
      }
    },
    {
      "type": "Feature",
      "geometry": {
        "type": "Point",
        "coordinates": [
          73.38722076844199,
          15.539730623728296
        ]
      },
      "properties": {
        "layer": "interpolated_heatmap",
        "value": 0.439,
        "label": "Interpolated anomaly intensity",
        "disclaimer": "Interpolated estimate \u2014 NOT a direct measurement",
        "data_provenance": "INFERRED"
      }
    },
    {
      "type": "Feature",
      "geometry": {
        "type": "Point",
        "coordinates": [
          73.38722076844199,
          15.666121409731458
        ]
      },
      "properties": {
        "layer": "interpolated_heatmap",
        "value": 0.4395,
        "label": "Interpolated anomaly intensity",
        "disclaimer": "Interpolated estimate \u2014 NOT a direct measurement",
        "data_provenance": "INFERRED"
      }
    },
    {
      "type": "Feature",
      "geometry": {
        "type": "Point",
        "coordinates": [
          73.38722076844199,
          15.792512195734622
        ]
      },
      "properties": {
        "layer": "interpolated_heatmap",
        "value": 0.4402,
        "label": "Interpolated anomaly intensity",
        "disclaimer": "Interpolated estimate \u2014 NOT a direct measurement",
        "data_provenance": "INFERRED"
      }
    },
    {
      "type": "Feature",
      "geometry": {
        "type": "Point",
        "coordinates": [
          73.38722076844199,
          15.918902981737785
        ]
      },
      "properties": {
        "layer": "interpolated_heatmap",
        "value": 0.441,
        "label": "Interpolated anomaly intensity",
        "disclaimer": "Interpolated estimate \u2014 NOT a direct measurement",
        "data_provenance": "INFERRED"
      }
    },
    {
      "type": "Feature",
      "geometry": {
        "type": "Point",
        "coordinates": [
          73.38722076844199,
          16.045293767740947
        ]
      },
      "properties": {
        "layer": "interpolated_heatmap",
        "value": 0.4421,
        "label": "Interpolated anomaly intensity",
        "disclaimer": "Interpolated estimate \u2014 NOT a direct measurement",
        "data_provenance": "INFERRED"
      }
    },
    {
      "type": "Feature",
      "geometry": {
        "type": "Point",
        "coordinates": [
          73.38722076844199,
          16.17168455374411
        ]
      },
      "properties": {
        "layer": "interpolated_heatmap",
        "value": 0.4435,
        "label": "Interpolated anomaly intensity",
        "disclaimer": "Interpolated estimate \u2014 NOT a direct measurement",
        "data_provenance": "INFERRED"
      }
    },
    {
      "type": "Feature",
      "geometry": {
        "type": "Point",
        "coordinates": [
          73.38722076844199,
          16.298075339747275
        ]
      },
      "properties": {
        "layer": "interpolated_heatmap",
        "value": 0.4453,
        "label": "Interpolated anomaly intensity",
        "disclaimer": "Interpolated estimate \u2014 NOT a direct measurement",
        "data_provenance": "INFERRED"
      }
    },
    {
      "type": "Feature",
      "geometry": {
        "type": "Point",
        "coordinates": [
          73.38722076844199,
          16.42446612575044
        ]
      },
      "properties": {
        "layer": "interpolated_heatmap",
        "value": 0.4476,
        "label": "Interpolated anomaly intensity",
        "disclaimer": "Interpolated estimate \u2014 NOT a direct measurement",
        "data_provenance": "INFERRED"
      }
    },
    {
      "type": "Feature",
      "geometry": {
        "type": "Point",
        "coordinates": [
          73.38722076844199,
          16.550856911753602
        ]
      },
      "properties": {
        "layer": "interpolated_heatmap",
        "value": 0.4504,
        "label": "Interpolated anomaly intensity",
        "disclaimer": "Interpolated estimate \u2014 NOT a direct measurement",
        "data_provenance": "INFERRED"
      }
    },
    {
      "type": "Feature",
      "geometry": {
        "type": "Point",
        "coordinates": [
          73.38722076844199,
          16.677247697756766
        ]
      },
      "properties": {
        "layer": "interpolated_heatmap",
        "value": 0.454,
        "label": "Interpolated anomaly intensity",
        "disclaimer": "Interpolated estimate \u2014 NOT a direct measurement",
        "data_provenance": "INFERRED"
      }
    },
    {
      "type": "Feature",
      "geometry": {
        "type": "Point",
        "coordinates": [
          73.38722076844199,
          16.803638483759926
        ]
      },
      "properties": {
        "layer": "interpolated_heatmap",
        "value": 0.4586,
        "label": "Interpolated anomaly intensity",
        "disclaimer": "Interpolated estimate \u2014 NOT a direct measurement",
        "data_provenance": "INFERRED"
      }
    },
    {
      "type": "Feature",
      "geometry": {
        "type": "Point",
        "coordinates": [
          73.38722076844199,
          16.93002926976309
        ]
      },
      "properties": {
        "layer": "interpolated_heatmap",
        "value": 0.4643,
        "label": "Interpolated anomaly intensity",
        "disclaimer": "Interpolated estimate \u2014 NOT a direct measurement",
        "data_provenance": "INFERRED"
      }
    },
    {
      "type": "Feature",
      "geometry": {
        "type": "Point",
        "coordinates": [
          73.38722076844199,
          17.056420055766253
        ]
      },
      "properties": {
        "layer": "interpolated_heatmap",
        "value": 0.4714,
        "label": "Interpolated anomaly intensity",
        "disclaimer": "Interpolated estimate \u2014 NOT a direct measurement",
        "data_provenance": "INFERRED"
      }
    },
    {
      "type": "Feature",
      "geometry": {
        "type": "Point",
        "coordinates": [
          73.38722076844199,
          17.182810841769417
        ]
      },
      "properties": {
        "layer": "interpolated_heatmap",
        "value": 0.4803,
        "label": "Interpolated anomaly intensity",
        "disclaimer": "Interpolated estimate \u2014 NOT a direct measurement",
        "data_provenance": "INFERRED"
      }
    },
    {
      "type": "Feature",
      "geometry": {
        "type": "Point",
        "coordinates": [
          73.38722076844199,
          17.30920162777258
        ]
      },
      "properties": {
        "layer": "interpolated_heatmap",
        "value": 0.4912,
        "label": "Interpolated anomaly intensity",
        "disclaimer": "Interpolated estimate \u2014 NOT a direct measurement",
        "data_provenance": "INFERRED"
      }
    },
    {
      "type": "Feature",
      "geometry": {
        "type": "Point",
        "coordinates": [
          73.38722076844199,
          17.435592413775744
        ]
      },
      "properties": {
        "layer": "interpolated_heatmap",
        "value": 0.5047,
        "label": "Interpolated anomaly intensity",
        "disclaimer": "Interpolated estimate \u2014 NOT a direct measurement",
        "data_provenance": "INFERRED"
      }
    },
    {
      "type": "Feature",
      "geometry": {
        "type": "Point",
        "coordinates": [
          73.38722076844199,
          17.561983199778908
        ]
      },
      "properties": {
        "layer": "interpolated_heatmap",
        "value": 0.5209,
        "label": "Interpolated anomaly intensity",
        "disclaimer": "Interpolated estimate \u2014 NOT a direct measurement",
        "data_provenance": "INFERRED"
      }
    },
    {
      "type": "Feature",
      "geometry": {
        "type": "Point",
        "coordinates": [
          73.38722076844199,
          17.68837398578207
        ]
      },
      "properties": {
        "layer": "interpolated_heatmap",
        "value": 0.5399,
        "label": "Interpolated anomaly intensity",
        "disclaimer": "Interpolated estimate \u2014 NOT a direct measurement",
        "data_provenance": "INFERRED"
      }
    },
    {
      "type": "Feature",
      "geometry": {
        "type": "Point",
        "coordinates": [
          73.38722076844199,
          17.814764771785235
        ]
      },
      "properties": {
        "layer": "interpolated_heatmap",
        "value": 0.5615,
        "label": "Interpolated anomaly intensity",
        "disclaimer": "Interpolated estimate \u2014 NOT a direct measurement",
        "data_provenance": "INFERRED"
      }
    },
    {
      "type": "Feature",
      "geometry": {
        "type": "Point",
        "coordinates": [
          73.38722076844199,
          17.941155557788395
        ]
      },
      "properties": {
        "layer": "interpolated_heatmap",
        "value": 0.5846,
        "label": "Interpolated anomaly intensity",
        "disclaimer": "Interpolated estimate \u2014 NOT a direct measurement",
        "data_provenance": "INFERRED"
      }
    },
    {
      "type": "Feature",
      "geometry": {
        "type": "Point",
        "coordinates": [
          73.38722076844199,
          18.06754634379156
        ]
      },
      "properties": {
        "layer": "interpolated_heatmap",
        "value": 0.6078,
        "label": "Interpolated anomaly intensity",
        "disclaimer": "Interpolated estimate \u2014 NOT a direct measurement",
        "data_provenance": "INFERRED"
      }
    },
    {
      "type": "Feature",
      "geometry": {
        "type": "Point",
        "coordinates": [
          73.38722076844199,
          18.193937129794723
        ]
      },
      "properties": {
        "layer": "interpolated_heatmap",
        "value": 0.6288,
        "label": "Interpolated anomaly intensity",
        "disclaimer": "Interpolated estimate \u2014 NOT a direct measurement",
        "data_provenance": "INFERRED"
      }
    },
    {
      "type": "Feature",
      "geometry": {
        "type": "Point",
        "coordinates": [
          73.38722076844199,
          18.320327915797886
        ]
      },
      "properties": {
        "layer": "interpolated_heatmap",
        "value": 0.6454,
        "label": "Interpolated anomaly intensity",
        "disclaimer": "Interpolated estimate \u2014 NOT a direct measurement",
        "data_provenance": "INFERRED"
      }
    },
    {
      "type": "Feature",
      "geometry": {
        "type": "Point",
        "coordinates": [
          73.38722076844199,
          18.44671870180105
        ]
      },
      "properties": {
        "layer": "interpolated_heatmap",
        "value": 0.656,
        "label": "Interpolated anomaly intensity",
        "disclaimer": "Interpolated estimate \u2014 NOT a direct measurement",
        "data_provenance": "INFERRED"
      }
    },
    {
      "type": "Feature",
      "geometry": {
        "type": "Point",
        "coordinates": [
          73.38722076844199,
          18.573109487804214
        ]
      },
      "properties": {
        "layer": "interpolated_heatmap",
        "value": 0.66,
        "label": "Interpolated anomaly intensity",
        "disclaimer": "Interpolated estimate \u2014 NOT a direct measurement",
        "data_provenance": "INFERRED"
      }
    },
    {
      "type": "Feature",
      "geometry": {
        "type": "Point",
        "coordinates": [
          73.38722076844199,
          18.699500273807374
        ]
      },
      "properties": {
        "layer": "interpolated_heatmap",
        "value": 0.6581,
        "label": "Interpolated anomaly intensity",
        "disclaimer": "Interpolated estimate \u2014 NOT a direct measurement",
        "data_provenance": "INFERRED"
      }
    },
    {
      "type": "Feature",
      "geometry": {
        "type": "Point",
        "coordinates": [
          73.38722076844199,
          18.825891059810537
        ]
      },
      "properties": {
        "layer": "interpolated_heatmap",
        "value": 0.6515,
        "label": "Interpolated anomaly intensity",
        "disclaimer": "Interpolated estimate \u2014 NOT a direct measurement",
        "data_provenance": "INFERRED"
      }
    },
    {
      "type": "Feature",
      "geometry": {
        "type": "Point",
        "coordinates": [
          73.38722076844199,
          18.9522818458137
        ]
      },
      "properties": {
        "layer": "interpolated_heatmap",
        "value": 0.6418,
        "label": "Interpolated anomaly intensity",
        "disclaimer": "Interpolated estimate \u2014 NOT a direct measurement",
        "data_provenance": "INFERRED"
      }
    },
    {
      "type": "Feature",
      "geometry": {
        "type": "Point",
        "coordinates": [
          73.38722076844199,
          19.078672631816865
        ]
      },
      "properties": {
        "layer": "interpolated_heatmap",
        "value": 0.6304,
        "label": "Interpolated anomaly intensity",
        "disclaimer": "Interpolated estimate \u2014 NOT a direct measurement",
        "data_provenance": "INFERRED"
      }
    },
    {
      "type": "Feature",
      "geometry": {
        "type": "Point",
        "coordinates": [
          73.38722076844199,
          19.20506341782003
        ]
      },
      "properties": {
        "layer": "interpolated_heatmap",
        "value": 0.6185,
        "label": "Interpolated anomaly intensity",
        "disclaimer": "Interpolated estimate \u2014 NOT a direct measurement",
        "data_provenance": "INFERRED"
      }
    },
    {
      "type": "Feature",
      "geometry": {
        "type": "Point",
        "coordinates": [
          73.43079952706483,
          14.275822763696663
        ]
      },
      "properties": {
        "layer": "interpolated_heatmap",
        "value": 0.4384,
        "label": "Interpolated anomaly intensity",
        "disclaimer": "Interpolated estimate \u2014 NOT a direct measurement",
        "data_provenance": "INFERRED"
      }
    },
    {
      "type": "Feature",
      "geometry": {
        "type": "Point",
        "coordinates": [
          73.43079952706483,
          14.402213549699827
        ]
      },
      "properties": {
        "layer": "interpolated_heatmap",
        "value": 0.4383,
        "label": "Interpolated anomaly intensity",
        "disclaimer": "Interpolated estimate \u2014 NOT a direct measurement",
        "data_provenance": "INFERRED"
      }
    },
    {
      "type": "Feature",
      "geometry": {
        "type": "Point",
        "coordinates": [
          73.43079952706483,
          14.52860433570299
        ]
      },
      "properties": {
        "layer": "interpolated_heatmap",
        "value": 0.4382,
        "label": "Interpolated anomaly intensity",
        "disclaimer": "Interpolated estimate \u2014 NOT a direct measurement",
        "data_provenance": "INFERRED"
      }
    },
    {
      "type": "Feature",
      "geometry": {
        "type": "Point",
        "coordinates": [
          73.43079952706483,
          14.654995121706152
        ]
      },
      "properties": {
        "layer": "interpolated_heatmap",
        "value": 0.4381,
        "label": "Interpolated anomaly intensity",
        "disclaimer": "Interpolated estimate \u2014 NOT a direct measurement",
        "data_provenance": "INFERRED"
      }
    },
    {
      "type": "Feature",
      "geometry": {
        "type": "Point",
        "coordinates": [
          73.43079952706483,
          14.781385907709316
        ]
      },
      "properties": {
        "layer": "interpolated_heatmap",
        "value": 0.4381,
        "label": "Interpolated anomaly intensity",
        "disclaimer": "Interpolated estimate \u2014 NOT a direct measurement",
        "data_provenance": "INFERRED"
      }
    },
    {
      "type": "Feature",
      "geometry": {
        "type": "Point",
        "coordinates": [
          73.43079952706483,
          14.90777669371248
        ]
      },
      "properties": {
        "layer": "interpolated_heatmap",
        "value": 0.438,
        "label": "Interpolated anomaly intensity",
        "disclaimer": "Interpolated estimate \u2014 NOT a direct measurement",
        "data_provenance": "INFERRED"
      }
    },
    {
      "type": "Feature",
      "geometry": {
        "type": "Point",
        "coordinates": [
          73.43079952706483,
          15.034167479715641
        ]
      },
      "properties": {
        "layer": "interpolated_heatmap",
        "value": 0.4381,
        "label": "Interpolated anomaly intensity",
        "disclaimer": "Interpolated estimate \u2014 NOT a direct measurement",
        "data_provenance": "INFERRED"
      }
    },
    {
      "type": "Feature",
      "geometry": {
        "type": "Point",
        "coordinates": [
          73.43079952706483,
          15.160558265718805
        ]
      },
      "properties": {
        "layer": "interpolated_heatmap",
        "value": 0.4382,
        "label": "Interpolated anomaly intensity",
        "disclaimer": "Interpolated estimate \u2014 NOT a direct measurement",
        "data_provenance": "INFERRED"
      }
    },
    {
      "type": "Feature",
      "geometry": {
        "type": "Point",
        "coordinates": [
          73.43079952706483,
          15.286949051721969
        ]
      },
      "properties": {
        "layer": "interpolated_heatmap",
        "value": 0.4383,
        "label": "Interpolated anomaly intensity",
        "disclaimer": "Interpolated estimate \u2014 NOT a direct measurement",
        "data_provenance": "INFERRED"
      }
    },
    {
      "type": "Feature",
      "geometry": {
        "type": "Point",
        "coordinates": [
          73.43079952706483,
          15.413339837725132
        ]
      },
      "properties": {
        "layer": "interpolated_heatmap",
        "value": 0.4386,
        "label": "Interpolated anomaly intensity",
        "disclaimer": "Interpolated estimate \u2014 NOT a direct measurement",
        "data_provenance": "INFERRED"
      }
    },
    {
      "type": "Feature",
      "geometry": {
        "type": "Point",
        "coordinates": [
          73.43079952706483,
          15.539730623728296
        ]
      },
      "properties": {
        "layer": "interpolated_heatmap",
        "value": 0.4389,
        "label": "Interpolated anomaly intensity",
        "disclaimer": "Interpolated estimate \u2014 NOT a direct measurement",
        "data_provenance": "INFERRED"
      }
    },
    {
      "type": "Feature",
      "geometry": {
        "type": "Point",
        "coordinates": [
          73.43079952706483,
          15.666121409731458
        ]
      },
      "properties": {
        "layer": "interpolated_heatmap",
        "value": 0.4394,
        "label": "Interpolated anomaly intensity",
        "disclaimer": "Interpolated estimate \u2014 NOT a direct measurement",
        "data_provenance": "INFERRED"
      }
    },
    {
      "type": "Feature",
      "geometry": {
        "type": "Point",
        "coordinates": [
          73.43079952706483,
          15.792512195734622
        ]
      },
      "properties": {
        "layer": "interpolated_heatmap",
        "value": 0.44,
        "label": "Interpolated anomaly intensity",
        "disclaimer": "Interpolated estimate \u2014 NOT a direct measurement",
        "data_provenance": "INFERRED"
      }
    },
    {
      "type": "Feature",
      "geometry": {
        "type": "Point",
        "coordinates": [
          73.43079952706483,
          15.918902981737785
        ]
      },
      "properties": {
        "layer": "interpolated_heatmap",
        "value": 0.4408,
        "label": "Interpolated anomaly intensity",
        "disclaimer": "Interpolated estimate \u2014 NOT a direct measurement",
        "data_provenance": "INFERRED"
      }
    },
    {
      "type": "Feature",
      "geometry": {
        "type": "Point",
        "coordinates": [
          73.43079952706483,
          16.045293767740947
        ]
      },
      "properties": {
        "layer": "interpolated_heatmap",
        "value": 0.4419,
        "label": "Interpolated anomaly intensity",
        "disclaimer": "Interpolated estimate \u2014 NOT a direct measurement",
        "data_provenance": "INFERRED"
      }
    },
    {
      "type": "Feature",
      "geometry": {
        "type": "Point",
        "coordinates": [
          73.43079952706483,
          16.17168455374411
        ]
      },
      "properties": {
        "layer": "interpolated_heatmap",
        "value": 0.4433,
        "label": "Interpolated anomaly intensity",
        "disclaimer": "Interpolated estimate \u2014 NOT a direct measurement",
        "data_provenance": "INFERRED"
      }
    },
    {
      "type": "Feature",
      "geometry": {
        "type": "Point",
        "coordinates": [
          73.43079952706483,
          16.298075339747275
        ]
      },
      "properties": {
        "layer": "interpolated_heatmap",
        "value": 0.4451,
        "label": "Interpolated anomaly intensity",
        "disclaimer": "Interpolated estimate \u2014 NOT a direct measurement",
        "data_provenance": "INFERRED"
      }
    },
    {
      "type": "Feature",
      "geometry": {
        "type": "Point",
        "coordinates": [
          73.43079952706483,
          16.42446612575044
        ]
      },
      "properties": {
        "layer": "interpolated_heatmap",
        "value": 0.4473,
        "label": "Interpolated anomaly intensity",
        "disclaimer": "Interpolated estimate \u2014 NOT a direct measurement",
        "data_provenance": "INFERRED"
      }
    },
    {
      "type": "Feature",
      "geometry": {
        "type": "Point",
        "coordinates": [
          73.43079952706483,
          16.550856911753602
        ]
      },
      "properties": {
        "layer": "interpolated_heatmap",
        "value": 0.4501,
        "label": "Interpolated anomaly intensity",
        "disclaimer": "Interpolated estimate \u2014 NOT a direct measurement",
        "data_provenance": "INFERRED"
      }
    },
    {
      "type": "Feature",
      "geometry": {
        "type": "Point",
        "coordinates": [
          73.43079952706483,
          16.677247697756766
        ]
      },
      "properties": {
        "layer": "interpolated_heatmap",
        "value": 0.4536,
        "label": "Interpolated anomaly intensity",
        "disclaimer": "Interpolated estimate \u2014 NOT a direct measurement",
        "data_provenance": "INFERRED"
      }
    },
    {
      "type": "Feature",
      "geometry": {
        "type": "Point",
        "coordinates": [
          73.43079952706483,
          16.803638483759926
        ]
      },
      "properties": {
        "layer": "interpolated_heatmap",
        "value": 0.458,
        "label": "Interpolated anomaly intensity",
        "disclaimer": "Interpolated estimate \u2014 NOT a direct measurement",
        "data_provenance": "INFERRED"
      }
    },
    {
      "type": "Feature",
      "geometry": {
        "type": "Point",
        "coordinates": [
          73.43079952706483,
          16.93002926976309
        ]
      },
      "properties": {
        "layer": "interpolated_heatmap",
        "value": 0.4635,
        "label": "Interpolated anomaly intensity",
        "disclaimer": "Interpolated estimate \u2014 NOT a direct measurement",
        "data_provenance": "INFERRED"
      }
    },
    {
      "type": "Feature",
      "geometry": {
        "type": "Point",
        "coordinates": [
          73.43079952706483,
          17.056420055766253
        ]
      },
      "properties": {
        "layer": "interpolated_heatmap",
        "value": 0.4704,
        "label": "Interpolated anomaly intensity",
        "disclaimer": "Interpolated estimate \u2014 NOT a direct measurement",
        "data_provenance": "INFERRED"
      }
    },
    {
      "type": "Feature",
      "geometry": {
        "type": "Point",
        "coordinates": [
          73.43079952706483,
          17.182810841769417
        ]
      },
      "properties": {
        "layer": "interpolated_heatmap",
        "value": 0.479,
        "label": "Interpolated anomaly intensity",
        "disclaimer": "Interpolated estimate \u2014 NOT a direct measurement",
        "data_provenance": "INFERRED"
      }
    },
    {
      "type": "Feature",
      "geometry": {
        "type": "Point",
        "coordinates": [
          73.43079952706483,
          17.30920162777258
        ]
      },
      "properties": {
        "layer": "interpolated_heatmap",
        "value": 0.4896,
        "label": "Interpolated anomaly intensity",
        "disclaimer": "Interpolated estimate \u2014 NOT a direct measurement",
        "data_provenance": "INFERRED"
      }
    },
    {
      "type": "Feature",
      "geometry": {
        "type": "Point",
        "coordinates": [
          73.43079952706483,
          17.435592413775744
        ]
      },
      "properties": {
        "layer": "interpolated_heatmap",
        "value": 0.5024,
        "label": "Interpolated anomaly intensity",
        "disclaimer": "Interpolated estimate \u2014 NOT a direct measurement",
        "data_provenance": "INFERRED"
      }
    },
    {
      "type": "Feature",
      "geometry": {
        "type": "Point",
        "coordinates": [
          73.43079952706483,
          17.561983199778908
        ]
      },
      "properties": {
        "layer": "interpolated_heatmap",
        "value": 0.5179,
        "label": "Interpolated anomaly intensity",
        "disclaimer": "Interpolated estimate \u2014 NOT a direct measurement",
        "data_provenance": "INFERRED"
      }
    },
    {
      "type": "Feature",
      "geometry": {
        "type": "Point",
        "coordinates": [
          73.43079952706483,
          17.68837398578207
        ]
      },
      "properties": {
        "layer": "interpolated_heatmap",
        "value": 0.536,
        "label": "Interpolated anomaly intensity",
        "disclaimer": "Interpolated estimate \u2014 NOT a direct measurement",
        "data_provenance": "INFERRED"
      }
    },
    {
      "type": "Feature",
      "geometry": {
        "type": "Point",
        "coordinates": [
          73.43079952706483,
          17.814764771785235
        ]
      },
      "properties": {
        "layer": "interpolated_heatmap",
        "value": 0.5563,
        "label": "Interpolated anomaly intensity",
        "disclaimer": "Interpolated estimate \u2014 NOT a direct measurement",
        "data_provenance": "INFERRED"
      }
    },
    {
      "type": "Feature",
      "geometry": {
        "type": "Point",
        "coordinates": [
          73.43079952706483,
          17.941155557788395
        ]
      },
      "properties": {
        "layer": "interpolated_heatmap",
        "value": 0.5781,
        "label": "Interpolated anomaly intensity",
        "disclaimer": "Interpolated estimate \u2014 NOT a direct measurement",
        "data_provenance": "INFERRED"
      }
    },
    {
      "type": "Feature",
      "geometry": {
        "type": "Point",
        "coordinates": [
          73.43079952706483,
          18.06754634379156
        ]
      },
      "properties": {
        "layer": "interpolated_heatmap",
        "value": 0.5999,
        "label": "Interpolated anomaly intensity",
        "disclaimer": "Interpolated estimate \u2014 NOT a direct measurement",
        "data_provenance": "INFERRED"
      }
    },
    {
      "type": "Feature",
      "geometry": {
        "type": "Point",
        "coordinates": [
          73.43079952706483,
          18.193937129794723
        ]
      },
      "properties": {
        "layer": "interpolated_heatmap",
        "value": 0.6197,
        "label": "Interpolated anomaly intensity",
        "disclaimer": "Interpolated estimate \u2014 NOT a direct measurement",
        "data_provenance": "INFERRED"
      }
    },
    {
      "type": "Feature",
      "geometry": {
        "type": "Point",
        "coordinates": [
          73.43079952706483,
          18.320327915797886
        ]
      },
      "properties": {
        "layer": "interpolated_heatmap",
        "value": 0.6356,
        "label": "Interpolated anomaly intensity",
        "disclaimer": "Interpolated estimate \u2014 NOT a direct measurement",
        "data_provenance": "INFERRED"
      }
    },
    {
      "type": "Feature",
      "geometry": {
        "type": "Point",
        "coordinates": [
          73.43079952706483,
          18.44671870180105
        ]
      },
      "properties": {
        "layer": "interpolated_heatmap",
        "value": 0.6459,
        "label": "Interpolated anomaly intensity",
        "disclaimer": "Interpolated estimate \u2014 NOT a direct measurement",
        "data_provenance": "INFERRED"
      }
    },
    {
      "type": "Feature",
      "geometry": {
        "type": "Point",
        "coordinates": [
          73.43079952706483,
          18.573109487804214
        ]
      },
      "properties": {
        "layer": "interpolated_heatmap",
        "value": 0.6503,
        "label": "Interpolated anomaly intensity",
        "disclaimer": "Interpolated estimate \u2014 NOT a direct measurement",
        "data_provenance": "INFERRED"
      }
    },
    {
      "type": "Feature",
      "geometry": {
        "type": "Point",
        "coordinates": [
          73.43079952706483,
          18.699500273807374
        ]
      },
      "properties": {
        "layer": "interpolated_heatmap",
        "value": 0.6491,
        "label": "Interpolated anomaly intensity",
        "disclaimer": "Interpolated estimate \u2014 NOT a direct measurement",
        "data_provenance": "INFERRED"
      }
    },
    {
      "type": "Feature",
      "geometry": {
        "type": "Point",
        "coordinates": [
          73.43079952706483,
          18.825891059810537
        ]
      },
      "properties": {
        "layer": "interpolated_heatmap",
        "value": 0.6435,
        "label": "Interpolated anomaly intensity",
        "disclaimer": "Interpolated estimate \u2014 NOT a direct measurement",
        "data_provenance": "INFERRED"
      }
    },
    {
      "type": "Feature",
      "geometry": {
        "type": "Point",
        "coordinates": [
          73.43079952706483,
          18.9522818458137
        ]
      },
      "properties": {
        "layer": "interpolated_heatmap",
        "value": 0.6349,
        "label": "Interpolated anomaly intensity",
        "disclaimer": "Interpolated estimate \u2014 NOT a direct measurement",
        "data_provenance": "INFERRED"
      }
    },
    {
      "type": "Feature",
      "geometry": {
        "type": "Point",
        "coordinates": [
          73.43079952706483,
          19.078672631816865
        ]
      },
      "properties": {
        "layer": "interpolated_heatmap",
        "value": 0.6246,
        "label": "Interpolated anomaly intensity",
        "disclaimer": "Interpolated estimate \u2014 NOT a direct measurement",
        "data_provenance": "INFERRED"
      }
    },
    {
      "type": "Feature",
      "geometry": {
        "type": "Point",
        "coordinates": [
          73.43079952706483,
          19.20506341782003
        ]
      },
      "properties": {
        "layer": "interpolated_heatmap",
        "value": 0.6136,
        "label": "Interpolated anomaly intensity",
        "disclaimer": "Interpolated estimate \u2014 NOT a direct measurement",
        "data_provenance": "INFERRED"
      }
    },
    {
      "type": "Feature",
      "geometry": {
        "type": "Point",
        "coordinates": [
          73.47437828568766,
          14.275822763696663
        ]
      },
      "properties": {
        "layer": "interpolated_heatmap",
        "value": 0.4384,
        "label": "Interpolated anomaly intensity",
        "disclaimer": "Interpolated estimate \u2014 NOT a direct measurement",
        "data_provenance": "INFERRED"
      }
    },
    {
      "type": "Feature",
      "geometry": {
        "type": "Point",
        "coordinates": [
          73.47437828568766,
          14.402213549699827
        ]
      },
      "properties": {
        "layer": "interpolated_heatmap",
        "value": 0.4382,
        "label": "Interpolated anomaly intensity",
        "disclaimer": "Interpolated estimate \u2014 NOT a direct measurement",
        "data_provenance": "INFERRED"
      }
    },
    {
      "type": "Feature",
      "geometry": {
        "type": "Point",
        "coordinates": [
          73.47437828568766,
          14.52860433570299
        ]
      },
      "properties": {
        "layer": "interpolated_heatmap",
        "value": 0.4381,
        "label": "Interpolated anomaly intensity",
        "disclaimer": "Interpolated estimate \u2014 NOT a direct measurement",
        "data_provenance": "INFERRED"
      }
    },
    {
      "type": "Feature",
      "geometry": {
        "type": "Point",
        "coordinates": [
          73.47437828568766,
          14.654995121706152
        ]
      },
      "properties": {
        "layer": "interpolated_heatmap",
        "value": 0.438,
        "label": "Interpolated anomaly intensity",
        "disclaimer": "Interpolated estimate \u2014 NOT a direct measurement",
        "data_provenance": "INFERRED"
      }
    },
    {
      "type": "Feature",
      "geometry": {
        "type": "Point",
        "coordinates": [
          73.47437828568766,
          14.781385907709316
        ]
      },
      "properties": {
        "layer": "interpolated_heatmap",
        "value": 0.438,
        "label": "Interpolated anomaly intensity",
        "disclaimer": "Interpolated estimate \u2014 NOT a direct measurement",
        "data_provenance": "INFERRED"
      }
    },
    {
      "type": "Feature",
      "geometry": {
        "type": "Point",
        "coordinates": [
          73.47437828568766,
          14.90777669371248
        ]
      },
      "properties": {
        "layer": "interpolated_heatmap",
        "value": 0.438,
        "label": "Interpolated anomaly intensity",
        "disclaimer": "Interpolated estimate \u2014 NOT a direct measurement",
        "data_provenance": "INFERRED"
      }
    },
    {
      "type": "Feature",
      "geometry": {
        "type": "Point",
        "coordinates": [
          73.47437828568766,
          15.034167479715641
        ]
      },
      "properties": {
        "layer": "interpolated_heatmap",
        "value": 0.438,
        "label": "Interpolated anomaly intensity",
        "disclaimer": "Interpolated estimate \u2014 NOT a direct measurement",
        "data_provenance": "INFERRED"
      }
    },
    {
      "type": "Feature",
      "geometry": {
        "type": "Point",
        "coordinates": [
          73.47437828568766,
          15.160558265718805
        ]
      },
      "properties": {
        "layer": "interpolated_heatmap",
        "value": 0.4381,
        "label": "Interpolated anomaly intensity",
        "disclaimer": "Interpolated estimate \u2014 NOT a direct measurement",
        "data_provenance": "INFERRED"
      }
    },
    {
      "type": "Feature",
      "geometry": {
        "type": "Point",
        "coordinates": [
          73.47437828568766,
          15.286949051721969
        ]
      },
      "properties": {
        "layer": "interpolated_heatmap",
        "value": 0.4382,
        "label": "Interpolated anomaly intensity",
        "disclaimer": "Interpolated estimate \u2014 NOT a direct measurement",
        "data_provenance": "INFERRED"
      }
    },
    {
      "type": "Feature",
      "geometry": {
        "type": "Point",
        "coordinates": [
          73.47437828568766,
          15.413339837725132
        ]
      },
      "properties": {
        "layer": "interpolated_heatmap",
        "value": 0.4384,
        "label": "Interpolated anomaly intensity",
        "disclaimer": "Interpolated estimate \u2014 NOT a direct measurement",
        "data_provenance": "INFERRED"
      }
    },
    {
      "type": "Feature",
      "geometry": {
        "type": "Point",
        "coordinates": [
          73.47437828568766,
          15.539730623728296
        ]
      },
      "properties": {
        "layer": "interpolated_heatmap",
        "value": 0.4388,
        "label": "Interpolated anomaly intensity",
        "disclaimer": "Interpolated estimate \u2014 NOT a direct measurement",
        "data_provenance": "INFERRED"
      }
    },
    {
      "type": "Feature",
      "geometry": {
        "type": "Point",
        "coordinates": [
          73.47437828568766,
          15.666121409731458
        ]
      },
      "properties": {
        "layer": "interpolated_heatmap",
        "value": 0.4392,
        "label": "Interpolated anomaly intensity",
        "disclaimer": "Interpolated estimate \u2014 NOT a direct measurement",
        "data_provenance": "INFERRED"
      }
    },
    {
      "type": "Feature",
      "geometry": {
        "type": "Point",
        "coordinates": [
          73.47437828568766,
          15.792512195734622
        ]
      },
      "properties": {
        "layer": "interpolated_heatmap",
        "value": 0.4399,
        "label": "Interpolated anomaly intensity",
        "disclaimer": "Interpolated estimate \u2014 NOT a direct measurement",
        "data_provenance": "INFERRED"
      }
    },
    {
      "type": "Feature",
      "geometry": {
        "type": "Point",
        "coordinates": [
          73.47437828568766,
          15.918902981737785
        ]
      },
      "properties": {
        "layer": "interpolated_heatmap",
        "value": 0.4407,
        "label": "Interpolated anomaly intensity",
        "disclaimer": "Interpolated estimate \u2014 NOT a direct measurement",
        "data_provenance": "INFERRED"
      }
    },
    {
      "type": "Feature",
      "geometry": {
        "type": "Point",
        "coordinates": [
          73.47437828568766,
          16.045293767740947
        ]
      },
      "properties": {
        "layer": "interpolated_heatmap",
        "value": 0.4417,
        "label": "Interpolated anomaly intensity",
        "disclaimer": "Interpolated estimate \u2014 NOT a direct measurement",
        "data_provenance": "INFERRED"
      }
    },
    {
      "type": "Feature",
      "geometry": {
        "type": "Point",
        "coordinates": [
          73.47437828568766,
          16.17168455374411
        ]
      },
      "properties": {
        "layer": "interpolated_heatmap",
        "value": 0.4431,
        "label": "Interpolated anomaly intensity",
        "disclaimer": "Interpolated estimate \u2014 NOT a direct measurement",
        "data_provenance": "INFERRED"
      }
    },
    {
      "type": "Feature",
      "geometry": {
        "type": "Point",
        "coordinates": [
          73.47437828568766,
          16.298075339747275
        ]
      },
      "properties": {
        "layer": "interpolated_heatmap",
        "value": 0.4448,
        "label": "Interpolated anomaly intensity",
        "disclaimer": "Interpolated estimate \u2014 NOT a direct measurement",
        "data_provenance": "INFERRED"
      }
    },
    {
      "type": "Feature",
      "geometry": {
        "type": "Point",
        "coordinates": [
          73.47437828568766,
          16.42446612575044
        ]
      },
      "properties": {
        "layer": "interpolated_heatmap",
        "value": 0.447,
        "label": "Interpolated anomaly intensity",
        "disclaimer": "Interpolated estimate \u2014 NOT a direct measurement",
        "data_provenance": "INFERRED"
      }
    },
    {
      "type": "Feature",
      "geometry": {
        "type": "Point",
        "coordinates": [
          73.47437828568766,
          16.550856911753602
        ]
      },
      "properties": {
        "layer": "interpolated_heatmap",
        "value": 0.4497,
        "label": "Interpolated anomaly intensity",
        "disclaimer": "Interpolated estimate \u2014 NOT a direct measurement",
        "data_provenance": "INFERRED"
      }
    },
    {
      "type": "Feature",
      "geometry": {
        "type": "Point",
        "coordinates": [
          73.47437828568766,
          16.677247697756766
        ]
      },
      "properties": {
        "layer": "interpolated_heatmap",
        "value": 0.4531,
        "label": "Interpolated anomaly intensity",
        "disclaimer": "Interpolated estimate \u2014 NOT a direct measurement",
        "data_provenance": "INFERRED"
      }
    },
    {
      "type": "Feature",
      "geometry": {
        "type": "Point",
        "coordinates": [
          73.47437828568766,
          16.803638483759926
        ]
      },
      "properties": {
        "layer": "interpolated_heatmap",
        "value": 0.4574,
        "label": "Interpolated anomaly intensity",
        "disclaimer": "Interpolated estimate \u2014 NOT a direct measurement",
        "data_provenance": "INFERRED"
      }
    },
    {
      "type": "Feature",
      "geometry": {
        "type": "Point",
        "coordinates": [
          73.47437828568766,
          16.93002926976309
        ]
      },
      "properties": {
        "layer": "interpolated_heatmap",
        "value": 0.4628,
        "label": "Interpolated anomaly intensity",
        "disclaimer": "Interpolated estimate \u2014 NOT a direct measurement",
        "data_provenance": "INFERRED"
      }
    },
    {
      "type": "Feature",
      "geometry": {
        "type": "Point",
        "coordinates": [
          73.47437828568766,
          17.056420055766253
        ]
      },
      "properties": {
        "layer": "interpolated_heatmap",
        "value": 0.4694,
        "label": "Interpolated anomaly intensity",
        "disclaimer": "Interpolated estimate \u2014 NOT a direct measurement",
        "data_provenance": "INFERRED"
      }
    },
    {
      "type": "Feature",
      "geometry": {
        "type": "Point",
        "coordinates": [
          73.47437828568766,
          17.182810841769417
        ]
      },
      "properties": {
        "layer": "interpolated_heatmap",
        "value": 0.4777,
        "label": "Interpolated anomaly intensity",
        "disclaimer": "Interpolated estimate \u2014 NOT a direct measurement",
        "data_provenance": "INFERRED"
      }
    },
    {
      "type": "Feature",
      "geometry": {
        "type": "Point",
        "coordinates": [
          73.47437828568766,
          17.30920162777258
        ]
      },
      "properties": {
        "layer": "interpolated_heatmap",
        "value": 0.4879,
        "label": "Interpolated anomaly intensity",
        "disclaimer": "Interpolated estimate \u2014 NOT a direct measurement",
        "data_provenance": "INFERRED"
      }
    },
    {
      "type": "Feature",
      "geometry": {
        "type": "Point",
        "coordinates": [
          73.47437828568766,
          17.435592413775744
        ]
      },
      "properties": {
        "layer": "interpolated_heatmap",
        "value": 0.5002,
        "label": "Interpolated anomaly intensity",
        "disclaimer": "Interpolated estimate \u2014 NOT a direct measurement",
        "data_provenance": "INFERRED"
      }
    },
    {
      "type": "Feature",
      "geometry": {
        "type": "Point",
        "coordinates": [
          73.47437828568766,
          17.561983199778908
        ]
      },
      "properties": {
        "layer": "interpolated_heatmap",
        "value": 0.5149,
        "label": "Interpolated anomaly intensity",
        "disclaimer": "Interpolated estimate \u2014 NOT a direct measurement",
        "data_provenance": "INFERRED"
      }
    },
    {
      "type": "Feature",
      "geometry": {
        "type": "Point",
        "coordinates": [
          73.47437828568766,
          17.68837398578207
        ]
      },
      "properties": {
        "layer": "interpolated_heatmap",
        "value": 0.5321,
        "label": "Interpolated anomaly intensity",
        "disclaimer": "Interpolated estimate \u2014 NOT a direct measurement",
        "data_provenance": "INFERRED"
      }
    },
    {
      "type": "Feature",
      "geometry": {
        "type": "Point",
        "coordinates": [
          73.47437828568766,
          17.814764771785235
        ]
      },
      "properties": {
        "layer": "interpolated_heatmap",
        "value": 0.5513,
        "label": "Interpolated anomaly intensity",
        "disclaimer": "Interpolated estimate \u2014 NOT a direct measurement",
        "data_provenance": "INFERRED"
      }
    },
    {
      "type": "Feature",
      "geometry": {
        "type": "Point",
        "coordinates": [
          73.47437828568766,
          17.941155557788395
        ]
      },
      "properties": {
        "layer": "interpolated_heatmap",
        "value": 0.5718,
        "label": "Interpolated anomaly intensity",
        "disclaimer": "Interpolated estimate \u2014 NOT a direct measurement",
        "data_provenance": "INFERRED"
      }
    },
    {
      "type": "Feature",
      "geometry": {
        "type": "Point",
        "coordinates": [
          73.47437828568766,
          18.06754634379156
        ]
      },
      "properties": {
        "layer": "interpolated_heatmap",
        "value": 0.5922,
        "label": "Interpolated anomaly intensity",
        "disclaimer": "Interpolated estimate \u2014 NOT a direct measurement",
        "data_provenance": "INFERRED"
      }
    },
    {
      "type": "Feature",
      "geometry": {
        "type": "Point",
        "coordinates": [
          73.47437828568766,
          18.193937129794723
        ]
      },
      "properties": {
        "layer": "interpolated_heatmap",
        "value": 0.6109,
        "label": "Interpolated anomaly intensity",
        "disclaimer": "Interpolated estimate \u2014 NOT a direct measurement",
        "data_provenance": "INFERRED"
      }
    },
    {
      "type": "Feature",
      "geometry": {
        "type": "Point",
        "coordinates": [
          73.47437828568766,
          18.320327915797886
        ]
      },
      "properties": {
        "layer": "interpolated_heatmap",
        "value": 0.626,
        "label": "Interpolated anomaly intensity",
        "disclaimer": "Interpolated estimate \u2014 NOT a direct measurement",
        "data_provenance": "INFERRED"
      }
    },
    {
      "type": "Feature",
      "geometry": {
        "type": "Point",
        "coordinates": [
          73.47437828568766,
          18.44671870180105
        ]
      },
      "properties": {
        "layer": "interpolated_heatmap",
        "value": 0.6361,
        "label": "Interpolated anomaly intensity",
        "disclaimer": "Interpolated estimate \u2014 NOT a direct measurement",
        "data_provenance": "INFERRED"
      }
    },
    {
      "type": "Feature",
      "geometry": {
        "type": "Point",
        "coordinates": [
          73.47437828568766,
          18.573109487804214
        ]
      },
      "properties": {
        "layer": "interpolated_heatmap",
        "value": 0.6407,
        "label": "Interpolated anomaly intensity",
        "disclaimer": "Interpolated estimate \u2014 NOT a direct measurement",
        "data_provenance": "INFERRED"
      }
    },
    {
      "type": "Feature",
      "geometry": {
        "type": "Point",
        "coordinates": [
          73.47437828568766,
          18.699500273807374
        ]
      },
      "properties": {
        "layer": "interpolated_heatmap",
        "value": 0.6402,
        "label": "Interpolated anomaly intensity",
        "disclaimer": "Interpolated estimate \u2014 NOT a direct measurement",
        "data_provenance": "INFERRED"
      }
    },
    {
      "type": "Feature",
      "geometry": {
        "type": "Point",
        "coordinates": [
          73.47437828568766,
          18.825891059810537
        ]
      },
      "properties": {
        "layer": "interpolated_heatmap",
        "value": 0.6355,
        "label": "Interpolated anomaly intensity",
        "disclaimer": "Interpolated estimate \u2014 NOT a direct measurement",
        "data_provenance": "INFERRED"
      }
    },
    {
      "type": "Feature",
      "geometry": {
        "type": "Point",
        "coordinates": [
          73.47437828568766,
          18.9522818458137
        ]
      },
      "properties": {
        "layer": "interpolated_heatmap",
        "value": 0.628,
        "label": "Interpolated anomaly intensity",
        "disclaimer": "Interpolated estimate \u2014 NOT a direct measurement",
        "data_provenance": "INFERRED"
      }
    },
    {
      "type": "Feature",
      "geometry": {
        "type": "Point",
        "coordinates": [
          73.47437828568766,
          19.078672631816865
        ]
      },
      "properties": {
        "layer": "interpolated_heatmap",
        "value": 0.6187,
        "label": "Interpolated anomaly intensity",
        "disclaimer": "Interpolated estimate \u2014 NOT a direct measurement",
        "data_provenance": "INFERRED"
      }
    },
    {
      "type": "Feature",
      "geometry": {
        "type": "Point",
        "coordinates": [
          73.47437828568766,
          19.20506341782003
        ]
      },
      "properties": {
        "layer": "interpolated_heatmap",
        "value": 0.6087,
        "label": "Interpolated anomaly intensity",
        "disclaimer": "Interpolated estimate \u2014 NOT a direct measurement",
        "data_provenance": "INFERRED"
      }
    },
    {
      "type": "Feature",
      "geometry": {
        "type": "Point",
        "coordinates": [
          73.51795704431049,
          14.275822763696663
        ]
      },
      "properties": {
        "layer": "interpolated_heatmap",
        "value": 0.4383,
        "label": "Interpolated anomaly intensity",
        "disclaimer": "Interpolated estimate \u2014 NOT a direct measurement",
        "data_provenance": "INFERRED"
      }
    },
    {
      "type": "Feature",
      "geometry": {
        "type": "Point",
        "coordinates": [
          73.51795704431049,
          14.402213549699827
        ]
      },
      "properties": {
        "layer": "interpolated_heatmap",
        "value": 0.4382,
        "label": "Interpolated anomaly intensity",
        "disclaimer": "Interpolated estimate \u2014 NOT a direct measurement",
        "data_provenance": "INFERRED"
      }
    },
    {
      "type": "Feature",
      "geometry": {
        "type": "Point",
        "coordinates": [
          73.51795704431049,
          14.52860433570299
        ]
      },
      "properties": {
        "layer": "interpolated_heatmap",
        "value": 0.4381,
        "label": "Interpolated anomaly intensity",
        "disclaimer": "Interpolated estimate \u2014 NOT a direct measurement",
        "data_provenance": "INFERRED"
      }
    },
    {
      "type": "Feature",
      "geometry": {
        "type": "Point",
        "coordinates": [
          73.51795704431049,
          14.654995121706152
        ]
      },
      "properties": {
        "layer": "interpolated_heatmap",
        "value": 0.438,
        "label": "Interpolated anomaly intensity",
        "disclaimer": "Interpolated estimate \u2014 NOT a direct measurement",
        "data_provenance": "INFERRED"
      }
    },
    {
      "type": "Feature",
      "geometry": {
        "type": "Point",
        "coordinates": [
          73.51795704431049,
          14.781385907709316
        ]
      },
      "properties": {
        "layer": "interpolated_heatmap",
        "value": 0.4379,
        "label": "Interpolated anomaly intensity",
        "disclaimer": "Interpolated estimate \u2014 NOT a direct measurement",
        "data_provenance": "INFERRED"
      }
    },
    {
      "type": "Feature",
      "geometry": {
        "type": "Point",
        "coordinates": [
          73.51795704431049,
          14.90777669371248
        ]
      },
      "properties": {
        "layer": "interpolated_heatmap",
        "value": 0.4379,
        "label": "Interpolated anomaly intensity",
        "disclaimer": "Interpolated estimate \u2014 NOT a direct measurement",
        "data_provenance": "INFERRED"
      }
    },
    {
      "type": "Feature",
      "geometry": {
        "type": "Point",
        "coordinates": [
          73.51795704431049,
          15.034167479715641
        ]
      },
      "properties": {
        "layer": "interpolated_heatmap",
        "value": 0.4379,
        "label": "Interpolated anomaly intensity",
        "disclaimer": "Interpolated estimate \u2014 NOT a direct measurement",
        "data_provenance": "INFERRED"
      }
    },
    {
      "type": "Feature",
      "geometry": {
        "type": "Point",
        "coordinates": [
          73.51795704431049,
          15.160558265718805
        ]
      },
      "properties": {
        "layer": "interpolated_heatmap",
        "value": 0.438,
        "label": "Interpolated anomaly intensity",
        "disclaimer": "Interpolated estimate \u2014 NOT a direct measurement",
        "data_provenance": "INFERRED"
      }
    },
    {
      "type": "Feature",
      "geometry": {
        "type": "Point",
        "coordinates": [
          73.51795704431049,
          15.286949051721969
        ]
      },
      "properties": {
        "layer": "interpolated_heatmap",
        "value": 0.4381,
        "label": "Interpolated anomaly intensity",
        "disclaimer": "Interpolated estimate \u2014 NOT a direct measurement",
        "data_provenance": "INFERRED"
      }
    },
    {
      "type": "Feature",
      "geometry": {
        "type": "Point",
        "coordinates": [
          73.51795704431049,
          15.413339837725132
        ]
      },
      "properties": {
        "layer": "interpolated_heatmap",
        "value": 0.4384,
        "label": "Interpolated anomaly intensity",
        "disclaimer": "Interpolated estimate \u2014 NOT a direct measurement",
        "data_provenance": "INFERRED"
      }
    },
    {
      "type": "Feature",
      "geometry": {
        "type": "Point",
        "coordinates": [
          73.51795704431049,
          15.539730623728296
        ]
      },
      "properties": {
        "layer": "interpolated_heatmap",
        "value": 0.4387,
        "label": "Interpolated anomaly intensity",
        "disclaimer": "Interpolated estimate \u2014 NOT a direct measurement",
        "data_provenance": "INFERRED"
      }
    },
    {
      "type": "Feature",
      "geometry": {
        "type": "Point",
        "coordinates": [
          73.51795704431049,
          15.666121409731458
        ]
      },
      "properties": {
        "layer": "interpolated_heatmap",
        "value": 0.4391,
        "label": "Interpolated anomaly intensity",
        "disclaimer": "Interpolated estimate \u2014 NOT a direct measurement",
        "data_provenance": "INFERRED"
      }
    },
    {
      "type": "Feature",
      "geometry": {
        "type": "Point",
        "coordinates": [
          73.51795704431049,
          15.792512195734622
        ]
      },
      "properties": {
        "layer": "interpolated_heatmap",
        "value": 0.4397,
        "label": "Interpolated anomaly intensity",
        "disclaimer": "Interpolated estimate \u2014 NOT a direct measurement",
        "data_provenance": "INFERRED"
      }
    },
    {
      "type": "Feature",
      "geometry": {
        "type": "Point",
        "coordinates": [
          73.51795704431049,
          15.918902981737785
        ]
      },
      "properties": {
        "layer": "interpolated_heatmap",
        "value": 0.4405,
        "label": "Interpolated anomaly intensity",
        "disclaimer": "Interpolated estimate \u2014 NOT a direct measurement",
        "data_provenance": "INFERRED"
      }
    },
    {
      "type": "Feature",
      "geometry": {
        "type": "Point",
        "coordinates": [
          73.51795704431049,
          16.045293767740947
        ]
      },
      "properties": {
        "layer": "interpolated_heatmap",
        "value": 0.4416,
        "label": "Interpolated anomaly intensity",
        "disclaimer": "Interpolated estimate \u2014 NOT a direct measurement",
        "data_provenance": "INFERRED"
      }
    },
    {
      "type": "Feature",
      "geometry": {
        "type": "Point",
        "coordinates": [
          73.51795704431049,
          16.17168455374411
        ]
      },
      "properties": {
        "layer": "interpolated_heatmap",
        "value": 0.4429,
        "label": "Interpolated anomaly intensity",
        "disclaimer": "Interpolated estimate \u2014 NOT a direct measurement",
        "data_provenance": "INFERRED"
      }
    },
    {
      "type": "Feature",
      "geometry": {
        "type": "Point",
        "coordinates": [
          73.51795704431049,
          16.298075339747275
        ]
      },
      "properties": {
        "layer": "interpolated_heatmap",
        "value": 0.4446,
        "label": "Interpolated anomaly intensity",
        "disclaimer": "Interpolated estimate \u2014 NOT a direct measurement",
        "data_provenance": "INFERRED"
      }
    },
    {
      "type": "Feature",
      "geometry": {
        "type": "Point",
        "coordinates": [
          73.51795704431049,
          16.42446612575044
        ]
      },
      "properties": {
        "layer": "interpolated_heatmap",
        "value": 0.4467,
        "label": "Interpolated anomaly intensity",
        "disclaimer": "Interpolated estimate \u2014 NOT a direct measurement",
        "data_provenance": "INFERRED"
      }
    },
    {
      "type": "Feature",
      "geometry": {
        "type": "Point",
        "coordinates": [
          73.51795704431049,
          16.550856911753602
        ]
      },
      "properties": {
        "layer": "interpolated_heatmap",
        "value": 0.4493,
        "label": "Interpolated anomaly intensity",
        "disclaimer": "Interpolated estimate \u2014 NOT a direct measurement",
        "data_provenance": "INFERRED"
      }
    },
    {
      "type": "Feature",
      "geometry": {
        "type": "Point",
        "coordinates": [
          73.51795704431049,
          16.677247697756766
        ]
      },
      "properties": {
        "layer": "interpolated_heatmap",
        "value": 0.4527,
        "label": "Interpolated anomaly intensity",
        "disclaimer": "Interpolated estimate \u2014 NOT a direct measurement",
        "data_provenance": "INFERRED"
      }
    },
    {
      "type": "Feature",
      "geometry": {
        "type": "Point",
        "coordinates": [
          73.51795704431049,
          16.803638483759926
        ]
      },
      "properties": {
        "layer": "interpolated_heatmap",
        "value": 0.4569,
        "label": "Interpolated anomaly intensity",
        "disclaimer": "Interpolated estimate \u2014 NOT a direct measurement",
        "data_provenance": "INFERRED"
      }
    },
    {
      "type": "Feature",
      "geometry": {
        "type": "Point",
        "coordinates": [
          73.51795704431049,
          16.93002926976309
        ]
      },
      "properties": {
        "layer": "interpolated_heatmap",
        "value": 0.4621,
        "label": "Interpolated anomaly intensity",
        "disclaimer": "Interpolated estimate \u2014 NOT a direct measurement",
        "data_provenance": "INFERRED"
      }
    },
    {
      "type": "Feature",
      "geometry": {
        "type": "Point",
        "coordinates": [
          73.51795704431049,
          17.056420055766253
        ]
      },
      "properties": {
        "layer": "interpolated_heatmap",
        "value": 0.4685,
        "label": "Interpolated anomaly intensity",
        "disclaimer": "Interpolated estimate \u2014 NOT a direct measurement",
        "data_provenance": "INFERRED"
      }
    },
    {
      "type": "Feature",
      "geometry": {
        "type": "Point",
        "coordinates": [
          73.51795704431049,
          17.182810841769417
        ]
      },
      "properties": {
        "layer": "interpolated_heatmap",
        "value": 0.4765,
        "label": "Interpolated anomaly intensity",
        "disclaimer": "Interpolated estimate \u2014 NOT a direct measurement",
        "data_provenance": "INFERRED"
      }
    },
    {
      "type": "Feature",
      "geometry": {
        "type": "Point",
        "coordinates": [
          73.51795704431049,
          17.30920162777258
        ]
      },
      "properties": {
        "layer": "interpolated_heatmap",
        "value": 0.4862,
        "label": "Interpolated anomaly intensity",
        "disclaimer": "Interpolated estimate \u2014 NOT a direct measurement",
        "data_provenance": "INFERRED"
      }
    },
    {
      "type": "Feature",
      "geometry": {
        "type": "Point",
        "coordinates": [
          73.51795704431049,
          17.435592413775744
        ]
      },
      "properties": {
        "layer": "interpolated_heatmap",
        "value": 0.498,
        "label": "Interpolated anomaly intensity",
        "disclaimer": "Interpolated estimate \u2014 NOT a direct measurement",
        "data_provenance": "INFERRED"
      }
    },
    {
      "type": "Feature",
      "geometry": {
        "type": "Point",
        "coordinates": [
          73.51795704431049,
          17.561983199778908
        ]
      },
      "properties": {
        "layer": "interpolated_heatmap",
        "value": 0.512,
        "label": "Interpolated anomaly intensity",
        "disclaimer": "Interpolated estimate \u2014 NOT a direct measurement",
        "data_provenance": "INFERRED"
      }
    },
    {
      "type": "Feature",
      "geometry": {
        "type": "Point",
        "coordinates": [
          73.51795704431049,
          17.68837398578207
        ]
      },
      "properties": {
        "layer": "interpolated_heatmap",
        "value": 0.5282,
        "label": "Interpolated anomaly intensity",
        "disclaimer": "Interpolated estimate \u2014 NOT a direct measurement",
        "data_provenance": "INFERRED"
      }
    },
    {
      "type": "Feature",
      "geometry": {
        "type": "Point",
        "coordinates": [
          73.51795704431049,
          17.814764771785235
        ]
      },
      "properties": {
        "layer": "interpolated_heatmap",
        "value": 0.5463,
        "label": "Interpolated anomaly intensity",
        "disclaimer": "Interpolated estimate \u2014 NOT a direct measurement",
        "data_provenance": "INFERRED"
      }
    },
    {
      "type": "Feature",
      "geometry": {
        "type": "Point",
        "coordinates": [
          73.51795704431049,
          17.941155557788395
        ]
      },
      "properties": {
        "layer": "interpolated_heatmap",
        "value": 0.5656,
        "label": "Interpolated anomaly intensity",
        "disclaimer": "Interpolated estimate \u2014 NOT a direct measurement",
        "data_provenance": "INFERRED"
      }
    },
    {
      "type": "Feature",
      "geometry": {
        "type": "Point",
        "coordinates": [
          73.51795704431049,
          18.06754634379156
        ]
      },
      "properties": {
        "layer": "interpolated_heatmap",
        "value": 0.5848,
        "label": "Interpolated anomaly intensity",
        "disclaimer": "Interpolated estimate \u2014 NOT a direct measurement",
        "data_provenance": "INFERRED"
      }
    },
    {
      "type": "Feature",
      "geometry": {
        "type": "Point",
        "coordinates": [
          73.51795704431049,
          18.193937129794723
        ]
      },
      "properties": {
        "layer": "interpolated_heatmap",
        "value": 0.6023,
        "label": "Interpolated anomaly intensity",
        "disclaimer": "Interpolated estimate \u2014 NOT a direct measurement",
        "data_provenance": "INFERRED"
      }
    },
    {
      "type": "Feature",
      "geometry": {
        "type": "Point",
        "coordinates": [
          73.51795704431049,
          18.320327915797886
        ]
      },
      "properties": {
        "layer": "interpolated_heatmap",
        "value": 0.6166,
        "label": "Interpolated anomaly intensity",
        "disclaimer": "Interpolated estimate \u2014 NOT a direct measurement",
        "data_provenance": "INFERRED"
      }
    },
    {
      "type": "Feature",
      "geometry": {
        "type": "Point",
        "coordinates": [
          73.51795704431049,
          18.44671870180105
        ]
      },
      "properties": {
        "layer": "interpolated_heatmap",
        "value": 0.6265,
        "label": "Interpolated anomaly intensity",
        "disclaimer": "Interpolated estimate \u2014 NOT a direct measurement",
        "data_provenance": "INFERRED"
      }
    },
    {
      "type": "Feature",
      "geometry": {
        "type": "Point",
        "coordinates": [
          73.51795704431049,
          18.573109487804214
        ]
      },
      "properties": {
        "layer": "interpolated_heatmap",
        "value": 0.6313,
        "label": "Interpolated anomaly intensity",
        "disclaimer": "Interpolated estimate \u2014 NOT a direct measurement",
        "data_provenance": "INFERRED"
      }
    },
    {
      "type": "Feature",
      "geometry": {
        "type": "Point",
        "coordinates": [
          73.51795704431049,
          18.699500273807374
        ]
      },
      "properties": {
        "layer": "interpolated_heatmap",
        "value": 0.6314,
        "label": "Interpolated anomaly intensity",
        "disclaimer": "Interpolated estimate \u2014 NOT a direct measurement",
        "data_provenance": "INFERRED"
      }
    },
    {
      "type": "Feature",
      "geometry": {
        "type": "Point",
        "coordinates": [
          73.51795704431049,
          18.825891059810537
        ]
      },
      "properties": {
        "layer": "interpolated_heatmap",
        "value": 0.6277,
        "label": "Interpolated anomaly intensity",
        "disclaimer": "Interpolated estimate \u2014 NOT a direct measurement",
        "data_provenance": "INFERRED"
      }
    },
    {
      "type": "Feature",
      "geometry": {
        "type": "Point",
        "coordinates": [
          73.51795704431049,
          18.9522818458137
        ]
      },
      "properties": {
        "layer": "interpolated_heatmap",
        "value": 0.6211,
        "label": "Interpolated anomaly intensity",
        "disclaimer": "Interpolated estimate \u2014 NOT a direct measurement",
        "data_provenance": "INFERRED"
      }
    },
    {
      "type": "Feature",
      "geometry": {
        "type": "Point",
        "coordinates": [
          73.51795704431049,
          19.078672631816865
        ]
      },
      "properties": {
        "layer": "interpolated_heatmap",
        "value": 0.6128,
        "label": "Interpolated anomaly intensity",
        "disclaimer": "Interpolated estimate \u2014 NOT a direct measurement",
        "data_provenance": "INFERRED"
      }
    },
    {
      "type": "Feature",
      "geometry": {
        "type": "Point",
        "coordinates": [
          73.51795704431049,
          19.20506341782003
        ]
      },
      "properties": {
        "layer": "interpolated_heatmap",
        "value": 0.6037,
        "label": "Interpolated anomaly intensity",
        "disclaimer": "Interpolated estimate \u2014 NOT a direct measurement",
        "data_provenance": "INFERRED"
      }
    },
    {
      "type": "Feature",
      "geometry": {
        "type": "Point",
        "coordinates": [
          73.56153580293332,
          14.275822763696663
        ]
      },
      "properties": {
        "layer": "interpolated_heatmap",
        "value": 0.4383,
        "label": "Interpolated anomaly intensity",
        "disclaimer": "Interpolated estimate \u2014 NOT a direct measurement",
        "data_provenance": "INFERRED"
      }
    },
    {
      "type": "Feature",
      "geometry": {
        "type": "Point",
        "coordinates": [
          73.56153580293332,
          14.402213549699827
        ]
      },
      "properties": {
        "layer": "interpolated_heatmap",
        "value": 0.4381,
        "label": "Interpolated anomaly intensity",
        "disclaimer": "Interpolated estimate \u2014 NOT a direct measurement",
        "data_provenance": "INFERRED"
      }
    },
    {
      "type": "Feature",
      "geometry": {
        "type": "Point",
        "coordinates": [
          73.56153580293332,
          14.52860433570299
        ]
      },
      "properties": {
        "layer": "interpolated_heatmap",
        "value": 0.438,
        "label": "Interpolated anomaly intensity",
        "disclaimer": "Interpolated estimate \u2014 NOT a direct measurement",
        "data_provenance": "INFERRED"
      }
    },
    {
      "type": "Feature",
      "geometry": {
        "type": "Point",
        "coordinates": [
          73.56153580293332,
          14.654995121706152
        ]
      },
      "properties": {
        "layer": "interpolated_heatmap",
        "value": 0.4379,
        "label": "Interpolated anomaly intensity",
        "disclaimer": "Interpolated estimate \u2014 NOT a direct measurement",
        "data_provenance": "INFERRED"
      }
    },
    {
      "type": "Feature",
      "geometry": {
        "type": "Point",
        "coordinates": [
          73.56153580293332,
          14.781385907709316
        ]
      },
      "properties": {
        "layer": "interpolated_heatmap",
        "value": 0.4379,
        "label": "Interpolated anomaly intensity",
        "disclaimer": "Interpolated estimate \u2014 NOT a direct measurement",
        "data_provenance": "INFERRED"
      }
    },
    {
      "type": "Feature",
      "geometry": {
        "type": "Point",
        "coordinates": [
          73.56153580293332,
          14.90777669371248
        ]
      },
      "properties": {
        "layer": "interpolated_heatmap",
        "value": 0.4379,
        "label": "Interpolated anomaly intensity",
        "disclaimer": "Interpolated estimate \u2014 NOT a direct measurement",
        "data_provenance": "INFERRED"
      }
    },
    {
      "type": "Feature",
      "geometry": {
        "type": "Point",
        "coordinates": [
          73.56153580293332,
          15.034167479715641
        ]
      },
      "properties": {
        "layer": "interpolated_heatmap",
        "value": 0.4379,
        "label": "Interpolated anomaly intensity",
        "disclaimer": "Interpolated estimate \u2014 NOT a direct measurement",
        "data_provenance": "INFERRED"
      }
    },
    {
      "type": "Feature",
      "geometry": {
        "type": "Point",
        "coordinates": [
          73.56153580293332,
          15.160558265718805
        ]
      },
      "properties": {
        "layer": "interpolated_heatmap",
        "value": 0.4379,
        "label": "Interpolated anomaly intensity",
        "disclaimer": "Interpolated estimate \u2014 NOT a direct measurement",
        "data_provenance": "INFERRED"
      }
    },
    {
      "type": "Feature",
      "geometry": {
        "type": "Point",
        "coordinates": [
          73.56153580293332,
          15.286949051721969
        ]
      },
      "properties": {
        "layer": "interpolated_heatmap",
        "value": 0.4381,
        "label": "Interpolated anomaly intensity",
        "disclaimer": "Interpolated estimate \u2014 NOT a direct measurement",
        "data_provenance": "INFERRED"
      }
    },
    {
      "type": "Feature",
      "geometry": {
        "type": "Point",
        "coordinates": [
          73.56153580293332,
          15.413339837725132
        ]
      },
      "properties": {
        "layer": "interpolated_heatmap",
        "value": 0.4383,
        "label": "Interpolated anomaly intensity",
        "disclaimer": "Interpolated estimate \u2014 NOT a direct measurement",
        "data_provenance": "INFERRED"
      }
    },
    {
      "type": "Feature",
      "geometry": {
        "type": "Point",
        "coordinates": [
          73.56153580293332,
          15.539730623728296
        ]
      },
      "properties": {
        "layer": "interpolated_heatmap",
        "value": 0.4386,
        "label": "Interpolated anomaly intensity",
        "disclaimer": "Interpolated estimate \u2014 NOT a direct measurement",
        "data_provenance": "INFERRED"
      }
    },
    {
      "type": "Feature",
      "geometry": {
        "type": "Point",
        "coordinates": [
          73.56153580293332,
          15.666121409731458
        ]
      },
      "properties": {
        "layer": "interpolated_heatmap",
        "value": 0.439,
        "label": "Interpolated anomaly intensity",
        "disclaimer": "Interpolated estimate \u2014 NOT a direct measurement",
        "data_provenance": "INFERRED"
      }
    },
    {
      "type": "Feature",
      "geometry": {
        "type": "Point",
        "coordinates": [
          73.56153580293332,
          15.792512195734622
        ]
      },
      "properties": {
        "layer": "interpolated_heatmap",
        "value": 0.4396,
        "label": "Interpolated anomaly intensity",
        "disclaimer": "Interpolated estimate \u2014 NOT a direct measurement",
        "data_provenance": "INFERRED"
      }
    },
    {
      "type": "Feature",
      "geometry": {
        "type": "Point",
        "coordinates": [
          73.56153580293332,
          15.918902981737785
        ]
      },
      "properties": {
        "layer": "interpolated_heatmap",
        "value": 0.4404,
        "label": "Interpolated anomaly intensity",
        "disclaimer": "Interpolated estimate \u2014 NOT a direct measurement",
        "data_provenance": "INFERRED"
      }
    },
    {
      "type": "Feature",
      "geometry": {
        "type": "Point",
        "coordinates": [
          73.56153580293332,
          16.045293767740947
        ]
      },
      "properties": {
        "layer": "interpolated_heatmap",
        "value": 0.4414,
        "label": "Interpolated anomaly intensity",
        "disclaimer": "Interpolated estimate \u2014 NOT a direct measurement",
        "data_provenance": "INFERRED"
      }
    },
    {
      "type": "Feature",
      "geometry": {
        "type": "Point",
        "coordinates": [
          73.56153580293332,
          16.17168455374411
        ]
      },
      "properties": {
        "layer": "interpolated_heatmap",
        "value": 0.4427,
        "label": "Interpolated anomaly intensity",
        "disclaimer": "Interpolated estimate \u2014 NOT a direct measurement",
        "data_provenance": "INFERRED"
      }
    },
    {
      "type": "Feature",
      "geometry": {
        "type": "Point",
        "coordinates": [
          73.56153580293332,
          16.298075339747275
        ]
      },
      "properties": {
        "layer": "interpolated_heatmap",
        "value": 0.4443,
        "label": "Interpolated anomaly intensity",
        "disclaimer": "Interpolated estimate \u2014 NOT a direct measurement",
        "data_provenance": "INFERRED"
      }
    },
    {
      "type": "Feature",
      "geometry": {
        "type": "Point",
        "coordinates": [
          73.56153580293332,
          16.42446612575044
        ]
      },
      "properties": {
        "layer": "interpolated_heatmap",
        "value": 0.4464,
        "label": "Interpolated anomaly intensity",
        "disclaimer": "Interpolated estimate \u2014 NOT a direct measurement",
        "data_provenance": "INFERRED"
      }
    },
    {
      "type": "Feature",
      "geometry": {
        "type": "Point",
        "coordinates": [
          73.56153580293332,
          16.550856911753602
        ]
      },
      "properties": {
        "layer": "interpolated_heatmap",
        "value": 0.449,
        "label": "Interpolated anomaly intensity",
        "disclaimer": "Interpolated estimate \u2014 NOT a direct measurement",
        "data_provenance": "INFERRED"
      }
    },
    {
      "type": "Feature",
      "geometry": {
        "type": "Point",
        "coordinates": [
          73.56153580293332,
          16.677247697756766
        ]
      },
      "properties": {
        "layer": "interpolated_heatmap",
        "value": 0.4523,
        "label": "Interpolated anomaly intensity",
        "disclaimer": "Interpolated estimate \u2014 NOT a direct measurement",
        "data_provenance": "INFERRED"
      }
    },
    {
      "type": "Feature",
      "geometry": {
        "type": "Point",
        "coordinates": [
          73.56153580293332,
          16.803638483759926
        ]
      },
      "properties": {
        "layer": "interpolated_heatmap",
        "value": 0.4563,
        "label": "Interpolated anomaly intensity",
        "disclaimer": "Interpolated estimate \u2014 NOT a direct measurement",
        "data_provenance": "INFERRED"
      }
    },
    {
      "type": "Feature",
      "geometry": {
        "type": "Point",
        "coordinates": [
          73.56153580293332,
          16.93002926976309
        ]
      },
      "properties": {
        "layer": "interpolated_heatmap",
        "value": 0.4614,
        "label": "Interpolated anomaly intensity",
        "disclaimer": "Interpolated estimate \u2014 NOT a direct measurement",
        "data_provenance": "INFERRED"
      }
    },
    {
      "type": "Feature",
      "geometry": {
        "type": "Point",
        "coordinates": [
          73.56153580293332,
          17.056420055766253
        ]
      },
      "properties": {
        "layer": "interpolated_heatmap",
        "value": 0.4676,
        "label": "Interpolated anomaly intensity",
        "disclaimer": "Interpolated estimate \u2014 NOT a direct measurement",
        "data_provenance": "INFERRED"
      }
    },
    {
      "type": "Feature",
      "geometry": {
        "type": "Point",
        "coordinates": [
          73.56153580293332,
          17.182810841769417
        ]
      },
      "properties": {
        "layer": "interpolated_heatmap",
        "value": 0.4753,
        "label": "Interpolated anomaly intensity",
        "disclaimer": "Interpolated estimate \u2014 NOT a direct measurement",
        "data_provenance": "INFERRED"
      }
    },
    {
      "type": "Feature",
      "geometry": {
        "type": "Point",
        "coordinates": [
          73.56153580293332,
          17.30920162777258
        ]
      },
      "properties": {
        "layer": "interpolated_heatmap",
        "value": 0.4846,
        "label": "Interpolated anomaly intensity",
        "disclaimer": "Interpolated estimate \u2014 NOT a direct measurement",
        "data_provenance": "INFERRED"
      }
    },
    {
      "type": "Feature",
      "geometry": {
        "type": "Point",
        "coordinates": [
          73.56153580293332,
          17.435592413775744
        ]
      },
      "properties": {
        "layer": "interpolated_heatmap",
        "value": 0.4959,
        "label": "Interpolated anomaly intensity",
        "disclaimer": "Interpolated estimate \u2014 NOT a direct measurement",
        "data_provenance": "INFERRED"
      }
    },
    {
      "type": "Feature",
      "geometry": {
        "type": "Point",
        "coordinates": [
          73.56153580293332,
          17.561983199778908
        ]
      },
      "properties": {
        "layer": "interpolated_heatmap",
        "value": 0.5092,
        "label": "Interpolated anomaly intensity",
        "disclaimer": "Interpolated estimate \u2014 NOT a direct measurement",
        "data_provenance": "INFERRED"
      }
    },
    {
      "type": "Feature",
      "geometry": {
        "type": "Point",
        "coordinates": [
          73.56153580293332,
          17.68837398578207
        ]
      },
      "properties": {
        "layer": "interpolated_heatmap",
        "value": 0.5245,
        "label": "Interpolated anomaly intensity",
        "disclaimer": "Interpolated estimate \u2014 NOT a direct measurement",
        "data_provenance": "INFERRED"
      }
    },
    {
      "type": "Feature",
      "geometry": {
        "type": "Point",
        "coordinates": [
          73.56153580293332,
          17.814764771785235
        ]
      },
      "properties": {
        "layer": "interpolated_heatmap",
        "value": 0.5415,
        "label": "Interpolated anomaly intensity",
        "disclaimer": "Interpolated estimate \u2014 NOT a direct measurement",
        "data_provenance": "INFERRED"
      }
    },
    {
      "type": "Feature",
      "geometry": {
        "type": "Point",
        "coordinates": [
          73.56153580293332,
          17.941155557788395
        ]
      },
      "properties": {
        "layer": "interpolated_heatmap",
        "value": 0.5596,
        "label": "Interpolated anomaly intensity",
        "disclaimer": "Interpolated estimate \u2014 NOT a direct measurement",
        "data_provenance": "INFERRED"
      }
    },
    {
      "type": "Feature",
      "geometry": {
        "type": "Point",
        "coordinates": [
          73.56153580293332,
          18.06754634379156
        ]
      },
      "properties": {
        "layer": "interpolated_heatmap",
        "value": 0.5776,
        "label": "Interpolated anomaly intensity",
        "disclaimer": "Interpolated estimate \u2014 NOT a direct measurement",
        "data_provenance": "INFERRED"
      }
    },
    {
      "type": "Feature",
      "geometry": {
        "type": "Point",
        "coordinates": [
          73.56153580293332,
          18.193937129794723
        ]
      },
      "properties": {
        "layer": "interpolated_heatmap",
        "value": 0.5941,
        "label": "Interpolated anomaly intensity",
        "disclaimer": "Interpolated estimate \u2014 NOT a direct measurement",
        "data_provenance": "INFERRED"
      }
    },
    {
      "type": "Feature",
      "geometry": {
        "type": "Point",
        "coordinates": [
          73.56153580293332,
          18.320327915797886
        ]
      },
      "properties": {
        "layer": "interpolated_heatmap",
        "value": 0.6077,
        "label": "Interpolated anomaly intensity",
        "disclaimer": "Interpolated estimate \u2014 NOT a direct measurement",
        "data_provenance": "INFERRED"
      }
    },
    {
      "type": "Feature",
      "geometry": {
        "type": "Point",
        "coordinates": [
          73.56153580293332,
          18.44671870180105
        ]
      },
      "properties": {
        "layer": "interpolated_heatmap",
        "value": 0.6172,
        "label": "Interpolated anomaly intensity",
        "disclaimer": "Interpolated estimate \u2014 NOT a direct measurement",
        "data_provenance": "INFERRED"
      }
    },
    {
      "type": "Feature",
      "geometry": {
        "type": "Point",
        "coordinates": [
          73.56153580293332,
          18.573109487804214
        ]
      },
      "properties": {
        "layer": "interpolated_heatmap",
        "value": 0.6222,
        "label": "Interpolated anomaly intensity",
        "disclaimer": "Interpolated estimate \u2014 NOT a direct measurement",
        "data_provenance": "INFERRED"
      }
    },
    {
      "type": "Feature",
      "geometry": {
        "type": "Point",
        "coordinates": [
          73.56153580293332,
          18.699500273807374
        ]
      },
      "properties": {
        "layer": "interpolated_heatmap",
        "value": 0.6229,
        "label": "Interpolated anomaly intensity",
        "disclaimer": "Interpolated estimate \u2014 NOT a direct measurement",
        "data_provenance": "INFERRED"
      }
    },
    {
      "type": "Feature",
      "geometry": {
        "type": "Point",
        "coordinates": [
          73.56153580293332,
          18.825891059810537
        ]
      },
      "properties": {
        "layer": "interpolated_heatmap",
        "value": 0.6199,
        "label": "Interpolated anomaly intensity",
        "disclaimer": "Interpolated estimate \u2014 NOT a direct measurement",
        "data_provenance": "INFERRED"
      }
    },
    {
      "type": "Feature",
      "geometry": {
        "type": "Point",
        "coordinates": [
          73.56153580293332,
          18.9522818458137
        ]
      },
      "properties": {
        "layer": "interpolated_heatmap",
        "value": 0.6143,
        "label": "Interpolated anomaly intensity",
        "disclaimer": "Interpolated estimate \u2014 NOT a direct measurement",
        "data_provenance": "INFERRED"
      }
    },
    {
      "type": "Feature",
      "geometry": {
        "type": "Point",
        "coordinates": [
          73.56153580293332,
          19.078672631816865
        ]
      },
      "properties": {
        "layer": "interpolated_heatmap",
        "value": 0.607,
        "label": "Interpolated anomaly intensity",
        "disclaimer": "Interpolated estimate \u2014 NOT a direct measurement",
        "data_provenance": "INFERRED"
      }
    },
    {
      "type": "Feature",
      "geometry": {
        "type": "Point",
        "coordinates": [
          73.56153580293332,
          19.20506341782003
        ]
      },
      "properties": {
        "layer": "interpolated_heatmap",
        "value": 0.5987,
        "label": "Interpolated anomaly intensity",
        "disclaimer": "Interpolated estimate \u2014 NOT a direct measurement",
        "data_provenance": "INFERRED"
      }
    },
    {
      "type": "Feature",
      "geometry": {
        "type": "Point",
        "coordinates": [
          73.60511456155616,
          14.275822763696663
        ]
      },
      "properties": {
        "layer": "interpolated_heatmap",
        "value": 0.4382,
        "label": "Interpolated anomaly intensity",
        "disclaimer": "Interpolated estimate \u2014 NOT a direct measurement",
        "data_provenance": "INFERRED"
      }
    },
    {
      "type": "Feature",
      "geometry": {
        "type": "Point",
        "coordinates": [
          73.60511456155616,
          14.402213549699827
        ]
      },
      "properties": {
        "layer": "interpolated_heatmap",
        "value": 0.4381,
        "label": "Interpolated anomaly intensity",
        "disclaimer": "Interpolated estimate \u2014 NOT a direct measurement",
        "data_provenance": "INFERRED"
      }
    },
    {
      "type": "Feature",
      "geometry": {
        "type": "Point",
        "coordinates": [
          73.60511456155616,
          14.52860433570299
        ]
      },
      "properties": {
        "layer": "interpolated_heatmap",
        "value": 0.438,
        "label": "Interpolated anomaly intensity",
        "disclaimer": "Interpolated estimate \u2014 NOT a direct measurement",
        "data_provenance": "INFERRED"
      }
    },
    {
      "type": "Feature",
      "geometry": {
        "type": "Point",
        "coordinates": [
          73.60511456155616,
          14.654995121706152
        ]
      },
      "properties": {
        "layer": "interpolated_heatmap",
        "value": 0.4379,
        "label": "Interpolated anomaly intensity",
        "disclaimer": "Interpolated estimate \u2014 NOT a direct measurement",
        "data_provenance": "INFERRED"
      }
    },
    {
      "type": "Feature",
      "geometry": {
        "type": "Point",
        "coordinates": [
          73.60511456155616,
          14.781385907709316
        ]
      },
      "properties": {
        "layer": "interpolated_heatmap",
        "value": 0.4378,
        "label": "Interpolated anomaly intensity",
        "disclaimer": "Interpolated estimate \u2014 NOT a direct measurement",
        "data_provenance": "INFERRED"
      }
    },
    {
      "type": "Feature",
      "geometry": {
        "type": "Point",
        "coordinates": [
          73.60511456155616,
          14.90777669371248
        ]
      },
      "properties": {
        "layer": "interpolated_heatmap",
        "value": 0.4378,
        "label": "Interpolated anomaly intensity",
        "disclaimer": "Interpolated estimate \u2014 NOT a direct measurement",
        "data_provenance": "INFERRED"
      }
    },
    {
      "type": "Feature",
      "geometry": {
        "type": "Point",
        "coordinates": [
          73.60511456155616,
          15.034167479715641
        ]
      },
      "properties": {
        "layer": "interpolated_heatmap",
        "value": 0.4378,
        "label": "Interpolated anomaly intensity",
        "disclaimer": "Interpolated estimate \u2014 NOT a direct measurement",
        "data_provenance": "INFERRED"
      }
    },
    {
      "type": "Feature",
      "geometry": {
        "type": "Point",
        "coordinates": [
          73.60511456155616,
          15.160558265718805
        ]
      },
      "properties": {
        "layer": "interpolated_heatmap",
        "value": 0.4379,
        "label": "Interpolated anomaly intensity",
        "disclaimer": "Interpolated estimate \u2014 NOT a direct measurement",
        "data_provenance": "INFERRED"
      }
    },
    {
      "type": "Feature",
      "geometry": {
        "type": "Point",
        "coordinates": [
          73.60511456155616,
          15.286949051721969
        ]
      },
      "properties": {
        "layer": "interpolated_heatmap",
        "value": 0.438,
        "label": "Interpolated anomaly intensity",
        "disclaimer": "Interpolated estimate \u2014 NOT a direct measurement",
        "data_provenance": "INFERRED"
      }
    },
    {
      "type": "Feature",
      "geometry": {
        "type": "Point",
        "coordinates": [
          73.60511456155616,
          15.413339837725132
        ]
      },
      "properties": {
        "layer": "interpolated_heatmap",
        "value": 0.4382,
        "label": "Interpolated anomaly intensity",
        "disclaimer": "Interpolated estimate \u2014 NOT a direct measurement",
        "data_provenance": "INFERRED"
      }
    },
    {
      "type": "Feature",
      "geometry": {
        "type": "Point",
        "coordinates": [
          73.60511456155616,
          15.539730623728296
        ]
      },
      "properties": {
        "layer": "interpolated_heatmap",
        "value": 0.4385,
        "label": "Interpolated anomaly intensity",
        "disclaimer": "Interpolated estimate \u2014 NOT a direct measurement",
        "data_provenance": "INFERRED"
      }
    },
    {
      "type": "Feature",
      "geometry": {
        "type": "Point",
        "coordinates": [
          73.60511456155616,
          15.666121409731458
        ]
      },
      "properties": {
        "layer": "interpolated_heatmap",
        "value": 0.4389,
        "label": "Interpolated anomaly intensity",
        "disclaimer": "Interpolated estimate \u2014 NOT a direct measurement",
        "data_provenance": "INFERRED"
      }
    },
    {
      "type": "Feature",
      "geometry": {
        "type": "Point",
        "coordinates": [
          73.60511456155616,
          15.792512195734622
        ]
      },
      "properties": {
        "layer": "interpolated_heatmap",
        "value": 0.4395,
        "label": "Interpolated anomaly intensity",
        "disclaimer": "Interpolated estimate \u2014 NOT a direct measurement",
        "data_provenance": "INFERRED"
      }
    },
    {
      "type": "Feature",
      "geometry": {
        "type": "Point",
        "coordinates": [
          73.60511456155616,
          15.918902981737785
        ]
      },
      "properties": {
        "layer": "interpolated_heatmap",
        "value": 0.4403,
        "label": "Interpolated anomaly intensity",
        "disclaimer": "Interpolated estimate \u2014 NOT a direct measurement",
        "data_provenance": "INFERRED"
      }
    },
    {
      "type": "Feature",
      "geometry": {
        "type": "Point",
        "coordinates": [
          73.60511456155616,
          16.045293767740947
        ]
      },
      "properties": {
        "layer": "interpolated_heatmap",
        "value": 0.4413,
        "label": "Interpolated anomaly intensity",
        "disclaimer": "Interpolated estimate \u2014 NOT a direct measurement",
        "data_provenance": "INFERRED"
      }
    },
    {
      "type": "Feature",
      "geometry": {
        "type": "Point",
        "coordinates": [
          73.60511456155616,
          16.17168455374411
        ]
      },
      "properties": {
        "layer": "interpolated_heatmap",
        "value": 0.4425,
        "label": "Interpolated anomaly intensity",
        "disclaimer": "Interpolated estimate \u2014 NOT a direct measurement",
        "data_provenance": "INFERRED"
      }
    },
    {
      "type": "Feature",
      "geometry": {
        "type": "Point",
        "coordinates": [
          73.60511456155616,
          16.298075339747275
        ]
      },
      "properties": {
        "layer": "interpolated_heatmap",
        "value": 0.4441,
        "label": "Interpolated anomaly intensity",
        "disclaimer": "Interpolated estimate \u2014 NOT a direct measurement",
        "data_provenance": "INFERRED"
      }
    },
    {
      "type": "Feature",
      "geometry": {
        "type": "Point",
        "coordinates": [
          73.60511456155616,
          16.42446612575044
        ]
      },
      "properties": {
        "layer": "interpolated_heatmap",
        "value": 0.4462,
        "label": "Interpolated anomaly intensity",
        "disclaimer": "Interpolated estimate \u2014 NOT a direct measurement",
        "data_provenance": "INFERRED"
      }
    },
    {
      "type": "Feature",
      "geometry": {
        "type": "Point",
        "coordinates": [
          73.60511456155616,
          16.550856911753602
        ]
      },
      "properties": {
        "layer": "interpolated_heatmap",
        "value": 0.4487,
        "label": "Interpolated anomaly intensity",
        "disclaimer": "Interpolated estimate \u2014 NOT a direct measurement",
        "data_provenance": "INFERRED"
      }
    },
    {
      "type": "Feature",
      "geometry": {
        "type": "Point",
        "coordinates": [
          73.60511456155616,
          16.677247697756766
        ]
      },
      "properties": {
        "layer": "interpolated_heatmap",
        "value": 0.4518,
        "label": "Interpolated anomaly intensity",
        "disclaimer": "Interpolated estimate \u2014 NOT a direct measurement",
        "data_provenance": "INFERRED"
      }
    },
    {
      "type": "Feature",
      "geometry": {
        "type": "Point",
        "coordinates": [
          73.60511456155616,
          16.803638483759926
        ]
      },
      "properties": {
        "layer": "interpolated_heatmap",
        "value": 0.4558,
        "label": "Interpolated anomaly intensity",
        "disclaimer": "Interpolated estimate \u2014 NOT a direct measurement",
        "data_provenance": "INFERRED"
      }
    },
    {
      "type": "Feature",
      "geometry": {
        "type": "Point",
        "coordinates": [
          73.60511456155616,
          16.93002926976309
        ]
      },
      "properties": {
        "layer": "interpolated_heatmap",
        "value": 0.4607,
        "label": "Interpolated anomaly intensity",
        "disclaimer": "Interpolated estimate \u2014 NOT a direct measurement",
        "data_provenance": "INFERRED"
      }
    },
    {
      "type": "Feature",
      "geometry": {
        "type": "Point",
        "coordinates": [
          73.60511456155616,
          17.056420055766253
        ]
      },
      "properties": {
        "layer": "interpolated_heatmap",
        "value": 0.4667,
        "label": "Interpolated anomaly intensity",
        "disclaimer": "Interpolated estimate \u2014 NOT a direct measurement",
        "data_provenance": "INFERRED"
      }
    },
    {
      "type": "Feature",
      "geometry": {
        "type": "Point",
        "coordinates": [
          73.60511456155616,
          17.182810841769417
        ]
      },
      "properties": {
        "layer": "interpolated_heatmap",
        "value": 0.4741,
        "label": "Interpolated anomaly intensity",
        "disclaimer": "Interpolated estimate \u2014 NOT a direct measurement",
        "data_provenance": "INFERRED"
      }
    },
    {
      "type": "Feature",
      "geometry": {
        "type": "Point",
        "coordinates": [
          73.60511456155616,
          17.30920162777258
        ]
      },
      "properties": {
        "layer": "interpolated_heatmap",
        "value": 0.483,
        "label": "Interpolated anomaly intensity",
        "disclaimer": "Interpolated estimate \u2014 NOT a direct measurement",
        "data_provenance": "INFERRED"
      }
    },
    {
      "type": "Feature",
      "geometry": {
        "type": "Point",
        "coordinates": [
          73.60511456155616,
          17.435592413775744
        ]
      },
      "properties": {
        "layer": "interpolated_heatmap",
        "value": 0.4938,
        "label": "Interpolated anomaly intensity",
        "disclaimer": "Interpolated estimate \u2014 NOT a direct measurement",
        "data_provenance": "INFERRED"
      }
    },
    {
      "type": "Feature",
      "geometry": {
        "type": "Point",
        "coordinates": [
          73.60511456155616,
          17.561983199778908
        ]
      },
      "properties": {
        "layer": "interpolated_heatmap",
        "value": 0.5064,
        "label": "Interpolated anomaly intensity",
        "disclaimer": "Interpolated estimate \u2014 NOT a direct measurement",
        "data_provenance": "INFERRED"
      }
    },
    {
      "type": "Feature",
      "geometry": {
        "type": "Point",
        "coordinates": [
          73.60511456155616,
          17.68837398578207
        ]
      },
      "properties": {
        "layer": "interpolated_heatmap",
        "value": 0.5209,
        "label": "Interpolated anomaly intensity",
        "disclaimer": "Interpolated estimate \u2014 NOT a direct measurement",
        "data_provenance": "INFERRED"
      }
    },
    {
      "type": "Feature",
      "geometry": {
        "type": "Point",
        "coordinates": [
          73.60511456155616,
          17.814764771785235
        ]
      },
      "properties": {
        "layer": "interpolated_heatmap",
        "value": 0.5369,
        "label": "Interpolated anomaly intensity",
        "disclaimer": "Interpolated estimate \u2014 NOT a direct measurement",
        "data_provenance": "INFERRED"
      }
    },
    {
      "type": "Feature",
      "geometry": {
        "type": "Point",
        "coordinates": [
          73.60511456155616,
          17.941155557788395
        ]
      },
      "properties": {
        "layer": "interpolated_heatmap",
        "value": 0.5538,
        "label": "Interpolated anomaly intensity",
        "disclaimer": "Interpolated estimate \u2014 NOT a direct measurement",
        "data_provenance": "INFERRED"
      }
    },
    {
      "type": "Feature",
      "geometry": {
        "type": "Point",
        "coordinates": [
          73.60511456155616,
          18.06754634379156
        ]
      },
      "properties": {
        "layer": "interpolated_heatmap",
        "value": 0.5707,
        "label": "Interpolated anomaly intensity",
        "disclaimer": "Interpolated estimate \u2014 NOT a direct measurement",
        "data_provenance": "INFERRED"
      }
    },
    {
      "type": "Feature",
      "geometry": {
        "type": "Point",
        "coordinates": [
          73.60511456155616,
          18.193937129794723
        ]
      },
      "properties": {
        "layer": "interpolated_heatmap",
        "value": 0.5862,
        "label": "Interpolated anomaly intensity",
        "disclaimer": "Interpolated estimate \u2014 NOT a direct measurement",
        "data_provenance": "INFERRED"
      }
    },
    {
      "type": "Feature",
      "geometry": {
        "type": "Point",
        "coordinates": [
          73.60511456155616,
          18.320327915797886
        ]
      },
      "properties": {
        "layer": "interpolated_heatmap",
        "value": 0.5991,
        "label": "Interpolated anomaly intensity",
        "disclaimer": "Interpolated estimate \u2014 NOT a direct measurement",
        "data_provenance": "INFERRED"
      }
    },
    {
      "type": "Feature",
      "geometry": {
        "type": "Point",
        "coordinates": [
          73.60511456155616,
          18.44671870180105
        ]
      },
      "properties": {
        "layer": "interpolated_heatmap",
        "value": 0.6083,
        "label": "Interpolated anomaly intensity",
        "disclaimer": "Interpolated estimate \u2014 NOT a direct measurement",
        "data_provenance": "INFERRED"
      }
    },
    {
      "type": "Feature",
      "geometry": {
        "type": "Point",
        "coordinates": [
          73.60511456155616,
          18.573109487804214
        ]
      },
      "properties": {
        "layer": "interpolated_heatmap",
        "value": 0.6134,
        "label": "Interpolated anomaly intensity",
        "disclaimer": "Interpolated estimate \u2014 NOT a direct measurement",
        "data_provenance": "INFERRED"
      }
    },
    {
      "type": "Feature",
      "geometry": {
        "type": "Point",
        "coordinates": [
          73.60511456155616,
          18.699500273807374
        ]
      },
      "properties": {
        "layer": "interpolated_heatmap",
        "value": 0.6146,
        "label": "Interpolated anomaly intensity",
        "disclaimer": "Interpolated estimate \u2014 NOT a direct measurement",
        "data_provenance": "INFERRED"
      }
    },
    {
      "type": "Feature",
      "geometry": {
        "type": "Point",
        "coordinates": [
          73.60511456155616,
          18.825891059810537
        ]
      },
      "properties": {
        "layer": "interpolated_heatmap",
        "value": 0.6124,
        "label": "Interpolated anomaly intensity",
        "disclaimer": "Interpolated estimate \u2014 NOT a direct measurement",
        "data_provenance": "INFERRED"
      }
    },
    {
      "type": "Feature",
      "geometry": {
        "type": "Point",
        "coordinates": [
          73.60511456155616,
          18.9522818458137
        ]
      },
      "properties": {
        "layer": "interpolated_heatmap",
        "value": 0.6077,
        "label": "Interpolated anomaly intensity",
        "disclaimer": "Interpolated estimate \u2014 NOT a direct measurement",
        "data_provenance": "INFERRED"
      }
    },
    {
      "type": "Feature",
      "geometry": {
        "type": "Point",
        "coordinates": [
          73.60511456155616,
          19.078672631816865
        ]
      },
      "properties": {
        "layer": "interpolated_heatmap",
        "value": 0.6012,
        "label": "Interpolated anomaly intensity",
        "disclaimer": "Interpolated estimate \u2014 NOT a direct measurement",
        "data_provenance": "INFERRED"
      }
    },
    {
      "type": "Feature",
      "geometry": {
        "type": "Point",
        "coordinates": [
          73.60511456155616,
          19.20506341782003
        ]
      },
      "properties": {
        "layer": "interpolated_heatmap",
        "value": 0.5937,
        "label": "Interpolated anomaly intensity",
        "disclaimer": "Interpolated estimate \u2014 NOT a direct measurement",
        "data_provenance": "INFERRED"
      }
    },
    {
      "type": "Feature",
      "geometry": {
        "type": "Point",
        "coordinates": [
          73.64869332017899,
          14.275822763696663
        ]
      },
      "properties": {
        "layer": "interpolated_heatmap",
        "value": 0.4382,
        "label": "Interpolated anomaly intensity",
        "disclaimer": "Interpolated estimate \u2014 NOT a direct measurement",
        "data_provenance": "INFERRED"
      }
    },
    {
      "type": "Feature",
      "geometry": {
        "type": "Point",
        "coordinates": [
          73.64869332017899,
          14.402213549699827
        ]
      },
      "properties": {
        "layer": "interpolated_heatmap",
        "value": 0.438,
        "label": "Interpolated anomaly intensity",
        "disclaimer": "Interpolated estimate \u2014 NOT a direct measurement",
        "data_provenance": "INFERRED"
      }
    },
    {
      "type": "Feature",
      "geometry": {
        "type": "Point",
        "coordinates": [
          73.64869332017899,
          14.52860433570299
        ]
      },
      "properties": {
        "layer": "interpolated_heatmap",
        "value": 0.4379,
        "label": "Interpolated anomaly intensity",
        "disclaimer": "Interpolated estimate \u2014 NOT a direct measurement",
        "data_provenance": "INFERRED"
      }
    },
    {
      "type": "Feature",
      "geometry": {
        "type": "Point",
        "coordinates": [
          73.64869332017899,
          14.654995121706152
        ]
      },
      "properties": {
        "layer": "interpolated_heatmap",
        "value": 0.4378,
        "label": "Interpolated anomaly intensity",
        "disclaimer": "Interpolated estimate \u2014 NOT a direct measurement",
        "data_provenance": "INFERRED"
      }
    },
    {
      "type": "Feature",
      "geometry": {
        "type": "Point",
        "coordinates": [
          73.64869332017899,
          14.781385907709316
        ]
      },
      "properties": {
        "layer": "interpolated_heatmap",
        "value": 0.4378,
        "label": "Interpolated anomaly intensity",
        "disclaimer": "Interpolated estimate \u2014 NOT a direct measurement",
        "data_provenance": "INFERRED"
      }
    },
    {
      "type": "Feature",
      "geometry": {
        "type": "Point",
        "coordinates": [
          73.64869332017899,
          14.90777669371248
        ]
      },
      "properties": {
        "layer": "interpolated_heatmap",
        "value": 0.4378,
        "label": "Interpolated anomaly intensity",
        "disclaimer": "Interpolated estimate \u2014 NOT a direct measurement",
        "data_provenance": "INFERRED"
      }
    },
    {
      "type": "Feature",
      "geometry": {
        "type": "Point",
        "coordinates": [
          73.64869332017899,
          15.034167479715641
        ]
      },
      "properties": {
        "layer": "interpolated_heatmap",
        "value": 0.4378,
        "label": "Interpolated anomaly intensity",
        "disclaimer": "Interpolated estimate \u2014 NOT a direct measurement",
        "data_provenance": "INFERRED"
      }
    },
    {
      "type": "Feature",
      "geometry": {
        "type": "Point",
        "coordinates": [
          73.64869332017899,
          15.160558265718805
        ]
      },
      "properties": {
        "layer": "interpolated_heatmap",
        "value": 0.4378,
        "label": "Interpolated anomaly intensity",
        "disclaimer": "Interpolated estimate \u2014 NOT a direct measurement",
        "data_provenance": "INFERRED"
      }
    },
    {
      "type": "Feature",
      "geometry": {
        "type": "Point",
        "coordinates": [
          73.64869332017899,
          15.286949051721969
        ]
      },
      "properties": {
        "layer": "interpolated_heatmap",
        "value": 0.4379,
        "label": "Interpolated anomaly intensity",
        "disclaimer": "Interpolated estimate \u2014 NOT a direct measurement",
        "data_provenance": "INFERRED"
      }
    },
    {
      "type": "Feature",
      "geometry": {
        "type": "Point",
        "coordinates": [
          73.64869332017899,
          15.413339837725132
        ]
      },
      "properties": {
        "layer": "interpolated_heatmap",
        "value": 0.4381,
        "label": "Interpolated anomaly intensity",
        "disclaimer": "Interpolated estimate \u2014 NOT a direct measurement",
        "data_provenance": "INFERRED"
      }
    },
    {
      "type": "Feature",
      "geometry": {
        "type": "Point",
        "coordinates": [
          73.64869332017899,
          15.539730623728296
        ]
      },
      "properties": {
        "layer": "interpolated_heatmap",
        "value": 0.4384,
        "label": "Interpolated anomaly intensity",
        "disclaimer": "Interpolated estimate \u2014 NOT a direct measurement",
        "data_provenance": "INFERRED"
      }
    },
    {
      "type": "Feature",
      "geometry": {
        "type": "Point",
        "coordinates": [
          73.64869332017899,
          15.666121409731458
        ]
      },
      "properties": {
        "layer": "interpolated_heatmap",
        "value": 0.4388,
        "label": "Interpolated anomaly intensity",
        "disclaimer": "Interpolated estimate \u2014 NOT a direct measurement",
        "data_provenance": "INFERRED"
      }
    },
    {
      "type": "Feature",
      "geometry": {
        "type": "Point",
        "coordinates": [
          73.64869332017899,
          15.792512195734622
        ]
      },
      "properties": {
        "layer": "interpolated_heatmap",
        "value": 0.4394,
        "label": "Interpolated anomaly intensity",
        "disclaimer": "Interpolated estimate \u2014 NOT a direct measurement",
        "data_provenance": "INFERRED"
      }
    },
    {
      "type": "Feature",
      "geometry": {
        "type": "Point",
        "coordinates": [
          73.64869332017899,
          15.918902981737785
        ]
      },
      "properties": {
        "layer": "interpolated_heatmap",
        "value": 0.4402,
        "label": "Interpolated anomaly intensity",
        "disclaimer": "Interpolated estimate \u2014 NOT a direct measurement",
        "data_provenance": "INFERRED"
      }
    },
    {
      "type": "Feature",
      "geometry": {
        "type": "Point",
        "coordinates": [
          73.64869332017899,
          16.045293767740947
        ]
      },
      "properties": {
        "layer": "interpolated_heatmap",
        "value": 0.4411,
        "label": "Interpolated anomaly intensity",
        "disclaimer": "Interpolated estimate \u2014 NOT a direct measurement",
        "data_provenance": "INFERRED"
      }
    },
    {
      "type": "Feature",
      "geometry": {
        "type": "Point",
        "coordinates": [
          73.64869332017899,
          16.17168455374411
        ]
      },
      "properties": {
        "layer": "interpolated_heatmap",
        "value": 0.4424,
        "label": "Interpolated anomaly intensity",
        "disclaimer": "Interpolated estimate \u2014 NOT a direct measurement",
        "data_provenance": "INFERRED"
      }
    },
    {
      "type": "Feature",
      "geometry": {
        "type": "Point",
        "coordinates": [
          73.64869332017899,
          16.298075339747275
        ]
      },
      "properties": {
        "layer": "interpolated_heatmap",
        "value": 0.4439,
        "label": "Interpolated anomaly intensity",
        "disclaimer": "Interpolated estimate \u2014 NOT a direct measurement",
        "data_provenance": "INFERRED"
      }
    },
    {
      "type": "Feature",
      "geometry": {
        "type": "Point",
        "coordinates": [
          73.64869332017899,
          16.42446612575044
        ]
      },
      "properties": {
        "layer": "interpolated_heatmap",
        "value": 0.4459,
        "label": "Interpolated anomaly intensity",
        "disclaimer": "Interpolated estimate \u2014 NOT a direct measurement",
        "data_provenance": "INFERRED"
      }
    },
    {
      "type": "Feature",
      "geometry": {
        "type": "Point",
        "coordinates": [
          73.64869332017899,
          16.550856911753602
        ]
      },
      "properties": {
        "layer": "interpolated_heatmap",
        "value": 0.4484,
        "label": "Interpolated anomaly intensity",
        "disclaimer": "Interpolated estimate \u2014 NOT a direct measurement",
        "data_provenance": "INFERRED"
      }
    },
    {
      "type": "Feature",
      "geometry": {
        "type": "Point",
        "coordinates": [
          73.64869332017899,
          16.677247697756766
        ]
      },
      "properties": {
        "layer": "interpolated_heatmap",
        "value": 0.4515,
        "label": "Interpolated anomaly intensity",
        "disclaimer": "Interpolated estimate \u2014 NOT a direct measurement",
        "data_provenance": "INFERRED"
      }
    },
    {
      "type": "Feature",
      "geometry": {
        "type": "Point",
        "coordinates": [
          73.64869332017899,
          16.803638483759926
        ]
      },
      "properties": {
        "layer": "interpolated_heatmap",
        "value": 0.4553,
        "label": "Interpolated anomaly intensity",
        "disclaimer": "Interpolated estimate \u2014 NOT a direct measurement",
        "data_provenance": "INFERRED"
      }
    },
    {
      "type": "Feature",
      "geometry": {
        "type": "Point",
        "coordinates": [
          73.64869332017899,
          16.93002926976309
        ]
      },
      "properties": {
        "layer": "interpolated_heatmap",
        "value": 0.46,
        "label": "Interpolated anomaly intensity",
        "disclaimer": "Interpolated estimate \u2014 NOT a direct measurement",
        "data_provenance": "INFERRED"
      }
    },
    {
      "type": "Feature",
      "geometry": {
        "type": "Point",
        "coordinates": [
          73.64869332017899,
          17.056420055766253
        ]
      },
      "properties": {
        "layer": "interpolated_heatmap",
        "value": 0.4658,
        "label": "Interpolated anomaly intensity",
        "disclaimer": "Interpolated estimate \u2014 NOT a direct measurement",
        "data_provenance": "INFERRED"
      }
    },
    {
      "type": "Feature",
      "geometry": {
        "type": "Point",
        "coordinates": [
          73.64869332017899,
          17.182810841769417
        ]
      },
      "properties": {
        "layer": "interpolated_heatmap",
        "value": 0.4729,
        "label": "Interpolated anomaly intensity",
        "disclaimer": "Interpolated estimate \u2014 NOT a direct measurement",
        "data_provenance": "INFERRED"
      }
    },
    {
      "type": "Feature",
      "geometry": {
        "type": "Point",
        "coordinates": [
          73.64869332017899,
          17.30920162777258
        ]
      },
      "properties": {
        "layer": "interpolated_heatmap",
        "value": 0.4815,
        "label": "Interpolated anomaly intensity",
        "disclaimer": "Interpolated estimate \u2014 NOT a direct measurement",
        "data_provenance": "INFERRED"
      }
    },
    {
      "type": "Feature",
      "geometry": {
        "type": "Point",
        "coordinates": [
          73.64869332017899,
          17.435592413775744
        ]
      },
      "properties": {
        "layer": "interpolated_heatmap",
        "value": 0.4917,
        "label": "Interpolated anomaly intensity",
        "disclaimer": "Interpolated estimate \u2014 NOT a direct measurement",
        "data_provenance": "INFERRED"
      }
    },
    {
      "type": "Feature",
      "geometry": {
        "type": "Point",
        "coordinates": [
          73.64869332017899,
          17.561983199778908
        ]
      },
      "properties": {
        "layer": "interpolated_heatmap",
        "value": 0.5037,
        "label": "Interpolated anomaly intensity",
        "disclaimer": "Interpolated estimate \u2014 NOT a direct measurement",
        "data_provenance": "INFERRED"
      }
    },
    {
      "type": "Feature",
      "geometry": {
        "type": "Point",
        "coordinates": [
          73.64869332017899,
          17.68837398578207
        ]
      },
      "properties": {
        "layer": "interpolated_heatmap",
        "value": 0.5174,
        "label": "Interpolated anomaly intensity",
        "disclaimer": "Interpolated estimate \u2014 NOT a direct measurement",
        "data_provenance": "INFERRED"
      }
    },
    {
      "type": "Feature",
      "geometry": {
        "type": "Point",
        "coordinates": [
          73.64869332017899,
          17.814764771785235
        ]
      },
      "properties": {
        "layer": "interpolated_heatmap",
        "value": 0.5324,
        "label": "Interpolated anomaly intensity",
        "disclaimer": "Interpolated estimate \u2014 NOT a direct measurement",
        "data_provenance": "INFERRED"
      }
    },
    {
      "type": "Feature",
      "geometry": {
        "type": "Point",
        "coordinates": [
          73.64869332017899,
          17.941155557788395
        ]
      },
      "properties": {
        "layer": "interpolated_heatmap",
        "value": 0.5483,
        "label": "Interpolated anomaly intensity",
        "disclaimer": "Interpolated estimate \u2014 NOT a direct measurement",
        "data_provenance": "INFERRED"
      }
    },
    {
      "type": "Feature",
      "geometry": {
        "type": "Point",
        "coordinates": [
          73.64869332017899,
          18.06754634379156
        ]
      },
      "properties": {
        "layer": "interpolated_heatmap",
        "value": 0.5641,
        "label": "Interpolated anomaly intensity",
        "disclaimer": "Interpolated estimate \u2014 NOT a direct measurement",
        "data_provenance": "INFERRED"
      }
    },
    {
      "type": "Feature",
      "geometry": {
        "type": "Point",
        "coordinates": [
          73.64869332017899,
          18.193937129794723
        ]
      },
      "properties": {
        "layer": "interpolated_heatmap",
        "value": 0.5786,
        "label": "Interpolated anomaly intensity",
        "disclaimer": "Interpolated estimate \u2014 NOT a direct measurement",
        "data_provenance": "INFERRED"
      }
    },
    {
      "type": "Feature",
      "geometry": {
        "type": "Point",
        "coordinates": [
          73.64869332017899,
          18.320327915797886
        ]
      },
      "properties": {
        "layer": "interpolated_heatmap",
        "value": 0.5908,
        "label": "Interpolated anomaly intensity",
        "disclaimer": "Interpolated estimate \u2014 NOT a direct measurement",
        "data_provenance": "INFERRED"
      }
    },
    {
      "type": "Feature",
      "geometry": {
        "type": "Point",
        "coordinates": [
          73.64869332017899,
          18.44671870180105
        ]
      },
      "properties": {
        "layer": "interpolated_heatmap",
        "value": 0.5998,
        "label": "Interpolated anomaly intensity",
        "disclaimer": "Interpolated estimate \u2014 NOT a direct measurement",
        "data_provenance": "INFERRED"
      }
    },
    {
      "type": "Feature",
      "geometry": {
        "type": "Point",
        "coordinates": [
          73.64869332017899,
          18.573109487804214
        ]
      },
      "properties": {
        "layer": "interpolated_heatmap",
        "value": 0.605,
        "label": "Interpolated anomaly intensity",
        "disclaimer": "Interpolated estimate \u2014 NOT a direct measurement",
        "data_provenance": "INFERRED"
      }
    },
    {
      "type": "Feature",
      "geometry": {
        "type": "Point",
        "coordinates": [
          73.64869332017899,
          18.699500273807374
        ]
      },
      "properties": {
        "layer": "interpolated_heatmap",
        "value": 0.6066,
        "label": "Interpolated anomaly intensity",
        "disclaimer": "Interpolated estimate \u2014 NOT a direct measurement",
        "data_provenance": "INFERRED"
      }
    },
    {
      "type": "Feature",
      "geometry": {
        "type": "Point",
        "coordinates": [
          73.64869332017899,
          18.825891059810537
        ]
      },
      "properties": {
        "layer": "interpolated_heatmap",
        "value": 0.6051,
        "label": "Interpolated anomaly intensity",
        "disclaimer": "Interpolated estimate \u2014 NOT a direct measurement",
        "data_provenance": "INFERRED"
      }
    },
    {
      "type": "Feature",
      "geometry": {
        "type": "Point",
        "coordinates": [
          73.64869332017899,
          18.9522818458137
        ]
      },
      "properties": {
        "layer": "interpolated_heatmap",
        "value": 0.6011,
        "label": "Interpolated anomaly intensity",
        "disclaimer": "Interpolated estimate \u2014 NOT a direct measurement",
        "data_provenance": "INFERRED"
      }
    },
    {
      "type": "Feature",
      "geometry": {
        "type": "Point",
        "coordinates": [
          73.64869332017899,
          19.078672631816865
        ]
      },
      "properties": {
        "layer": "interpolated_heatmap",
        "value": 0.5955,
        "label": "Interpolated anomaly intensity",
        "disclaimer": "Interpolated estimate \u2014 NOT a direct measurement",
        "data_provenance": "INFERRED"
      }
    },
    {
      "type": "Feature",
      "geometry": {
        "type": "Point",
        "coordinates": [
          73.64869332017899,
          19.20506341782003
        ]
      },
      "properties": {
        "layer": "interpolated_heatmap",
        "value": 0.5888,
        "label": "Interpolated anomaly intensity",
        "disclaimer": "Interpolated estimate \u2014 NOT a direct measurement",
        "data_provenance": "INFERRED"
      }
    },
    {
      "type": "Feature",
      "geometry": {
        "type": "Point",
        "coordinates": [
          73.69227207880182,
          14.275822763696663
        ]
      },
      "properties": {
        "layer": "interpolated_heatmap",
        "value": 0.4381,
        "label": "Interpolated anomaly intensity",
        "disclaimer": "Interpolated estimate \u2014 NOT a direct measurement",
        "data_provenance": "INFERRED"
      }
    },
    {
      "type": "Feature",
      "geometry": {
        "type": "Point",
        "coordinates": [
          73.69227207880182,
          14.402213549699827
        ]
      },
      "properties": {
        "layer": "interpolated_heatmap",
        "value": 0.438,
        "label": "Interpolated anomaly intensity",
        "disclaimer": "Interpolated estimate \u2014 NOT a direct measurement",
        "data_provenance": "INFERRED"
      }
    },
    {
      "type": "Feature",
      "geometry": {
        "type": "Point",
        "coordinates": [
          73.69227207880182,
          14.52860433570299
        ]
      },
      "properties": {
        "layer": "interpolated_heatmap",
        "value": 0.4379,
        "label": "Interpolated anomaly intensity",
        "disclaimer": "Interpolated estimate \u2014 NOT a direct measurement",
        "data_provenance": "INFERRED"
      }
    },
    {
      "type": "Feature",
      "geometry": {
        "type": "Point",
        "coordinates": [
          73.69227207880182,
          14.654995121706152
        ]
      },
      "properties": {
        "layer": "interpolated_heatmap",
        "value": 0.4378,
        "label": "Interpolated anomaly intensity",
        "disclaimer": "Interpolated estimate \u2014 NOT a direct measurement",
        "data_provenance": "INFERRED"
      }
    },
    {
      "type": "Feature",
      "geometry": {
        "type": "Point",
        "coordinates": [
          73.69227207880182,
          14.781385907709316
        ]
      },
      "properties": {
        "layer": "interpolated_heatmap",
        "value": 0.4377,
        "label": "Interpolated anomaly intensity",
        "disclaimer": "Interpolated estimate \u2014 NOT a direct measurement",
        "data_provenance": "INFERRED"
      }
    },
    {
      "type": "Feature",
      "geometry": {
        "type": "Point",
        "coordinates": [
          73.69227207880182,
          14.90777669371248
        ]
      },
      "properties": {
        "layer": "interpolated_heatmap",
        "value": 0.4377,
        "label": "Interpolated anomaly intensity",
        "disclaimer": "Interpolated estimate \u2014 NOT a direct measurement",
        "data_provenance": "INFERRED"
      }
    },
    {
      "type": "Feature",
      "geometry": {
        "type": "Point",
        "coordinates": [
          73.69227207880182,
          15.034167479715641
        ]
      },
      "properties": {
        "layer": "interpolated_heatmap",
        "value": 0.4377,
        "label": "Interpolated anomaly intensity",
        "disclaimer": "Interpolated estimate \u2014 NOT a direct measurement",
        "data_provenance": "INFERRED"
      }
    },
    {
      "type": "Feature",
      "geometry": {
        "type": "Point",
        "coordinates": [
          73.69227207880182,
          15.160558265718805
        ]
      },
      "properties": {
        "layer": "interpolated_heatmap",
        "value": 0.4378,
        "label": "Interpolated anomaly intensity",
        "disclaimer": "Interpolated estimate \u2014 NOT a direct measurement",
        "data_provenance": "INFERRED"
      }
    },
    {
      "type": "Feature",
      "geometry": {
        "type": "Point",
        "coordinates": [
          73.69227207880182,
          15.286949051721969
        ]
      },
      "properties": {
        "layer": "interpolated_heatmap",
        "value": 0.4379,
        "label": "Interpolated anomaly intensity",
        "disclaimer": "Interpolated estimate \u2014 NOT a direct measurement",
        "data_provenance": "INFERRED"
      }
    },
    {
      "type": "Feature",
      "geometry": {
        "type": "Point",
        "coordinates": [
          73.69227207880182,
          15.413339837725132
        ]
      },
      "properties": {
        "layer": "interpolated_heatmap",
        "value": 0.4381,
        "label": "Interpolated anomaly intensity",
        "disclaimer": "Interpolated estimate \u2014 NOT a direct measurement",
        "data_provenance": "INFERRED"
      }
    },
    {
      "type": "Feature",
      "geometry": {
        "type": "Point",
        "coordinates": [
          73.69227207880182,
          15.539730623728296
        ]
      },
      "properties": {
        "layer": "interpolated_heatmap",
        "value": 0.4384,
        "label": "Interpolated anomaly intensity",
        "disclaimer": "Interpolated estimate \u2014 NOT a direct measurement",
        "data_provenance": "INFERRED"
      }
    },
    {
      "type": "Feature",
      "geometry": {
        "type": "Point",
        "coordinates": [
          73.69227207880182,
          15.666121409731458
        ]
      },
      "properties": {
        "layer": "interpolated_heatmap",
        "value": 0.4388,
        "label": "Interpolated anomaly intensity",
        "disclaimer": "Interpolated estimate \u2014 NOT a direct measurement",
        "data_provenance": "INFERRED"
      }
    },
    {
      "type": "Feature",
      "geometry": {
        "type": "Point",
        "coordinates": [
          73.69227207880182,
          15.792512195734622
        ]
      },
      "properties": {
        "layer": "interpolated_heatmap",
        "value": 0.4393,
        "label": "Interpolated anomaly intensity",
        "disclaimer": "Interpolated estimate \u2014 NOT a direct measurement",
        "data_provenance": "INFERRED"
      }
    },
    {
      "type": "Feature",
      "geometry": {
        "type": "Point",
        "coordinates": [
          73.69227207880182,
          15.918902981737785
        ]
      },
      "properties": {
        "layer": "interpolated_heatmap",
        "value": 0.4401,
        "label": "Interpolated anomaly intensity",
        "disclaimer": "Interpolated estimate \u2014 NOT a direct measurement",
        "data_provenance": "INFERRED"
      }
    },
    {
      "type": "Feature",
      "geometry": {
        "type": "Point",
        "coordinates": [
          73.69227207880182,
          16.045293767740947
        ]
      },
      "properties": {
        "layer": "interpolated_heatmap",
        "value": 0.441,
        "label": "Interpolated anomaly intensity",
        "disclaimer": "Interpolated estimate \u2014 NOT a direct measurement",
        "data_provenance": "INFERRED"
      }
    },
    {
      "type": "Feature",
      "geometry": {
        "type": "Point",
        "coordinates": [
          73.69227207880182,
          16.17168455374411
        ]
      },
      "properties": {
        "layer": "interpolated_heatmap",
        "value": 0.4422,
        "label": "Interpolated anomaly intensity",
        "disclaimer": "Interpolated estimate \u2014 NOT a direct measurement",
        "data_provenance": "INFERRED"
      }
    },
    {
      "type": "Feature",
      "geometry": {
        "type": "Point",
        "coordinates": [
          73.69227207880182,
          16.298075339747275
        ]
      },
      "properties": {
        "layer": "interpolated_heatmap",
        "value": 0.4438,
        "label": "Interpolated anomaly intensity",
        "disclaimer": "Interpolated estimate \u2014 NOT a direct measurement",
        "data_provenance": "INFERRED"
      }
    },
    {
      "type": "Feature",
      "geometry": {
        "type": "Point",
        "coordinates": [
          73.69227207880182,
          16.42446612575044
        ]
      },
      "properties": {
        "layer": "interpolated_heatmap",
        "value": 0.4457,
        "label": "Interpolated anomaly intensity",
        "disclaimer": "Interpolated estimate \u2014 NOT a direct measurement",
        "data_provenance": "INFERRED"
      }
    },
    {
      "type": "Feature",
      "geometry": {
        "type": "Point",
        "coordinates": [
          73.69227207880182,
          16.550856911753602
        ]
      },
      "properties": {
        "layer": "interpolated_heatmap",
        "value": 0.4481,
        "label": "Interpolated anomaly intensity",
        "disclaimer": "Interpolated estimate \u2014 NOT a direct measurement",
        "data_provenance": "INFERRED"
      }
    },
    {
      "type": "Feature",
      "geometry": {
        "type": "Point",
        "coordinates": [
          73.69227207880182,
          16.677247697756766
        ]
      },
      "properties": {
        "layer": "interpolated_heatmap",
        "value": 0.4511,
        "label": "Interpolated anomaly intensity",
        "disclaimer": "Interpolated estimate \u2014 NOT a direct measurement",
        "data_provenance": "INFERRED"
      }
    },
    {
      "type": "Feature",
      "geometry": {
        "type": "Point",
        "coordinates": [
          73.69227207880182,
          16.803638483759926
        ]
      },
      "properties": {
        "layer": "interpolated_heatmap",
        "value": 0.4548,
        "label": "Interpolated anomaly intensity",
        "disclaimer": "Interpolated estimate \u2014 NOT a direct measurement",
        "data_provenance": "INFERRED"
      }
    },
    {
      "type": "Feature",
      "geometry": {
        "type": "Point",
        "coordinates": [
          73.69227207880182,
          16.93002926976309
        ]
      },
      "properties": {
        "layer": "interpolated_heatmap",
        "value": 0.4594,
        "label": "Interpolated anomaly intensity",
        "disclaimer": "Interpolated estimate \u2014 NOT a direct measurement",
        "data_provenance": "INFERRED"
      }
    },
    {
      "type": "Feature",
      "geometry": {
        "type": "Point",
        "coordinates": [
          73.69227207880182,
          17.056420055766253
        ]
      },
      "properties": {
        "layer": "interpolated_heatmap",
        "value": 0.465,
        "label": "Interpolated anomaly intensity",
        "disclaimer": "Interpolated estimate \u2014 NOT a direct measurement",
        "data_provenance": "INFERRED"
      }
    },
    {
      "type": "Feature",
      "geometry": {
        "type": "Point",
        "coordinates": [
          73.69227207880182,
          17.182810841769417
        ]
      },
      "properties": {
        "layer": "interpolated_heatmap",
        "value": 0.4718,
        "label": "Interpolated anomaly intensity",
        "disclaimer": "Interpolated estimate \u2014 NOT a direct measurement",
        "data_provenance": "INFERRED"
      }
    },
    {
      "type": "Feature",
      "geometry": {
        "type": "Point",
        "coordinates": [
          73.69227207880182,
          17.30920162777258
        ]
      },
      "properties": {
        "layer": "interpolated_heatmap",
        "value": 0.48,
        "label": "Interpolated anomaly intensity",
        "disclaimer": "Interpolated estimate \u2014 NOT a direct measurement",
        "data_provenance": "INFERRED"
      }
    },
    {
      "type": "Feature",
      "geometry": {
        "type": "Point",
        "coordinates": [
          73.69227207880182,
          17.435592413775744
        ]
      },
      "properties": {
        "layer": "interpolated_heatmap",
        "value": 0.4897,
        "label": "Interpolated anomaly intensity",
        "disclaimer": "Interpolated estimate \u2014 NOT a direct measurement",
        "data_provenance": "INFERRED"
      }
    },
    {
      "type": "Feature",
      "geometry": {
        "type": "Point",
        "coordinates": [
          73.69227207880182,
          17.561983199778908
        ]
      },
      "properties": {
        "layer": "interpolated_heatmap",
        "value": 0.5011,
        "label": "Interpolated anomaly intensity",
        "disclaimer": "Interpolated estimate \u2014 NOT a direct measurement",
        "data_provenance": "INFERRED"
      }
    },
    {
      "type": "Feature",
      "geometry": {
        "type": "Point",
        "coordinates": [
          73.69227207880182,
          17.68837398578207
        ]
      },
      "properties": {
        "layer": "interpolated_heatmap",
        "value": 0.514,
        "label": "Interpolated anomaly intensity",
        "disclaimer": "Interpolated estimate \u2014 NOT a direct measurement",
        "data_provenance": "INFERRED"
      }
    },
    {
      "type": "Feature",
      "geometry": {
        "type": "Point",
        "coordinates": [
          73.69227207880182,
          17.814764771785235
        ]
      },
      "properties": {
        "layer": "interpolated_heatmap",
        "value": 0.5281,
        "label": "Interpolated anomaly intensity",
        "disclaimer": "Interpolated estimate \u2014 NOT a direct measurement",
        "data_provenance": "INFERRED"
      }
    },
    {
      "type": "Feature",
      "geometry": {
        "type": "Point",
        "coordinates": [
          73.69227207880182,
          17.941155557788395
        ]
      },
      "properties": {
        "layer": "interpolated_heatmap",
        "value": 0.543,
        "label": "Interpolated anomaly intensity",
        "disclaimer": "Interpolated estimate \u2014 NOT a direct measurement",
        "data_provenance": "INFERRED"
      }
    },
    {
      "type": "Feature",
      "geometry": {
        "type": "Point",
        "coordinates": [
          73.69227207880182,
          18.06754634379156
        ]
      },
      "properties": {
        "layer": "interpolated_heatmap",
        "value": 0.5578,
        "label": "Interpolated anomaly intensity",
        "disclaimer": "Interpolated estimate \u2014 NOT a direct measurement",
        "data_provenance": "INFERRED"
      }
    },
    {
      "type": "Feature",
      "geometry": {
        "type": "Point",
        "coordinates": [
          73.69227207880182,
          18.193937129794723
        ]
      },
      "properties": {
        "layer": "interpolated_heatmap",
        "value": 0.5715,
        "label": "Interpolated anomaly intensity",
        "disclaimer": "Interpolated estimate \u2014 NOT a direct measurement",
        "data_provenance": "INFERRED"
      }
    },
    {
      "type": "Feature",
      "geometry": {
        "type": "Point",
        "coordinates": [
          73.69227207880182,
          18.320327915797886
        ]
      },
      "properties": {
        "layer": "interpolated_heatmap",
        "value": 0.5831,
        "label": "Interpolated anomaly intensity",
        "disclaimer": "Interpolated estimate \u2014 NOT a direct measurement",
        "data_provenance": "INFERRED"
      }
    },
    {
      "type": "Feature",
      "geometry": {
        "type": "Point",
        "coordinates": [
          73.69227207880182,
          18.44671870180105
        ]
      },
      "properties": {
        "layer": "interpolated_heatmap",
        "value": 0.5917,
        "label": "Interpolated anomaly intensity",
        "disclaimer": "Interpolated estimate \u2014 NOT a direct measurement",
        "data_provenance": "INFERRED"
      }
    },
    {
      "type": "Feature",
      "geometry": {
        "type": "Point",
        "coordinates": [
          73.69227207880182,
          18.573109487804214
        ]
      },
      "properties": {
        "layer": "interpolated_heatmap",
        "value": 0.597,
        "label": "Interpolated anomaly intensity",
        "disclaimer": "Interpolated estimate \u2014 NOT a direct measurement",
        "data_provenance": "INFERRED"
      }
    },
    {
      "type": "Feature",
      "geometry": {
        "type": "Point",
        "coordinates": [
          73.69227207880182,
          18.699500273807374
        ]
      },
      "properties": {
        "layer": "interpolated_heatmap",
        "value": 0.599,
        "label": "Interpolated anomaly intensity",
        "disclaimer": "Interpolated estimate \u2014 NOT a direct measurement",
        "data_provenance": "INFERRED"
      }
    },
    {
      "type": "Feature",
      "geometry": {
        "type": "Point",
        "coordinates": [
          73.69227207880182,
          18.825891059810537
        ]
      },
      "properties": {
        "layer": "interpolated_heatmap",
        "value": 0.598,
        "label": "Interpolated anomaly intensity",
        "disclaimer": "Interpolated estimate \u2014 NOT a direct measurement",
        "data_provenance": "INFERRED"
      }
    },
    {
      "type": "Feature",
      "geometry": {
        "type": "Point",
        "coordinates": [
          73.69227207880182,
          18.9522818458137
        ]
      },
      "properties": {
        "layer": "interpolated_heatmap",
        "value": 0.5948,
        "label": "Interpolated anomaly intensity",
        "disclaimer": "Interpolated estimate \u2014 NOT a direct measurement",
        "data_provenance": "INFERRED"
      }
    },
    {
      "type": "Feature",
      "geometry": {
        "type": "Point",
        "coordinates": [
          73.69227207880182,
          19.078672631816865
        ]
      },
      "properties": {
        "layer": "interpolated_heatmap",
        "value": 0.5899,
        "label": "Interpolated anomaly intensity",
        "disclaimer": "Interpolated estimate \u2014 NOT a direct measurement",
        "data_provenance": "INFERRED"
      }
    },
    {
      "type": "Feature",
      "geometry": {
        "type": "Point",
        "coordinates": [
          73.69227207880182,
          19.20506341782003
        ]
      },
      "properties": {
        "layer": "interpolated_heatmap",
        "value": 0.5839,
        "label": "Interpolated anomaly intensity",
        "disclaimer": "Interpolated estimate \u2014 NOT a direct measurement",
        "data_provenance": "INFERRED"
      }
    },
    {
      "type": "Feature",
      "geometry": {
        "type": "Point",
        "coordinates": [
          73.73585083742465,
          14.275822763696663
        ]
      },
      "properties": {
        "layer": "interpolated_heatmap",
        "value": 0.4381,
        "label": "Interpolated anomaly intensity",
        "disclaimer": "Interpolated estimate \u2014 NOT a direct measurement",
        "data_provenance": "INFERRED"
      }
    },
    {
      "type": "Feature",
      "geometry": {
        "type": "Point",
        "coordinates": [
          73.73585083742465,
          14.402213549699827
        ]
      },
      "properties": {
        "layer": "interpolated_heatmap",
        "value": 0.438,
        "label": "Interpolated anomaly intensity",
        "disclaimer": "Interpolated estimate \u2014 NOT a direct measurement",
        "data_provenance": "INFERRED"
      }
    },
    {
      "type": "Feature",
      "geometry": {
        "type": "Point",
        "coordinates": [
          73.73585083742465,
          14.52860433570299
        ]
      },
      "properties": {
        "layer": "interpolated_heatmap",
        "value": 0.4379,
        "label": "Interpolated anomaly intensity",
        "disclaimer": "Interpolated estimate \u2014 NOT a direct measurement",
        "data_provenance": "INFERRED"
      }
    },
    {
      "type": "Feature",
      "geometry": {
        "type": "Point",
        "coordinates": [
          73.73585083742465,
          14.654995121706152
        ]
      },
      "properties": {
        "layer": "interpolated_heatmap",
        "value": 0.4378,
        "label": "Interpolated anomaly intensity",
        "disclaimer": "Interpolated estimate \u2014 NOT a direct measurement",
        "data_provenance": "INFERRED"
      }
    },
    {
      "type": "Feature",
      "geometry": {
        "type": "Point",
        "coordinates": [
          73.73585083742465,
          14.781385907709316
        ]
      },
      "properties": {
        "layer": "interpolated_heatmap",
        "value": 0.4377,
        "label": "Interpolated anomaly intensity",
        "disclaimer": "Interpolated estimate \u2014 NOT a direct measurement",
        "data_provenance": "INFERRED"
      }
    },
    {
      "type": "Feature",
      "geometry": {
        "type": "Point",
        "coordinates": [
          73.73585083742465,
          14.90777669371248
        ]
      },
      "properties": {
        "layer": "interpolated_heatmap",
        "value": 0.4377,
        "label": "Interpolated anomaly intensity",
        "disclaimer": "Interpolated estimate \u2014 NOT a direct measurement",
        "data_provenance": "INFERRED"
      }
    },
    {
      "type": "Feature",
      "geometry": {
        "type": "Point",
        "coordinates": [
          73.73585083742465,
          15.034167479715641
        ]
      },
      "properties": {
        "layer": "interpolated_heatmap",
        "value": 0.4377,
        "label": "Interpolated anomaly intensity",
        "disclaimer": "Interpolated estimate \u2014 NOT a direct measurement",
        "data_provenance": "INFERRED"
      }
    },
    {
      "type": "Feature",
      "geometry": {
        "type": "Point",
        "coordinates": [
          73.73585083742465,
          15.160558265718805
        ]
      },
      "properties": {
        "layer": "interpolated_heatmap",
        "value": 0.4377,
        "label": "Interpolated anomaly intensity",
        "disclaimer": "Interpolated estimate \u2014 NOT a direct measurement",
        "data_provenance": "INFERRED"
      }
    },
    {
      "type": "Feature",
      "geometry": {
        "type": "Point",
        "coordinates": [
          73.73585083742465,
          15.286949051721969
        ]
      },
      "properties": {
        "layer": "interpolated_heatmap",
        "value": 0.4378,
        "label": "Interpolated anomaly intensity",
        "disclaimer": "Interpolated estimate \u2014 NOT a direct measurement",
        "data_provenance": "INFERRED"
      }
    },
    {
      "type": "Feature",
      "geometry": {
        "type": "Point",
        "coordinates": [
          73.73585083742465,
          15.413339837725132
        ]
      },
      "properties": {
        "layer": "interpolated_heatmap",
        "value": 0.438,
        "label": "Interpolated anomaly intensity",
        "disclaimer": "Interpolated estimate \u2014 NOT a direct measurement",
        "data_provenance": "INFERRED"
      }
    },
    {
      "type": "Feature",
      "geometry": {
        "type": "Point",
        "coordinates": [
          73.73585083742465,
          15.539730623728296
        ]
      },
      "properties": {
        "layer": "interpolated_heatmap",
        "value": 0.4383,
        "label": "Interpolated anomaly intensity",
        "disclaimer": "Interpolated estimate \u2014 NOT a direct measurement",
        "data_provenance": "INFERRED"
      }
    },
    {
      "type": "Feature",
      "geometry": {
        "type": "Point",
        "coordinates": [
          73.73585083742465,
          15.666121409731458
        ]
      },
      "properties": {
        "layer": "interpolated_heatmap",
        "value": 0.4387,
        "label": "Interpolated anomaly intensity",
        "disclaimer": "Interpolated estimate \u2014 NOT a direct measurement",
        "data_provenance": "INFERRED"
      }
    },
    {
      "type": "Feature",
      "geometry": {
        "type": "Point",
        "coordinates": [
          73.73585083742465,
          15.792512195734622
        ]
      },
      "properties": {
        "layer": "interpolated_heatmap",
        "value": 0.4392,
        "label": "Interpolated anomaly intensity",
        "disclaimer": "Interpolated estimate \u2014 NOT a direct measurement",
        "data_provenance": "INFERRED"
      }
    },
    {
      "type": "Feature",
      "geometry": {
        "type": "Point",
        "coordinates": [
          73.73585083742465,
          15.918902981737785
        ]
      },
      "properties": {
        "layer": "interpolated_heatmap",
        "value": 0.44,
        "label": "Interpolated anomaly intensity",
        "disclaimer": "Interpolated estimate \u2014 NOT a direct measurement",
        "data_provenance": "INFERRED"
      }
    },
    {
      "type": "Feature",
      "geometry": {
        "type": "Point",
        "coordinates": [
          73.73585083742465,
          16.045293767740947
        ]
      },
      "properties": {
        "layer": "interpolated_heatmap",
        "value": 0.4409,
        "label": "Interpolated anomaly intensity",
        "disclaimer": "Interpolated estimate \u2014 NOT a direct measurement",
        "data_provenance": "INFERRED"
      }
    },
    {
      "type": "Feature",
      "geometry": {
        "type": "Point",
        "coordinates": [
          73.73585083742465,
          16.17168455374411
        ]
      },
      "properties": {
        "layer": "interpolated_heatmap",
        "value": 0.4421,
        "label": "Interpolated anomaly intensity",
        "disclaimer": "Interpolated estimate \u2014 NOT a direct measurement",
        "data_provenance": "INFERRED"
      }
    },
    {
      "type": "Feature",
      "geometry": {
        "type": "Point",
        "coordinates": [
          73.73585083742465,
          16.298075339747275
        ]
      },
      "properties": {
        "layer": "interpolated_heatmap",
        "value": 0.4436,
        "label": "Interpolated anomaly intensity",
        "disclaimer": "Interpolated estimate \u2014 NOT a direct measurement",
        "data_provenance": "INFERRED"
      }
    },
    {
      "type": "Feature",
      "geometry": {
        "type": "Point",
        "coordinates": [
          73.73585083742465,
          16.42446612575044
        ]
      },
      "properties": {
        "layer": "interpolated_heatmap",
        "value": 0.4455,
        "label": "Interpolated anomaly intensity",
        "disclaimer": "Interpolated estimate \u2014 NOT a direct measurement",
        "data_provenance": "INFERRED"
      }
    },
    {
      "type": "Feature",
      "geometry": {
        "type": "Point",
        "coordinates": [
          73.73585083742465,
          16.550856911753602
        ]
      },
      "properties": {
        "layer": "interpolated_heatmap",
        "value": 0.4478,
        "label": "Interpolated anomaly intensity",
        "disclaimer": "Interpolated estimate \u2014 NOT a direct measurement",
        "data_provenance": "INFERRED"
      }
    },
    {
      "type": "Feature",
      "geometry": {
        "type": "Point",
        "coordinates": [
          73.73585083742465,
          16.677247697756766
        ]
      },
      "properties": {
        "layer": "interpolated_heatmap",
        "value": 0.4507,
        "label": "Interpolated anomaly intensity",
        "disclaimer": "Interpolated estimate \u2014 NOT a direct measurement",
        "data_provenance": "INFERRED"
      }
    },
    {
      "type": "Feature",
      "geometry": {
        "type": "Point",
        "coordinates": [
          73.73585083742465,
          16.803638483759926
        ]
      },
      "properties": {
        "layer": "interpolated_heatmap",
        "value": 0.4543,
        "label": "Interpolated anomaly intensity",
        "disclaimer": "Interpolated estimate \u2014 NOT a direct measurement",
        "data_provenance": "INFERRED"
      }
    },
    {
      "type": "Feature",
      "geometry": {
        "type": "Point",
        "coordinates": [
          73.73585083742465,
          16.93002926976309
        ]
      },
      "properties": {
        "layer": "interpolated_heatmap",
        "value": 0.4588,
        "label": "Interpolated anomaly intensity",
        "disclaimer": "Interpolated estimate \u2014 NOT a direct measurement",
        "data_provenance": "INFERRED"
      }
    },
    {
      "type": "Feature",
      "geometry": {
        "type": "Point",
        "coordinates": [
          73.73585083742465,
          17.056420055766253
        ]
      },
      "properties": {
        "layer": "interpolated_heatmap",
        "value": 0.4642,
        "label": "Interpolated anomaly intensity",
        "disclaimer": "Interpolated estimate \u2014 NOT a direct measurement",
        "data_provenance": "INFERRED"
      }
    },
    {
      "type": "Feature",
      "geometry": {
        "type": "Point",
        "coordinates": [
          73.73585083742465,
          17.182810841769417
        ]
      },
      "properties": {
        "layer": "interpolated_heatmap",
        "value": 0.4707,
        "label": "Interpolated anomaly intensity",
        "disclaimer": "Interpolated estimate \u2014 NOT a direct measurement",
        "data_provenance": "INFERRED"
      }
    },
    {
      "type": "Feature",
      "geometry": {
        "type": "Point",
        "coordinates": [
          73.73585083742465,
          17.30920162777258
        ]
      },
      "properties": {
        "layer": "interpolated_heatmap",
        "value": 0.4786,
        "label": "Interpolated anomaly intensity",
        "disclaimer": "Interpolated estimate \u2014 NOT a direct measurement",
        "data_provenance": "INFERRED"
      }
    },
    {
      "type": "Feature",
      "geometry": {
        "type": "Point",
        "coordinates": [
          73.73585083742465,
          17.435592413775744
        ]
      },
      "properties": {
        "layer": "interpolated_heatmap",
        "value": 0.4878,
        "label": "Interpolated anomaly intensity",
        "disclaimer": "Interpolated estimate \u2014 NOT a direct measurement",
        "data_provenance": "INFERRED"
      }
    },
    {
      "type": "Feature",
      "geometry": {
        "type": "Point",
        "coordinates": [
          73.73585083742465,
          17.561983199778908
        ]
      },
      "properties": {
        "layer": "interpolated_heatmap",
        "value": 0.4986,
        "label": "Interpolated anomaly intensity",
        "disclaimer": "Interpolated estimate \u2014 NOT a direct measurement",
        "data_provenance": "INFERRED"
      }
    },
    {
      "type": "Feature",
      "geometry": {
        "type": "Point",
        "coordinates": [
          73.73585083742465,
          17.68837398578207
        ]
      },
      "properties": {
        "layer": "interpolated_heatmap",
        "value": 0.5107,
        "label": "Interpolated anomaly intensity",
        "disclaimer": "Interpolated estimate \u2014 NOT a direct measurement",
        "data_provenance": "INFERRED"
      }
    },
    {
      "type": "Feature",
      "geometry": {
        "type": "Point",
        "coordinates": [
          73.73585083742465,
          17.814764771785235
        ]
      },
      "properties": {
        "layer": "interpolated_heatmap",
        "value": 0.524,
        "label": "Interpolated anomaly intensity",
        "disclaimer": "Interpolated estimate \u2014 NOT a direct measurement",
        "data_provenance": "INFERRED"
      }
    },
    {
      "type": "Feature",
      "geometry": {
        "type": "Point",
        "coordinates": [
          73.73585083742465,
          17.941155557788395
        ]
      },
      "properties": {
        "layer": "interpolated_heatmap",
        "value": 0.538,
        "label": "Interpolated anomaly intensity",
        "disclaimer": "Interpolated estimate \u2014 NOT a direct measurement",
        "data_provenance": "INFERRED"
      }
    },
    {
      "type": "Feature",
      "geometry": {
        "type": "Point",
        "coordinates": [
          73.73585083742465,
          18.06754634379156
        ]
      },
      "properties": {
        "layer": "interpolated_heatmap",
        "value": 0.5518,
        "label": "Interpolated anomaly intensity",
        "disclaimer": "Interpolated estimate \u2014 NOT a direct measurement",
        "data_provenance": "INFERRED"
      }
    },
    {
      "type": "Feature",
      "geometry": {
        "type": "Point",
        "coordinates": [
          73.73585083742465,
          18.193937129794723
        ]
      },
      "properties": {
        "layer": "interpolated_heatmap",
        "value": 0.5647,
        "label": "Interpolated anomaly intensity",
        "disclaimer": "Interpolated estimate \u2014 NOT a direct measurement",
        "data_provenance": "INFERRED"
      }
    },
    {
      "type": "Feature",
      "geometry": {
        "type": "Point",
        "coordinates": [
          73.73585083742465,
          18.320327915797886
        ]
      },
      "properties": {
        "layer": "interpolated_heatmap",
        "value": 0.5757,
        "label": "Interpolated anomaly intensity",
        "disclaimer": "Interpolated estimate \u2014 NOT a direct measurement",
        "data_provenance": "INFERRED"
      }
    },
    {
      "type": "Feature",
      "geometry": {
        "type": "Point",
        "coordinates": [
          73.73585083742465,
          18.44671870180105
        ]
      },
      "properties": {
        "layer": "interpolated_heatmap",
        "value": 0.584,
        "label": "Interpolated anomaly intensity",
        "disclaimer": "Interpolated estimate \u2014 NOT a direct measurement",
        "data_provenance": "INFERRED"
      }
    },
    {
      "type": "Feature",
      "geometry": {
        "type": "Point",
        "coordinates": [
          73.73585083742465,
          18.573109487804214
        ]
      },
      "properties": {
        "layer": "interpolated_heatmap",
        "value": 0.5893,
        "label": "Interpolated anomaly intensity",
        "disclaimer": "Interpolated estimate \u2014 NOT a direct measurement",
        "data_provenance": "INFERRED"
      }
    },
    {
      "type": "Feature",
      "geometry": {
        "type": "Point",
        "coordinates": [
          73.73585083742465,
          18.699500273807374
        ]
      },
      "properties": {
        "layer": "interpolated_heatmap",
        "value": 0.5916,
        "label": "Interpolated anomaly intensity",
        "disclaimer": "Interpolated estimate \u2014 NOT a direct measurement",
        "data_provenance": "INFERRED"
      }
    },
    {
      "type": "Feature",
      "geometry": {
        "type": "Point",
        "coordinates": [
          73.73585083742465,
          18.825891059810537
        ]
      },
      "properties": {
        "layer": "interpolated_heatmap",
        "value": 0.5912,
        "label": "Interpolated anomaly intensity",
        "disclaimer": "Interpolated estimate \u2014 NOT a direct measurement",
        "data_provenance": "INFERRED"
      }
    },
    {
      "type": "Feature",
      "geometry": {
        "type": "Point",
        "coordinates": [
          73.73585083742465,
          18.9522818458137
        ]
      },
      "properties": {
        "layer": "interpolated_heatmap",
        "value": 0.5886,
        "label": "Interpolated anomaly intensity",
        "disclaimer": "Interpolated estimate \u2014 NOT a direct measurement",
        "data_provenance": "INFERRED"
      }
    },
    {
      "type": "Feature",
      "geometry": {
        "type": "Point",
        "coordinates": [
          73.73585083742465,
          19.078672631816865
        ]
      },
      "properties": {
        "layer": "interpolated_heatmap",
        "value": 0.5844,
        "label": "Interpolated anomaly intensity",
        "disclaimer": "Interpolated estimate \u2014 NOT a direct measurement",
        "data_provenance": "INFERRED"
      }
    },
    {
      "type": "Feature",
      "geometry": {
        "type": "Point",
        "coordinates": [
          73.73585083742465,
          19.20506341782003
        ]
      },
      "properties": {
        "layer": "interpolated_heatmap",
        "value": 0.5792,
        "label": "Interpolated anomaly intensity",
        "disclaimer": "Interpolated estimate \u2014 NOT a direct measurement",
        "data_provenance": "INFERRED"
      }
    },
    {
      "type": "Feature",
      "geometry": {
        "type": "Point",
        "coordinates": [
          73.77942959604748,
          14.275822763696663
        ]
      },
      "properties": {
        "layer": "interpolated_heatmap",
        "value": 0.4381,
        "label": "Interpolated anomaly intensity",
        "disclaimer": "Interpolated estimate \u2014 NOT a direct measurement",
        "data_provenance": "INFERRED"
      }
    },
    {
      "type": "Feature",
      "geometry": {
        "type": "Point",
        "coordinates": [
          73.77942959604748,
          14.402213549699827
        ]
      },
      "properties": {
        "layer": "interpolated_heatmap",
        "value": 0.438,
        "label": "Interpolated anomaly intensity",
        "disclaimer": "Interpolated estimate \u2014 NOT a direct measurement",
        "data_provenance": "INFERRED"
      }
    },
    {
      "type": "Feature",
      "geometry": {
        "type": "Point",
        "coordinates": [
          73.77942959604748,
          14.52860433570299
        ]
      },
      "properties": {
        "layer": "interpolated_heatmap",
        "value": 0.4378,
        "label": "Interpolated anomaly intensity",
        "disclaimer": "Interpolated estimate \u2014 NOT a direct measurement",
        "data_provenance": "INFERRED"
      }
    },
    {
      "type": "Feature",
      "geometry": {
        "type": "Point",
        "coordinates": [
          73.77942959604748,
          14.654995121706152
        ]
      },
      "properties": {
        "layer": "interpolated_heatmap",
        "value": 0.4377,
        "label": "Interpolated anomaly intensity",
        "disclaimer": "Interpolated estimate \u2014 NOT a direct measurement",
        "data_provenance": "INFERRED"
      }
    },
    {
      "type": "Feature",
      "geometry": {
        "type": "Point",
        "coordinates": [
          73.77942959604748,
          14.781385907709316
        ]
      },
      "properties": {
        "layer": "interpolated_heatmap",
        "value": 0.4377,
        "label": "Interpolated anomaly intensity",
        "disclaimer": "Interpolated estimate \u2014 NOT a direct measurement",
        "data_provenance": "INFERRED"
      }
    },
    {
      "type": "Feature",
      "geometry": {
        "type": "Point",
        "coordinates": [
          73.77942959604748,
          14.90777669371248
        ]
      },
      "properties": {
        "layer": "interpolated_heatmap",
        "value": 0.4377,
        "label": "Interpolated anomaly intensity",
        "disclaimer": "Interpolated estimate \u2014 NOT a direct measurement",
        "data_provenance": "INFERRED"
      }
    },
    {
      "type": "Feature",
      "geometry": {
        "type": "Point",
        "coordinates": [
          73.77942959604748,
          15.034167479715641
        ]
      },
      "properties": {
        "layer": "interpolated_heatmap",
        "value": 0.4377,
        "label": "Interpolated anomaly intensity",
        "disclaimer": "Interpolated estimate \u2014 NOT a direct measurement",
        "data_provenance": "INFERRED"
      }
    },
    {
      "type": "Feature",
      "geometry": {
        "type": "Point",
        "coordinates": [
          73.77942959604748,
          15.160558265718805
        ]
      },
      "properties": {
        "layer": "interpolated_heatmap",
        "value": 0.4377,
        "label": "Interpolated anomaly intensity",
        "disclaimer": "Interpolated estimate \u2014 NOT a direct measurement",
        "data_provenance": "INFERRED"
      }
    },
    {
      "type": "Feature",
      "geometry": {
        "type": "Point",
        "coordinates": [
          73.77942959604748,
          15.286949051721969
        ]
      },
      "properties": {
        "layer": "interpolated_heatmap",
        "value": 0.4378,
        "label": "Interpolated anomaly intensity",
        "disclaimer": "Interpolated estimate \u2014 NOT a direct measurement",
        "data_provenance": "INFERRED"
      }
    },
    {
      "type": "Feature",
      "geometry": {
        "type": "Point",
        "coordinates": [
          73.77942959604748,
          15.413339837725132
        ]
      },
      "properties": {
        "layer": "interpolated_heatmap",
        "value": 0.438,
        "label": "Interpolated anomaly intensity",
        "disclaimer": "Interpolated estimate \u2014 NOT a direct measurement",
        "data_provenance": "INFERRED"
      }
    },
    {
      "type": "Feature",
      "geometry": {
        "type": "Point",
        "coordinates": [
          73.77942959604748,
          15.539730623728296
        ]
      },
      "properties": {
        "layer": "interpolated_heatmap",
        "value": 0.4382,
        "label": "Interpolated anomaly intensity",
        "disclaimer": "Interpolated estimate \u2014 NOT a direct measurement",
        "data_provenance": "INFERRED"
      }
    },
    {
      "type": "Feature",
      "geometry": {
        "type": "Point",
        "coordinates": [
          73.77942959604748,
          15.666121409731458
        ]
      },
      "properties": {
        "layer": "interpolated_heatmap",
        "value": 0.4386,
        "label": "Interpolated anomaly intensity",
        "disclaimer": "Interpolated estimate \u2014 NOT a direct measurement",
        "data_provenance": "INFERRED"
      }
    },
    {
      "type": "Feature",
      "geometry": {
        "type": "Point",
        "coordinates": [
          73.77942959604748,
          15.792512195734622
        ]
      },
      "properties": {
        "layer": "interpolated_heatmap",
        "value": 0.4392,
        "label": "Interpolated anomaly intensity",
        "disclaimer": "Interpolated estimate \u2014 NOT a direct measurement",
        "data_provenance": "INFERRED"
      }
    },
    {
      "type": "Feature",
      "geometry": {
        "type": "Point",
        "coordinates": [
          73.77942959604748,
          15.918902981737785
        ]
      },
      "properties": {
        "layer": "interpolated_heatmap",
        "value": 0.4399,
        "label": "Interpolated anomaly intensity",
        "disclaimer": "Interpolated estimate \u2014 NOT a direct measurement",
        "data_provenance": "INFERRED"
      }
    },
    {
      "type": "Feature",
      "geometry": {
        "type": "Point",
        "coordinates": [
          73.77942959604748,
          16.045293767740947
        ]
      },
      "properties": {
        "layer": "interpolated_heatmap",
        "value": 0.4408,
        "label": "Interpolated anomaly intensity",
        "disclaimer": "Interpolated estimate \u2014 NOT a direct measurement",
        "data_provenance": "INFERRED"
      }
    },
    {
      "type": "Feature",
      "geometry": {
        "type": "Point",
        "coordinates": [
          73.77942959604748,
          16.17168455374411
        ]
      },
      "properties": {
        "layer": "interpolated_heatmap",
        "value": 0.442,
        "label": "Interpolated anomaly intensity",
        "disclaimer": "Interpolated estimate \u2014 NOT a direct measurement",
        "data_provenance": "INFERRED"
      }
    },
    {
      "type": "Feature",
      "geometry": {
        "type": "Point",
        "coordinates": [
          73.77942959604748,
          16.298075339747275
        ]
      },
      "properties": {
        "layer": "interpolated_heatmap",
        "value": 0.4434,
        "label": "Interpolated anomaly intensity",
        "disclaimer": "Interpolated estimate \u2014 NOT a direct measurement",
        "data_provenance": "INFERRED"
      }
    },
    {
      "type": "Feature",
      "geometry": {
        "type": "Point",
        "coordinates": [
          73.77942959604748,
          16.42446612575044
        ]
      },
      "properties": {
        "layer": "interpolated_heatmap",
        "value": 0.4453,
        "label": "Interpolated anomaly intensity",
        "disclaimer": "Interpolated estimate \u2014 NOT a direct measurement",
        "data_provenance": "INFERRED"
      }
    },
    {
      "type": "Feature",
      "geometry": {
        "type": "Point",
        "coordinates": [
          73.77942959604748,
          16.550856911753602
        ]
      },
      "properties": {
        "layer": "interpolated_heatmap",
        "value": 0.4476,
        "label": "Interpolated anomaly intensity",
        "disclaimer": "Interpolated estimate \u2014 NOT a direct measurement",
        "data_provenance": "INFERRED"
      }
    },
    {
      "type": "Feature",
      "geometry": {
        "type": "Point",
        "coordinates": [
          73.77942959604748,
          16.677247697756766
        ]
      },
      "properties": {
        "layer": "interpolated_heatmap",
        "value": 0.4504,
        "label": "Interpolated anomaly intensity",
        "disclaimer": "Interpolated estimate \u2014 NOT a direct measurement",
        "data_provenance": "INFERRED"
      }
    },
    {
      "type": "Feature",
      "geometry": {
        "type": "Point",
        "coordinates": [
          73.77942959604748,
          16.803638483759926
        ]
      },
      "properties": {
        "layer": "interpolated_heatmap",
        "value": 0.4539,
        "label": "Interpolated anomaly intensity",
        "disclaimer": "Interpolated estimate \u2014 NOT a direct measurement",
        "data_provenance": "INFERRED"
      }
    },
    {
      "type": "Feature",
      "geometry": {
        "type": "Point",
        "coordinates": [
          73.77942959604748,
          16.93002926976309
        ]
      },
      "properties": {
        "layer": "interpolated_heatmap",
        "value": 0.4582,
        "label": "Interpolated anomaly intensity",
        "disclaimer": "Interpolated estimate \u2014 NOT a direct measurement",
        "data_provenance": "INFERRED"
      }
    },
    {
      "type": "Feature",
      "geometry": {
        "type": "Point",
        "coordinates": [
          73.77942959604748,
          17.056420055766253
        ]
      },
      "properties": {
        "layer": "interpolated_heatmap",
        "value": 0.4634,
        "label": "Interpolated anomaly intensity",
        "disclaimer": "Interpolated estimate \u2014 NOT a direct measurement",
        "data_provenance": "INFERRED"
      }
    },
    {
      "type": "Feature",
      "geometry": {
        "type": "Point",
        "coordinates": [
          73.77942959604748,
          17.182810841769417
        ]
      },
      "properties": {
        "layer": "interpolated_heatmap",
        "value": 0.4697,
        "label": "Interpolated anomaly intensity",
        "disclaimer": "Interpolated estimate \u2014 NOT a direct measurement",
        "data_provenance": "INFERRED"
      }
    },
    {
      "type": "Feature",
      "geometry": {
        "type": "Point",
        "coordinates": [
          73.77942959604748,
          17.30920162777258
        ]
      },
      "properties": {
        "layer": "interpolated_heatmap",
        "value": 0.4772,
        "label": "Interpolated anomaly intensity",
        "disclaimer": "Interpolated estimate \u2014 NOT a direct measurement",
        "data_provenance": "INFERRED"
      }
    },
    {
      "type": "Feature",
      "geometry": {
        "type": "Point",
        "coordinates": [
          73.77942959604748,
          17.435592413775744
        ]
      },
      "properties": {
        "layer": "interpolated_heatmap",
        "value": 0.486,
        "label": "Interpolated anomaly intensity",
        "disclaimer": "Interpolated estimate \u2014 NOT a direct measurement",
        "data_provenance": "INFERRED"
      }
    },
    {
      "type": "Feature",
      "geometry": {
        "type": "Point",
        "coordinates": [
          73.77942959604748,
          17.561983199778908
        ]
      },
      "properties": {
        "layer": "interpolated_heatmap",
        "value": 0.4962,
        "label": "Interpolated anomaly intensity",
        "disclaimer": "Interpolated estimate \u2014 NOT a direct measurement",
        "data_provenance": "INFERRED"
      }
    },
    {
      "type": "Feature",
      "geometry": {
        "type": "Point",
        "coordinates": [
          73.77942959604748,
          17.68837398578207
        ]
      },
      "properties": {
        "layer": "interpolated_heatmap",
        "value": 0.5076,
        "label": "Interpolated anomaly intensity",
        "disclaimer": "Interpolated estimate \u2014 NOT a direct measurement",
        "data_provenance": "INFERRED"
      }
    },
    {
      "type": "Feature",
      "geometry": {
        "type": "Point",
        "coordinates": [
          73.77942959604748,
          17.814764771785235
        ]
      },
      "properties": {
        "layer": "interpolated_heatmap",
        "value": 0.5202,
        "label": "Interpolated anomaly intensity",
        "disclaimer": "Interpolated estimate \u2014 NOT a direct measurement",
        "data_provenance": "INFERRED"
      }
    },
    {
      "type": "Feature",
      "geometry": {
        "type": "Point",
        "coordinates": [
          73.77942959604748,
          17.941155557788395
        ]
      },
      "properties": {
        "layer": "interpolated_heatmap",
        "value": 0.5332,
        "label": "Interpolated anomaly intensity",
        "disclaimer": "Interpolated estimate \u2014 NOT a direct measurement",
        "data_provenance": "INFERRED"
      }
    },
    {
      "type": "Feature",
      "geometry": {
        "type": "Point",
        "coordinates": [
          73.77942959604748,
          18.06754634379156
        ]
      },
      "properties": {
        "layer": "interpolated_heatmap",
        "value": 0.5462,
        "label": "Interpolated anomaly intensity",
        "disclaimer": "Interpolated estimate \u2014 NOT a direct measurement",
        "data_provenance": "INFERRED"
      }
    },
    {
      "type": "Feature",
      "geometry": {
        "type": "Point",
        "coordinates": [
          73.77942959604748,
          18.193937129794723
        ]
      },
      "properties": {
        "layer": "interpolated_heatmap",
        "value": 0.5583,
        "label": "Interpolated anomaly intensity",
        "disclaimer": "Interpolated estimate \u2014 NOT a direct measurement",
        "data_provenance": "INFERRED"
      }
    },
    {
      "type": "Feature",
      "geometry": {
        "type": "Point",
        "coordinates": [
          73.77942959604748,
          18.320327915797886
        ]
      },
      "properties": {
        "layer": "interpolated_heatmap",
        "value": 0.5687,
        "label": "Interpolated anomaly intensity",
        "disclaimer": "Interpolated estimate \u2014 NOT a direct measurement",
        "data_provenance": "INFERRED"
      }
    },
    {
      "type": "Feature",
      "geometry": {
        "type": "Point",
        "coordinates": [
          73.77942959604748,
          18.44671870180105
        ]
      },
      "properties": {
        "layer": "interpolated_heatmap",
        "value": 0.5767,
        "label": "Interpolated anomaly intensity",
        "disclaimer": "Interpolated estimate \u2014 NOT a direct measurement",
        "data_provenance": "INFERRED"
      }
    },
    {
      "type": "Feature",
      "geometry": {
        "type": "Point",
        "coordinates": [
          73.77942959604748,
          18.573109487804214
        ]
      },
      "properties": {
        "layer": "interpolated_heatmap",
        "value": 0.5821,
        "label": "Interpolated anomaly intensity",
        "disclaimer": "Interpolated estimate \u2014 NOT a direct measurement",
        "data_provenance": "INFERRED"
      }
    },
    {
      "type": "Feature",
      "geometry": {
        "type": "Point",
        "coordinates": [
          73.77942959604748,
          18.699500273807374
        ]
      },
      "properties": {
        "layer": "interpolated_heatmap",
        "value": 0.5846,
        "label": "Interpolated anomaly intensity",
        "disclaimer": "Interpolated estimate \u2014 NOT a direct measurement",
        "data_provenance": "INFERRED"
      }
    },
    {
      "type": "Feature",
      "geometry": {
        "type": "Point",
        "coordinates": [
          73.77942959604748,
          18.825891059810537
        ]
      },
      "properties": {
        "layer": "interpolated_heatmap",
        "value": 0.5847,
        "label": "Interpolated anomaly intensity",
        "disclaimer": "Interpolated estimate \u2014 NOT a direct measurement",
        "data_provenance": "INFERRED"
      }
    },
    {
      "type": "Feature",
      "geometry": {
        "type": "Point",
        "coordinates": [
          73.77942959604748,
          18.9522818458137
        ]
      },
      "properties": {
        "layer": "interpolated_heatmap",
        "value": 0.5827,
        "label": "Interpolated anomaly intensity",
        "disclaimer": "Interpolated estimate \u2014 NOT a direct measurement",
        "data_provenance": "INFERRED"
      }
    },
    {
      "type": "Feature",
      "geometry": {
        "type": "Point",
        "coordinates": [
          73.77942959604748,
          19.078672631816865
        ]
      },
      "properties": {
        "layer": "interpolated_heatmap",
        "value": 0.5791,
        "label": "Interpolated anomaly intensity",
        "disclaimer": "Interpolated estimate \u2014 NOT a direct measurement",
        "data_provenance": "INFERRED"
      }
    },
    {
      "type": "Feature",
      "geometry": {
        "type": "Point",
        "coordinates": [
          73.77942959604748,
          19.20506341782003
        ]
      },
      "properties": {
        "layer": "interpolated_heatmap",
        "value": 0.5745,
        "label": "Interpolated anomaly intensity",
        "disclaimer": "Interpolated estimate \u2014 NOT a direct measurement",
        "data_provenance": "INFERRED"
      }
    },
    {
      "type": "Feature",
      "geometry": {
        "type": "Point",
        "coordinates": [
          73.82300835467032,
          14.275822763696663
        ]
      },
      "properties": {
        "layer": "interpolated_heatmap",
        "value": 0.4381,
        "label": "Interpolated anomaly intensity",
        "disclaimer": "Interpolated estimate \u2014 NOT a direct measurement",
        "data_provenance": "INFERRED"
      }
    },
    {
      "type": "Feature",
      "geometry": {
        "type": "Point",
        "coordinates": [
          73.82300835467032,
          14.402213549699827
        ]
      },
      "properties": {
        "layer": "interpolated_heatmap",
        "value": 0.4379,
        "label": "Interpolated anomaly intensity",
        "disclaimer": "Interpolated estimate \u2014 NOT a direct measurement",
        "data_provenance": "INFERRED"
      }
    },
    {
      "type": "Feature",
      "geometry": {
        "type": "Point",
        "coordinates": [
          73.82300835467032,
          14.52860433570299
        ]
      },
      "properties": {
        "layer": "interpolated_heatmap",
        "value": 0.4378,
        "label": "Interpolated anomaly intensity",
        "disclaimer": "Interpolated estimate \u2014 NOT a direct measurement",
        "data_provenance": "INFERRED"
      }
    },
    {
      "type": "Feature",
      "geometry": {
        "type": "Point",
        "coordinates": [
          73.82300835467032,
          14.654995121706152
        ]
      },
      "properties": {
        "layer": "interpolated_heatmap",
        "value": 0.4377,
        "label": "Interpolated anomaly intensity",
        "disclaimer": "Interpolated estimate \u2014 NOT a direct measurement",
        "data_provenance": "INFERRED"
      }
    },
    {
      "type": "Feature",
      "geometry": {
        "type": "Point",
        "coordinates": [
          73.82300835467032,
          14.781385907709316
        ]
      },
      "properties": {
        "layer": "interpolated_heatmap",
        "value": 0.4377,
        "label": "Interpolated anomaly intensity",
        "disclaimer": "Interpolated estimate \u2014 NOT a direct measurement",
        "data_provenance": "INFERRED"
      }
    },
    {
      "type": "Feature",
      "geometry": {
        "type": "Point",
        "coordinates": [
          73.82300835467032,
          14.90777669371248
        ]
      },
      "properties": {
        "layer": "interpolated_heatmap",
        "value": 0.4377,
        "label": "Interpolated anomaly intensity",
        "disclaimer": "Interpolated estimate \u2014 NOT a direct measurement",
        "data_provenance": "INFERRED"
      }
    },
    {
      "type": "Feature",
      "geometry": {
        "type": "Point",
        "coordinates": [
          73.82300835467032,
          15.034167479715641
        ]
      },
      "properties": {
        "layer": "interpolated_heatmap",
        "value": 0.4377,
        "label": "Interpolated anomaly intensity",
        "disclaimer": "Interpolated estimate \u2014 NOT a direct measurement",
        "data_provenance": "INFERRED"
      }
    },
    {
      "type": "Feature",
      "geometry": {
        "type": "Point",
        "coordinates": [
          73.82300835467032,
          15.160558265718805
        ]
      },
      "properties": {
        "layer": "interpolated_heatmap",
        "value": 0.4377,
        "label": "Interpolated anomaly intensity",
        "disclaimer": "Interpolated estimate \u2014 NOT a direct measurement",
        "data_provenance": "INFERRED"
      }
    },
    {
      "type": "Feature",
      "geometry": {
        "type": "Point",
        "coordinates": [
          73.82300835467032,
          15.286949051721969
        ]
      },
      "properties": {
        "layer": "interpolated_heatmap",
        "value": 0.4377,
        "label": "Interpolated anomaly intensity",
        "disclaimer": "Interpolated estimate \u2014 NOT a direct measurement",
        "data_provenance": "INFERRED"
      }
    },
    {
      "type": "Feature",
      "geometry": {
        "type": "Point",
        "coordinates": [
          73.82300835467032,
          15.413339837725132
        ]
      },
      "properties": {
        "layer": "interpolated_heatmap",
        "value": 0.4379,
        "label": "Interpolated anomaly intensity",
        "disclaimer": "Interpolated estimate \u2014 NOT a direct measurement",
        "data_provenance": "INFERRED"
      }
    },
    {
      "type": "Feature",
      "geometry": {
        "type": "Point",
        "coordinates": [
          73.82300835467032,
          15.539730623728296
        ]
      },
      "properties": {
        "layer": "interpolated_heatmap",
        "value": 0.4382,
        "label": "Interpolated anomaly intensity",
        "disclaimer": "Interpolated estimate \u2014 NOT a direct measurement",
        "data_provenance": "INFERRED"
      }
    },
    {
      "type": "Feature",
      "geometry": {
        "type": "Point",
        "coordinates": [
          73.82300835467032,
          15.666121409731458
        ]
      },
      "properties": {
        "layer": "interpolated_heatmap",
        "value": 0.4386,
        "label": "Interpolated anomaly intensity",
        "disclaimer": "Interpolated estimate \u2014 NOT a direct measurement",
        "data_provenance": "INFERRED"
      }
    },
    {
      "type": "Feature",
      "geometry": {
        "type": "Point",
        "coordinates": [
          73.82300835467032,
          15.792512195734622
        ]
      },
      "properties": {
        "layer": "interpolated_heatmap",
        "value": 0.4391,
        "label": "Interpolated anomaly intensity",
        "disclaimer": "Interpolated estimate \u2014 NOT a direct measurement",
        "data_provenance": "INFERRED"
      }
    },
    {
      "type": "Feature",
      "geometry": {
        "type": "Point",
        "coordinates": [
          73.82300835467032,
          15.918902981737785
        ]
      },
      "properties": {
        "layer": "interpolated_heatmap",
        "value": 0.4398,
        "label": "Interpolated anomaly intensity",
        "disclaimer": "Interpolated estimate \u2014 NOT a direct measurement",
        "data_provenance": "INFERRED"
      }
    },
    {
      "type": "Feature",
      "geometry": {
        "type": "Point",
        "coordinates": [
          73.82300835467032,
          16.045293767740947
        ]
      },
      "properties": {
        "layer": "interpolated_heatmap",
        "value": 0.4407,
        "label": "Interpolated anomaly intensity",
        "disclaimer": "Interpolated estimate \u2014 NOT a direct measurement",
        "data_provenance": "INFERRED"
      }
    },
    {
      "type": "Feature",
      "geometry": {
        "type": "Point",
        "coordinates": [
          73.82300835467032,
          16.17168455374411
        ]
      },
      "properties": {
        "layer": "interpolated_heatmap",
        "value": 0.4418,
        "label": "Interpolated anomaly intensity",
        "disclaimer": "Interpolated estimate \u2014 NOT a direct measurement",
        "data_provenance": "INFERRED"
      }
    },
    {
      "type": "Feature",
      "geometry": {
        "type": "Point",
        "coordinates": [
          73.82300835467032,
          16.298075339747275
        ]
      },
      "properties": {
        "layer": "interpolated_heatmap",
        "value": 0.4433,
        "label": "Interpolated anomaly intensity",
        "disclaimer": "Interpolated estimate \u2014 NOT a direct measurement",
        "data_provenance": "INFERRED"
      }
    },
    {
      "type": "Feature",
      "geometry": {
        "type": "Point",
        "coordinates": [
          73.82300835467032,
          16.42446612575044
        ]
      },
      "properties": {
        "layer": "interpolated_heatmap",
        "value": 0.4451,
        "label": "Interpolated anomaly intensity",
        "disclaimer": "Interpolated estimate \u2014 NOT a direct measurement",
        "data_provenance": "INFERRED"
      }
    },
    {
      "type": "Feature",
      "geometry": {
        "type": "Point",
        "coordinates": [
          73.82300835467032,
          16.550856911753602
        ]
      },
      "properties": {
        "layer": "interpolated_heatmap",
        "value": 0.4473,
        "label": "Interpolated anomaly intensity",
        "disclaimer": "Interpolated estimate \u2014 NOT a direct measurement",
        "data_provenance": "INFERRED"
      }
    },
    {
      "type": "Feature",
      "geometry": {
        "type": "Point",
        "coordinates": [
          73.82300835467032,
          16.677247697756766
        ]
      },
      "properties": {
        "layer": "interpolated_heatmap",
        "value": 0.4501,
        "label": "Interpolated anomaly intensity",
        "disclaimer": "Interpolated estimate \u2014 NOT a direct measurement",
        "data_provenance": "INFERRED"
      }
    },
    {
      "type": "Feature",
      "geometry": {
        "type": "Point",
        "coordinates": [
          73.82300835467032,
          16.803638483759926
        ]
      },
      "properties": {
        "layer": "interpolated_heatmap",
        "value": 0.4535,
        "label": "Interpolated anomaly intensity",
        "disclaimer": "Interpolated estimate \u2014 NOT a direct measurement",
        "data_provenance": "INFERRED"
      }
    },
    {
      "type": "Feature",
      "geometry": {
        "type": "Point",
        "coordinates": [
          73.82300835467032,
          16.93002926976309
        ]
      },
      "properties": {
        "layer": "interpolated_heatmap",
        "value": 0.4576,
        "label": "Interpolated anomaly intensity",
        "disclaimer": "Interpolated estimate \u2014 NOT a direct measurement",
        "data_provenance": "INFERRED"
      }
    },
    {
      "type": "Feature",
      "geometry": {
        "type": "Point",
        "coordinates": [
          73.82300835467032,
          17.056420055766253
        ]
      },
      "properties": {
        "layer": "interpolated_heatmap",
        "value": 0.4626,
        "label": "Interpolated anomaly intensity",
        "disclaimer": "Interpolated estimate \u2014 NOT a direct measurement",
        "data_provenance": "INFERRED"
      }
    },
    {
      "type": "Feature",
      "geometry": {
        "type": "Point",
        "coordinates": [
          73.82300835467032,
          17.182810841769417
        ]
      },
      "properties": {
        "layer": "interpolated_heatmap",
        "value": 0.4686,
        "label": "Interpolated anomaly intensity",
        "disclaimer": "Interpolated estimate \u2014 NOT a direct measurement",
        "data_provenance": "INFERRED"
      }
    },
    {
      "type": "Feature",
      "geometry": {
        "type": "Point",
        "coordinates": [
          73.82300835467032,
          17.30920162777258
        ]
      },
      "properties": {
        "layer": "interpolated_heatmap",
        "value": 0.4758,
        "label": "Interpolated anomaly intensity",
        "disclaimer": "Interpolated estimate \u2014 NOT a direct measurement",
        "data_provenance": "INFERRED"
      }
    },
    {
      "type": "Feature",
      "geometry": {
        "type": "Point",
        "coordinates": [
          73.82300835467032,
          17.435592413775744
        ]
      },
      "properties": {
        "layer": "interpolated_heatmap",
        "value": 0.4842,
        "label": "Interpolated anomaly intensity",
        "disclaimer": "Interpolated estimate \u2014 NOT a direct measurement",
        "data_provenance": "INFERRED"
      }
    },
    {
      "type": "Feature",
      "geometry": {
        "type": "Point",
        "coordinates": [
          73.82300835467032,
          17.561983199778908
        ]
      },
      "properties": {
        "layer": "interpolated_heatmap",
        "value": 0.4939,
        "label": "Interpolated anomaly intensity",
        "disclaimer": "Interpolated estimate \u2014 NOT a direct measurement",
        "data_provenance": "INFERRED"
      }
    },
    {
      "type": "Feature",
      "geometry": {
        "type": "Point",
        "coordinates": [
          73.82300835467032,
          17.68837398578207
        ]
      },
      "properties": {
        "layer": "interpolated_heatmap",
        "value": 0.5047,
        "label": "Interpolated anomaly intensity",
        "disclaimer": "Interpolated estimate \u2014 NOT a direct measurement",
        "data_provenance": "INFERRED"
      }
    },
    {
      "type": "Feature",
      "geometry": {
        "type": "Point",
        "coordinates": [
          73.82300835467032,
          17.814764771785235
        ]
      },
      "properties": {
        "layer": "interpolated_heatmap",
        "value": 0.5164,
        "label": "Interpolated anomaly intensity",
        "disclaimer": "Interpolated estimate \u2014 NOT a direct measurement",
        "data_provenance": "INFERRED"
      }
    },
    {
      "type": "Feature",
      "geometry": {
        "type": "Point",
        "coordinates": [
          73.82300835467032,
          17.941155557788395
        ]
      },
      "properties": {
        "layer": "interpolated_heatmap",
        "value": 0.5287,
        "label": "Interpolated anomaly intensity",
        "disclaimer": "Interpolated estimate \u2014 NOT a direct measurement",
        "data_provenance": "INFERRED"
      }
    },
    {
      "type": "Feature",
      "geometry": {
        "type": "Point",
        "coordinates": [
          73.82300835467032,
          18.06754634379156
        ]
      },
      "properties": {
        "layer": "interpolated_heatmap",
        "value": 0.5409,
        "label": "Interpolated anomaly intensity",
        "disclaimer": "Interpolated estimate \u2014 NOT a direct measurement",
        "data_provenance": "INFERRED"
      }
    },
    {
      "type": "Feature",
      "geometry": {
        "type": "Point",
        "coordinates": [
          73.82300835467032,
          18.193937129794723
        ]
      },
      "properties": {
        "layer": "interpolated_heatmap",
        "value": 0.5523,
        "label": "Interpolated anomaly intensity",
        "disclaimer": "Interpolated estimate \u2014 NOT a direct measurement",
        "data_provenance": "INFERRED"
      }
    },
    {
      "type": "Feature",
      "geometry": {
        "type": "Point",
        "coordinates": [
          73.82300835467032,
          18.320327915797886
        ]
      },
      "properties": {
        "layer": "interpolated_heatmap",
        "value": 0.5621,
        "label": "Interpolated anomaly intensity",
        "disclaimer": "Interpolated estimate \u2014 NOT a direct measurement",
        "data_provenance": "INFERRED"
      }
    },
    {
      "type": "Feature",
      "geometry": {
        "type": "Point",
        "coordinates": [
          73.82300835467032,
          18.44671870180105
        ]
      },
      "properties": {
        "layer": "interpolated_heatmap",
        "value": 0.5699,
        "label": "Interpolated anomaly intensity",
        "disclaimer": "Interpolated estimate \u2014 NOT a direct measurement",
        "data_provenance": "INFERRED"
      }
    },
    {
      "type": "Feature",
      "geometry": {
        "type": "Point",
        "coordinates": [
          73.82300835467032,
          18.573109487804214
        ]
      },
      "properties": {
        "layer": "interpolated_heatmap",
        "value": 0.5752,
        "label": "Interpolated anomaly intensity",
        "disclaimer": "Interpolated estimate \u2014 NOT a direct measurement",
        "data_provenance": "INFERRED"
      }
    },
    {
      "type": "Feature",
      "geometry": {
        "type": "Point",
        "coordinates": [
          73.82300835467032,
          18.699500273807374
        ]
      },
      "properties": {
        "layer": "interpolated_heatmap",
        "value": 0.5779,
        "label": "Interpolated anomaly intensity",
        "disclaimer": "Interpolated estimate \u2014 NOT a direct measurement",
        "data_provenance": "INFERRED"
      }
    },
    {
      "type": "Feature",
      "geometry": {
        "type": "Point",
        "coordinates": [
          73.82300835467032,
          18.825891059810537
        ]
      },
      "properties": {
        "layer": "interpolated_heatmap",
        "value": 0.5784,
        "label": "Interpolated anomaly intensity",
        "disclaimer": "Interpolated estimate \u2014 NOT a direct measurement",
        "data_provenance": "INFERRED"
      }
    },
    {
      "type": "Feature",
      "geometry": {
        "type": "Point",
        "coordinates": [
          73.82300835467032,
          18.9522818458137
        ]
      },
      "properties": {
        "layer": "interpolated_heatmap",
        "value": 0.5769,
        "label": "Interpolated anomaly intensity",
        "disclaimer": "Interpolated estimate \u2014 NOT a direct measurement",
        "data_provenance": "INFERRED"
      }
    },
    {
      "type": "Feature",
      "geometry": {
        "type": "Point",
        "coordinates": [
          73.82300835467032,
          19.078672631816865
        ]
      },
      "properties": {
        "layer": "interpolated_heatmap",
        "value": 0.574,
        "label": "Interpolated anomaly intensity",
        "disclaimer": "Interpolated estimate \u2014 NOT a direct measurement",
        "data_provenance": "INFERRED"
      }
    },
    {
      "type": "Feature",
      "geometry": {
        "type": "Point",
        "coordinates": [
          73.82300835467032,
          19.20506341782003
        ]
      },
      "properties": {
        "layer": "interpolated_heatmap",
        "value": 0.57,
        "label": "Interpolated anomaly intensity",
        "disclaimer": "Interpolated estimate \u2014 NOT a direct measurement",
        "data_provenance": "INFERRED"
      }
    },
    {
      "type": "Feature",
      "geometry": {
        "type": "Point",
        "coordinates": [
          73.86658711329315,
          14.275822763696663
        ]
      },
      "properties": {
        "layer": "interpolated_heatmap",
        "value": 0.438,
        "label": "Interpolated anomaly intensity",
        "disclaimer": "Interpolated estimate \u2014 NOT a direct measurement",
        "data_provenance": "INFERRED"
      }
    },
    {
      "type": "Feature",
      "geometry": {
        "type": "Point",
        "coordinates": [
          73.86658711329315,
          14.402213549699827
        ]
      },
      "properties": {
        "layer": "interpolated_heatmap",
        "value": 0.4379,
        "label": "Interpolated anomaly intensity",
        "disclaimer": "Interpolated estimate \u2014 NOT a direct measurement",
        "data_provenance": "INFERRED"
      }
    },
    {
      "type": "Feature",
      "geometry": {
        "type": "Point",
        "coordinates": [
          73.86658711329315,
          14.52860433570299
        ]
      },
      "properties": {
        "layer": "interpolated_heatmap",
        "value": 0.4378,
        "label": "Interpolated anomaly intensity",
        "disclaimer": "Interpolated estimate \u2014 NOT a direct measurement",
        "data_provenance": "INFERRED"
      }
    },
    {
      "type": "Feature",
      "geometry": {
        "type": "Point",
        "coordinates": [
          73.86658711329315,
          14.654995121706152
        ]
      },
      "properties": {
        "layer": "interpolated_heatmap",
        "value": 0.4377,
        "label": "Interpolated anomaly intensity",
        "disclaimer": "Interpolated estimate \u2014 NOT a direct measurement",
        "data_provenance": "INFERRED"
      }
    },
    {
      "type": "Feature",
      "geometry": {
        "type": "Point",
        "coordinates": [
          73.86658711329315,
          14.781385907709316
        ]
      },
      "properties": {
        "layer": "interpolated_heatmap",
        "value": 0.4377,
        "label": "Interpolated anomaly intensity",
        "disclaimer": "Interpolated estimate \u2014 NOT a direct measurement",
        "data_provenance": "INFERRED"
      }
    },
    {
      "type": "Feature",
      "geometry": {
        "type": "Point",
        "coordinates": [
          73.86658711329315,
          14.90777669371248
        ]
      },
      "properties": {
        "layer": "interpolated_heatmap",
        "value": 0.4377,
        "label": "Interpolated anomaly intensity",
        "disclaimer": "Interpolated estimate \u2014 NOT a direct measurement",
        "data_provenance": "INFERRED"
      }
    },
    {
      "type": "Feature",
      "geometry": {
        "type": "Point",
        "coordinates": [
          73.86658711329315,
          15.034167479715641
        ]
      },
      "properties": {
        "layer": "interpolated_heatmap",
        "value": 0.4377,
        "label": "Interpolated anomaly intensity",
        "disclaimer": "Interpolated estimate \u2014 NOT a direct measurement",
        "data_provenance": "INFERRED"
      }
    },
    {
      "type": "Feature",
      "geometry": {
        "type": "Point",
        "coordinates": [
          73.86658711329315,
          15.160558265718805
        ]
      },
      "properties": {
        "layer": "interpolated_heatmap",
        "value": 0.4376,
        "label": "Interpolated anomaly intensity",
        "disclaimer": "Interpolated estimate \u2014 NOT a direct measurement",
        "data_provenance": "INFERRED"
      }
    },
    {
      "type": "Feature",
      "geometry": {
        "type": "Point",
        "coordinates": [
          73.86658711329315,
          15.286949051721969
        ]
      },
      "properties": {
        "layer": "interpolated_heatmap",
        "value": 0.4377,
        "label": "Interpolated anomaly intensity",
        "disclaimer": "Interpolated estimate \u2014 NOT a direct measurement",
        "data_provenance": "INFERRED"
      }
    },
    {
      "type": "Feature",
      "geometry": {
        "type": "Point",
        "coordinates": [
          73.86658711329315,
          15.413339837725132
        ]
      },
      "properties": {
        "layer": "interpolated_heatmap",
        "value": 0.4379,
        "label": "Interpolated anomaly intensity",
        "disclaimer": "Interpolated estimate \u2014 NOT a direct measurement",
        "data_provenance": "INFERRED"
      }
    },
    {
      "type": "Feature",
      "geometry": {
        "type": "Point",
        "coordinates": [
          73.86658711329315,
          15.539730623728296
        ]
      },
      "properties": {
        "layer": "interpolated_heatmap",
        "value": 0.4382,
        "label": "Interpolated anomaly intensity",
        "disclaimer": "Interpolated estimate \u2014 NOT a direct measurement",
        "data_provenance": "INFERRED"
      }
    },
    {
      "type": "Feature",
      "geometry": {
        "type": "Point",
        "coordinates": [
          73.86658711329315,
          15.666121409731458
        ]
      },
      "properties": {
        "layer": "interpolated_heatmap",
        "value": 0.4385,
        "label": "Interpolated anomaly intensity",
        "disclaimer": "Interpolated estimate \u2014 NOT a direct measurement",
        "data_provenance": "INFERRED"
      }
    },
    {
      "type": "Feature",
      "geometry": {
        "type": "Point",
        "coordinates": [
          73.86658711329315,
          15.792512195734622
        ]
      },
      "properties": {
        "layer": "interpolated_heatmap",
        "value": 0.4391,
        "label": "Interpolated anomaly intensity",
        "disclaimer": "Interpolated estimate \u2014 NOT a direct measurement",
        "data_provenance": "INFERRED"
      }
    },
    {
      "type": "Feature",
      "geometry": {
        "type": "Point",
        "coordinates": [
          73.86658711329315,
          15.918902981737785
        ]
      },
      "properties": {
        "layer": "interpolated_heatmap",
        "value": 0.4397,
        "label": "Interpolated anomaly intensity",
        "disclaimer": "Interpolated estimate \u2014 NOT a direct measurement",
        "data_provenance": "INFERRED"
      }
    },
    {
      "type": "Feature",
      "geometry": {
        "type": "Point",
        "coordinates": [
          73.86658711329315,
          16.045293767740947
        ]
      },
      "properties": {
        "layer": "interpolated_heatmap",
        "value": 0.4406,
        "label": "Interpolated anomaly intensity",
        "disclaimer": "Interpolated estimate \u2014 NOT a direct measurement",
        "data_provenance": "INFERRED"
      }
    },
    {
      "type": "Feature",
      "geometry": {
        "type": "Point",
        "coordinates": [
          73.86658711329315,
          16.17168455374411
        ]
      },
      "properties": {
        "layer": "interpolated_heatmap",
        "value": 0.4417,
        "label": "Interpolated anomaly intensity",
        "disclaimer": "Interpolated estimate \u2014 NOT a direct measurement",
        "data_provenance": "INFERRED"
      }
    },
    {
      "type": "Feature",
      "geometry": {
        "type": "Point",
        "coordinates": [
          73.86658711329315,
          16.298075339747275
        ]
      },
      "properties": {
        "layer": "interpolated_heatmap",
        "value": 0.4431,
        "label": "Interpolated anomaly intensity",
        "disclaimer": "Interpolated estimate \u2014 NOT a direct measurement",
        "data_provenance": "INFERRED"
      }
    },
    {
      "type": "Feature",
      "geometry": {
        "type": "Point",
        "coordinates": [
          73.86658711329315,
          16.42446612575044
        ]
      },
      "properties": {
        "layer": "interpolated_heatmap",
        "value": 0.4449,
        "label": "Interpolated anomaly intensity",
        "disclaimer": "Interpolated estimate \u2014 NOT a direct measurement",
        "data_provenance": "INFERRED"
      }
    },
    {
      "type": "Feature",
      "geometry": {
        "type": "Point",
        "coordinates": [
          73.86658711329315,
          16.550856911753602
        ]
      },
      "properties": {
        "layer": "interpolated_heatmap",
        "value": 0.4471,
        "label": "Interpolated anomaly intensity",
        "disclaimer": "Interpolated estimate \u2014 NOT a direct measurement",
        "data_provenance": "INFERRED"
      }
    },
    {
      "type": "Feature",
      "geometry": {
        "type": "Point",
        "coordinates": [
          73.86658711329315,
          16.677247697756766
        ]
      },
      "properties": {
        "layer": "interpolated_heatmap",
        "value": 0.4498,
        "label": "Interpolated anomaly intensity",
        "disclaimer": "Interpolated estimate \u2014 NOT a direct measurement",
        "data_provenance": "INFERRED"
      }
    },
    {
      "type": "Feature",
      "geometry": {
        "type": "Point",
        "coordinates": [
          73.86658711329315,
          16.803638483759926
        ]
      },
      "properties": {
        "layer": "interpolated_heatmap",
        "value": 0.453,
        "label": "Interpolated anomaly intensity",
        "disclaimer": "Interpolated estimate \u2014 NOT a direct measurement",
        "data_provenance": "INFERRED"
      }
    },
    {
      "type": "Feature",
      "geometry": {
        "type": "Point",
        "coordinates": [
          73.86658711329315,
          16.93002926976309
        ]
      },
      "properties": {
        "layer": "interpolated_heatmap",
        "value": 0.4571,
        "label": "Interpolated anomaly intensity",
        "disclaimer": "Interpolated estimate \u2014 NOT a direct measurement",
        "data_provenance": "INFERRED"
      }
    },
    {
      "type": "Feature",
      "geometry": {
        "type": "Point",
        "coordinates": [
          73.86658711329315,
          17.056420055766253
        ]
      },
      "properties": {
        "layer": "interpolated_heatmap",
        "value": 0.4619,
        "label": "Interpolated anomaly intensity",
        "disclaimer": "Interpolated estimate \u2014 NOT a direct measurement",
        "data_provenance": "INFERRED"
      }
    },
    {
      "type": "Feature",
      "geometry": {
        "type": "Point",
        "coordinates": [
          73.86658711329315,
          17.182810841769417
        ]
      },
      "properties": {
        "layer": "interpolated_heatmap",
        "value": 0.4677,
        "label": "Interpolated anomaly intensity",
        "disclaimer": "Interpolated estimate \u2014 NOT a direct measurement",
        "data_provenance": "INFERRED"
      }
    },
    {
      "type": "Feature",
      "geometry": {
        "type": "Point",
        "coordinates": [
          73.86658711329315,
          17.30920162777258
        ]
      },
      "properties": {
        "layer": "interpolated_heatmap",
        "value": 0.4745,
        "label": "Interpolated anomaly intensity",
        "disclaimer": "Interpolated estimate \u2014 NOT a direct measurement",
        "data_provenance": "INFERRED"
      }
    },
    {
      "type": "Feature",
      "geometry": {
        "type": "Point",
        "coordinates": [
          73.86658711329315,
          17.435592413775744
        ]
      },
      "properties": {
        "layer": "interpolated_heatmap",
        "value": 0.4825,
        "label": "Interpolated anomaly intensity",
        "disclaimer": "Interpolated estimate \u2014 NOT a direct measurement",
        "data_provenance": "INFERRED"
      }
    },
    {
      "type": "Feature",
      "geometry": {
        "type": "Point",
        "coordinates": [
          73.86658711329315,
          17.561983199778908
        ]
      },
      "properties": {
        "layer": "interpolated_heatmap",
        "value": 0.4917,
        "label": "Interpolated anomaly intensity",
        "disclaimer": "Interpolated estimate \u2014 NOT a direct measurement",
        "data_provenance": "INFERRED"
      }
    },
    {
      "type": "Feature",
      "geometry": {
        "type": "Point",
        "coordinates": [
          73.86658711329315,
          17.68837398578207
        ]
      },
      "properties": {
        "layer": "interpolated_heatmap",
        "value": 0.5019,
        "label": "Interpolated anomaly intensity",
        "disclaimer": "Interpolated estimate \u2014 NOT a direct measurement",
        "data_provenance": "INFERRED"
      }
    },
    {
      "type": "Feature",
      "geometry": {
        "type": "Point",
        "coordinates": [
          73.86658711329315,
          17.814764771785235
        ]
      },
      "properties": {
        "layer": "interpolated_heatmap",
        "value": 0.5129,
        "label": "Interpolated anomaly intensity",
        "disclaimer": "Interpolated estimate \u2014 NOT a direct measurement",
        "data_provenance": "INFERRED"
      }
    },
    {
      "type": "Feature",
      "geometry": {
        "type": "Point",
        "coordinates": [
          73.86658711329315,
          17.941155557788395
        ]
      },
      "properties": {
        "layer": "interpolated_heatmap",
        "value": 0.5244,
        "label": "Interpolated anomaly intensity",
        "disclaimer": "Interpolated estimate \u2014 NOT a direct measurement",
        "data_provenance": "INFERRED"
      }
    },
    {
      "type": "Feature",
      "geometry": {
        "type": "Point",
        "coordinates": [
          73.86658711329315,
          18.06754634379156
        ]
      },
      "properties": {
        "layer": "interpolated_heatmap",
        "value": 0.5359,
        "label": "Interpolated anomaly intensity",
        "disclaimer": "Interpolated estimate \u2014 NOT a direct measurement",
        "data_provenance": "INFERRED"
      }
    },
    {
      "type": "Feature",
      "geometry": {
        "type": "Point",
        "coordinates": [
          73.86658711329315,
          18.193937129794723
        ]
      },
      "properties": {
        "layer": "interpolated_heatmap",
        "value": 0.5466,
        "label": "Interpolated anomaly intensity",
        "disclaimer": "Interpolated estimate \u2014 NOT a direct measurement",
        "data_provenance": "INFERRED"
      }
    },
    {
      "type": "Feature",
      "geometry": {
        "type": "Point",
        "coordinates": [
          73.86658711329315,
          18.320327915797886
        ]
      },
      "properties": {
        "layer": "interpolated_heatmap",
        "value": 0.5559,
        "label": "Interpolated anomaly intensity",
        "disclaimer": "Interpolated estimate \u2014 NOT a direct measurement",
        "data_provenance": "INFERRED"
      }
    },
    {
      "type": "Feature",
      "geometry": {
        "type": "Point",
        "coordinates": [
          73.86658711329315,
          18.44671870180105
        ]
      },
      "properties": {
        "layer": "interpolated_heatmap",
        "value": 0.5634,
        "label": "Interpolated anomaly intensity",
        "disclaimer": "Interpolated estimate \u2014 NOT a direct measurement",
        "data_provenance": "INFERRED"
      }
    },
    {
      "type": "Feature",
      "geometry": {
        "type": "Point",
        "coordinates": [
          73.86658711329315,
          18.573109487804214
        ]
      },
      "properties": {
        "layer": "interpolated_heatmap",
        "value": 0.5686,
        "label": "Interpolated anomaly intensity",
        "disclaimer": "Interpolated estimate \u2014 NOT a direct measurement",
        "data_provenance": "INFERRED"
      }
    },
    {
      "type": "Feature",
      "geometry": {
        "type": "Point",
        "coordinates": [
          73.86658711329315,
          18.699500273807374
        ]
      },
      "properties": {
        "layer": "interpolated_heatmap",
        "value": 0.5716,
        "label": "Interpolated anomaly intensity",
        "disclaimer": "Interpolated estimate \u2014 NOT a direct measurement",
        "data_provenance": "INFERRED"
      }
    },
    {
      "type": "Feature",
      "geometry": {
        "type": "Point",
        "coordinates": [
          73.86658711329315,
          18.825891059810537
        ]
      },
      "properties": {
        "layer": "interpolated_heatmap",
        "value": 0.5724,
        "label": "Interpolated anomaly intensity",
        "disclaimer": "Interpolated estimate \u2014 NOT a direct measurement",
        "data_provenance": "INFERRED"
      }
    },
    {
      "type": "Feature",
      "geometry": {
        "type": "Point",
        "coordinates": [
          73.86658711329315,
          18.9522818458137
        ]
      },
      "properties": {
        "layer": "interpolated_heatmap",
        "value": 0.5714,
        "label": "Interpolated anomaly intensity",
        "disclaimer": "Interpolated estimate \u2014 NOT a direct measurement",
        "data_provenance": "INFERRED"
      }
    },
    {
      "type": "Feature",
      "geometry": {
        "type": "Point",
        "coordinates": [
          73.86658711329315,
          19.078672631816865
        ]
      },
      "properties": {
        "layer": "interpolated_heatmap",
        "value": 0.569,
        "label": "Interpolated anomaly intensity",
        "disclaimer": "Interpolated estimate \u2014 NOT a direct measurement",
        "data_provenance": "INFERRED"
      }
    },
    {
      "type": "Feature",
      "geometry": {
        "type": "Point",
        "coordinates": [
          73.86658711329315,
          19.20506341782003
        ]
      },
      "properties": {
        "layer": "interpolated_heatmap",
        "value": 0.5655,
        "label": "Interpolated anomaly intensity",
        "disclaimer": "Interpolated estimate \u2014 NOT a direct measurement",
        "data_provenance": "INFERRED"
      }
    },
    {
      "type": "Feature",
      "geometry": {
        "type": "Point",
        "coordinates": [
          73.91016587191598,
          14.275822763696663
        ]
      },
      "properties": {
        "layer": "interpolated_heatmap",
        "value": 0.438,
        "label": "Interpolated anomaly intensity",
        "disclaimer": "Interpolated estimate \u2014 NOT a direct measurement",
        "data_provenance": "INFERRED"
      }
    },
    {
      "type": "Feature",
      "geometry": {
        "type": "Point",
        "coordinates": [
          73.91016587191598,
          14.402213549699827
        ]
      },
      "properties": {
        "layer": "interpolated_heatmap",
        "value": 0.4379,
        "label": "Interpolated anomaly intensity",
        "disclaimer": "Interpolated estimate \u2014 NOT a direct measurement",
        "data_provenance": "INFERRED"
      }
    },
    {
      "type": "Feature",
      "geometry": {
        "type": "Point",
        "coordinates": [
          73.91016587191598,
          14.52860433570299
        ]
      },
      "properties": {
        "layer": "interpolated_heatmap",
        "value": 0.4378,
        "label": "Interpolated anomaly intensity",
        "disclaimer": "Interpolated estimate \u2014 NOT a direct measurement",
        "data_provenance": "INFERRED"
      }
    },
    {
      "type": "Feature",
      "geometry": {
        "type": "Point",
        "coordinates": [
          73.91016587191598,
          14.654995121706152
        ]
      },
      "properties": {
        "layer": "interpolated_heatmap",
        "value": 0.4377,
        "label": "Interpolated anomaly intensity",
        "disclaimer": "Interpolated estimate \u2014 NOT a direct measurement",
        "data_provenance": "INFERRED"
      }
    },
    {
      "type": "Feature",
      "geometry": {
        "type": "Point",
        "coordinates": [
          73.91016587191598,
          14.781385907709316
        ]
      },
      "properties": {
        "layer": "interpolated_heatmap",
        "value": 0.4376,
        "label": "Interpolated anomaly intensity",
        "disclaimer": "Interpolated estimate \u2014 NOT a direct measurement",
        "data_provenance": "INFERRED"
      }
    },
    {
      "type": "Feature",
      "geometry": {
        "type": "Point",
        "coordinates": [
          73.91016587191598,
          14.90777669371248
        ]
      },
      "properties": {
        "layer": "interpolated_heatmap",
        "value": 0.4377,
        "label": "Interpolated anomaly intensity",
        "disclaimer": "Interpolated estimate \u2014 NOT a direct measurement",
        "data_provenance": "INFERRED"
      }
    },
    {
      "type": "Feature",
      "geometry": {
        "type": "Point",
        "coordinates": [
          73.91016587191598,
          15.034167479715641
        ]
      },
      "properties": {
        "layer": "interpolated_heatmap",
        "value": 0.4377,
        "label": "Interpolated anomaly intensity",
        "disclaimer": "Interpolated estimate \u2014 NOT a direct measurement",
        "data_provenance": "INFERRED"
      }
    },
    {
      "type": "Feature",
      "geometry": {
        "type": "Point",
        "coordinates": [
          73.91016587191598,
          15.160558265718805
        ]
      },
      "properties": {
        "layer": "interpolated_heatmap",
        "value": 0.4376,
        "label": "Interpolated anomaly intensity",
        "disclaimer": "Interpolated estimate \u2014 NOT a direct measurement",
        "data_provenance": "INFERRED"
      }
    },
    {
      "type": "Feature",
      "geometry": {
        "type": "Point",
        "coordinates": [
          73.91016587191598,
          15.286949051721969
        ]
      },
      "properties": {
        "layer": "interpolated_heatmap",
        "value": 0.4377,
        "label": "Interpolated anomaly intensity",
        "disclaimer": "Interpolated estimate \u2014 NOT a direct measurement",
        "data_provenance": "INFERRED"
      }
    },
    {
      "type": "Feature",
      "geometry": {
        "type": "Point",
        "coordinates": [
          73.91016587191598,
          15.413339837725132
        ]
      },
      "properties": {
        "layer": "interpolated_heatmap",
        "value": 0.4379,
        "label": "Interpolated anomaly intensity",
        "disclaimer": "Interpolated estimate \u2014 NOT a direct measurement",
        "data_provenance": "INFERRED"
      }
    },
    {
      "type": "Feature",
      "geometry": {
        "type": "Point",
        "coordinates": [
          73.91016587191598,
          15.539730623728296
        ]
      },
      "properties": {
        "layer": "interpolated_heatmap",
        "value": 0.4381,
        "label": "Interpolated anomaly intensity",
        "disclaimer": "Interpolated estimate \u2014 NOT a direct measurement",
        "data_provenance": "INFERRED"
      }
    },
    {
      "type": "Feature",
      "geometry": {
        "type": "Point",
        "coordinates": [
          73.91016587191598,
          15.666121409731458
        ]
      },
      "properties": {
        "layer": "interpolated_heatmap",
        "value": 0.4385,
        "label": "Interpolated anomaly intensity",
        "disclaimer": "Interpolated estimate \u2014 NOT a direct measurement",
        "data_provenance": "INFERRED"
      }
    },
    {
      "type": "Feature",
      "geometry": {
        "type": "Point",
        "coordinates": [
          73.91016587191598,
          15.792512195734622
        ]
      },
      "properties": {
        "layer": "interpolated_heatmap",
        "value": 0.439,
        "label": "Interpolated anomaly intensity",
        "disclaimer": "Interpolated estimate \u2014 NOT a direct measurement",
        "data_provenance": "INFERRED"
      }
    },
    {
      "type": "Feature",
      "geometry": {
        "type": "Point",
        "coordinates": [
          73.91016587191598,
          15.918902981737785
        ]
      },
      "properties": {
        "layer": "interpolated_heatmap",
        "value": 0.4397,
        "label": "Interpolated anomaly intensity",
        "disclaimer": "Interpolated estimate \u2014 NOT a direct measurement",
        "data_provenance": "INFERRED"
      }
    },
    {
      "type": "Feature",
      "geometry": {
        "type": "Point",
        "coordinates": [
          73.91016587191598,
          16.045293767740947
        ]
      },
      "properties": {
        "layer": "interpolated_heatmap",
        "value": 0.4406,
        "label": "Interpolated anomaly intensity",
        "disclaimer": "Interpolated estimate \u2014 NOT a direct measurement",
        "data_provenance": "INFERRED"
      }
    },
    {
      "type": "Feature",
      "geometry": {
        "type": "Point",
        "coordinates": [
          73.91016587191598,
          16.17168455374411
        ]
      },
      "properties": {
        "layer": "interpolated_heatmap",
        "value": 0.4416,
        "label": "Interpolated anomaly intensity",
        "disclaimer": "Interpolated estimate \u2014 NOT a direct measurement",
        "data_provenance": "INFERRED"
      }
    },
    {
      "type": "Feature",
      "geometry": {
        "type": "Point",
        "coordinates": [
          73.91016587191598,
          16.298075339747275
        ]
      },
      "properties": {
        "layer": "interpolated_heatmap",
        "value": 0.443,
        "label": "Interpolated anomaly intensity",
        "disclaimer": "Interpolated estimate \u2014 NOT a direct measurement",
        "data_provenance": "INFERRED"
      }
    },
    {
      "type": "Feature",
      "geometry": {
        "type": "Point",
        "coordinates": [
          73.91016587191598,
          16.42446612575044
        ]
      },
      "properties": {
        "layer": "interpolated_heatmap",
        "value": 0.4447,
        "label": "Interpolated anomaly intensity",
        "disclaimer": "Interpolated estimate \u2014 NOT a direct measurement",
        "data_provenance": "INFERRED"
      }
    },
    {
      "type": "Feature",
      "geometry": {
        "type": "Point",
        "coordinates": [
          73.91016587191598,
          16.550856911753602
        ]
      },
      "properties": {
        "layer": "interpolated_heatmap",
        "value": 0.4469,
        "label": "Interpolated anomaly intensity",
        "disclaimer": "Interpolated estimate \u2014 NOT a direct measurement",
        "data_provenance": "INFERRED"
      }
    },
    {
      "type": "Feature",
      "geometry": {
        "type": "Point",
        "coordinates": [
          73.91016587191598,
          16.677247697756766
        ]
      },
      "properties": {
        "layer": "interpolated_heatmap",
        "value": 0.4495,
        "label": "Interpolated anomaly intensity",
        "disclaimer": "Interpolated estimate \u2014 NOT a direct measurement",
        "data_provenance": "INFERRED"
      }
    },
    {
      "type": "Feature",
      "geometry": {
        "type": "Point",
        "coordinates": [
          73.91016587191598,
          16.803638483759926
        ]
      },
      "properties": {
        "layer": "interpolated_heatmap",
        "value": 0.4527,
        "label": "Interpolated anomaly intensity",
        "disclaimer": "Interpolated estimate \u2014 NOT a direct measurement",
        "data_provenance": "INFERRED"
      }
    },
    {
      "type": "Feature",
      "geometry": {
        "type": "Point",
        "coordinates": [
          73.91016587191598,
          16.93002926976309
        ]
      },
      "properties": {
        "layer": "interpolated_heatmap",
        "value": 0.4565,
        "label": "Interpolated anomaly intensity",
        "disclaimer": "Interpolated estimate \u2014 NOT a direct measurement",
        "data_provenance": "INFERRED"
      }
    },
    {
      "type": "Feature",
      "geometry": {
        "type": "Point",
        "coordinates": [
          73.91016587191598,
          17.056420055766253
        ]
      },
      "properties": {
        "layer": "interpolated_heatmap",
        "value": 0.4612,
        "label": "Interpolated anomaly intensity",
        "disclaimer": "Interpolated estimate \u2014 NOT a direct measurement",
        "data_provenance": "INFERRED"
      }
    },
    {
      "type": "Feature",
      "geometry": {
        "type": "Point",
        "coordinates": [
          73.91016587191598,
          17.182810841769417
        ]
      },
      "properties": {
        "layer": "interpolated_heatmap",
        "value": 0.4667,
        "label": "Interpolated anomaly intensity",
        "disclaimer": "Interpolated estimate \u2014 NOT a direct measurement",
        "data_provenance": "INFERRED"
      }
    },
    {
      "type": "Feature",
      "geometry": {
        "type": "Point",
        "coordinates": [
          73.91016587191598,
          17.30920162777258
        ]
      },
      "properties": {
        "layer": "interpolated_heatmap",
        "value": 0.4733,
        "label": "Interpolated anomaly intensity",
        "disclaimer": "Interpolated estimate \u2014 NOT a direct measurement",
        "data_provenance": "INFERRED"
      }
    },
    {
      "type": "Feature",
      "geometry": {
        "type": "Point",
        "coordinates": [
          73.91016587191598,
          17.435592413775744
        ]
      },
      "properties": {
        "layer": "interpolated_heatmap",
        "value": 0.4809,
        "label": "Interpolated anomaly intensity",
        "disclaimer": "Interpolated estimate \u2014 NOT a direct measurement",
        "data_provenance": "INFERRED"
      }
    },
    {
      "type": "Feature",
      "geometry": {
        "type": "Point",
        "coordinates": [
          73.91016587191598,
          17.561983199778908
        ]
      },
      "properties": {
        "layer": "interpolated_heatmap",
        "value": 0.4896,
        "label": "Interpolated anomaly intensity",
        "disclaimer": "Interpolated estimate \u2014 NOT a direct measurement",
        "data_provenance": "INFERRED"
      }
    },
    {
      "type": "Feature",
      "geometry": {
        "type": "Point",
        "coordinates": [
          73.91016587191598,
          17.68837398578207
        ]
      },
      "properties": {
        "layer": "interpolated_heatmap",
        "value": 0.4992,
        "label": "Interpolated anomaly intensity",
        "disclaimer": "Interpolated estimate \u2014 NOT a direct measurement",
        "data_provenance": "INFERRED"
      }
    },
    {
      "type": "Feature",
      "geometry": {
        "type": "Point",
        "coordinates": [
          73.91016587191598,
          17.814764771785235
        ]
      },
      "properties": {
        "layer": "interpolated_heatmap",
        "value": 0.5096,
        "label": "Interpolated anomaly intensity",
        "disclaimer": "Interpolated estimate \u2014 NOT a direct measurement",
        "data_provenance": "INFERRED"
      }
    },
    {
      "type": "Feature",
      "geometry": {
        "type": "Point",
        "coordinates": [
          73.91016587191598,
          17.941155557788395
        ]
      },
      "properties": {
        "layer": "interpolated_heatmap",
        "value": 0.5204,
        "label": "Interpolated anomaly intensity",
        "disclaimer": "Interpolated estimate \u2014 NOT a direct measurement",
        "data_provenance": "INFERRED"
      }
    },
    {
      "type": "Feature",
      "geometry": {
        "type": "Point",
        "coordinates": [
          73.91016587191598,
          18.06754634379156
        ]
      },
      "properties": {
        "layer": "interpolated_heatmap",
        "value": 0.5312,
        "label": "Interpolated anomaly intensity",
        "disclaimer": "Interpolated estimate \u2014 NOT a direct measurement",
        "data_provenance": "INFERRED"
      }
    },
    {
      "type": "Feature",
      "geometry": {
        "type": "Point",
        "coordinates": [
          73.91016587191598,
          18.193937129794723
        ]
      },
      "properties": {
        "layer": "interpolated_heatmap",
        "value": 0.5413,
        "label": "Interpolated anomaly intensity",
        "disclaimer": "Interpolated estimate \u2014 NOT a direct measurement",
        "data_provenance": "INFERRED"
      }
    },
    {
      "type": "Feature",
      "geometry": {
        "type": "Point",
        "coordinates": [
          73.91016587191598,
          18.320327915797886
        ]
      },
      "properties": {
        "layer": "interpolated_heatmap",
        "value": 0.5501,
        "label": "Interpolated anomaly intensity",
        "disclaimer": "Interpolated estimate \u2014 NOT a direct measurement",
        "data_provenance": "INFERRED"
      }
    },
    {
      "type": "Feature",
      "geometry": {
        "type": "Point",
        "coordinates": [
          73.91016587191598,
          18.44671870180105
        ]
      },
      "properties": {
        "layer": "interpolated_heatmap",
        "value": 0.5573,
        "label": "Interpolated anomaly intensity",
        "disclaimer": "Interpolated estimate \u2014 NOT a direct measurement",
        "data_provenance": "INFERRED"
      }
    },
    {
      "type": "Feature",
      "geometry": {
        "type": "Point",
        "coordinates": [
          73.91016587191598,
          18.573109487804214
        ]
      },
      "properties": {
        "layer": "interpolated_heatmap",
        "value": 0.5625,
        "label": "Interpolated anomaly intensity",
        "disclaimer": "Interpolated estimate \u2014 NOT a direct measurement",
        "data_provenance": "INFERRED"
      }
    },
    {
      "type": "Feature",
      "geometry": {
        "type": "Point",
        "coordinates": [
          73.91016587191598,
          18.699500273807374
        ]
      },
      "properties": {
        "layer": "interpolated_heatmap",
        "value": 0.5656,
        "label": "Interpolated anomaly intensity",
        "disclaimer": "Interpolated estimate \u2014 NOT a direct measurement",
        "data_provenance": "INFERRED"
      }
    },
    {
      "type": "Feature",
      "geometry": {
        "type": "Point",
        "coordinates": [
          73.91016587191598,
          18.825891059810537
        ]
      },
      "properties": {
        "layer": "interpolated_heatmap",
        "value": 0.5667,
        "label": "Interpolated anomaly intensity",
        "disclaimer": "Interpolated estimate \u2014 NOT a direct measurement",
        "data_provenance": "INFERRED"
      }
    },
    {
      "type": "Feature",
      "geometry": {
        "type": "Point",
        "coordinates": [
          73.91016587191598,
          18.9522818458137
        ]
      },
      "properties": {
        "layer": "interpolated_heatmap",
        "value": 0.5661,
        "label": "Interpolated anomaly intensity",
        "disclaimer": "Interpolated estimate \u2014 NOT a direct measurement",
        "data_provenance": "INFERRED"
      }
    },
    {
      "type": "Feature",
      "geometry": {
        "type": "Point",
        "coordinates": [
          73.91016587191598,
          19.078672631816865
        ]
      },
      "properties": {
        "layer": "interpolated_heatmap",
        "value": 0.5642,
        "label": "Interpolated anomaly intensity",
        "disclaimer": "Interpolated estimate \u2014 NOT a direct measurement",
        "data_provenance": "INFERRED"
      }
    },
    {
      "type": "Feature",
      "geometry": {
        "type": "Point",
        "coordinates": [
          73.91016587191598,
          19.20506341782003
        ]
      },
      "properties": {
        "layer": "interpolated_heatmap",
        "value": 0.5612,
        "label": "Interpolated anomaly intensity",
        "disclaimer": "Interpolated estimate \u2014 NOT a direct measurement",
        "data_provenance": "INFERRED"
      }
    },
    {
      "type": "Feature",
      "geometry": {
        "type": "Point",
        "coordinates": [
          73.95374463053881,
          14.275822763696663
        ]
      },
      "properties": {
        "layer": "interpolated_heatmap",
        "value": 0.438,
        "label": "Interpolated anomaly intensity",
        "disclaimer": "Interpolated estimate \u2014 NOT a direct measurement",
        "data_provenance": "INFERRED"
      }
    },
    {
      "type": "Feature",
      "geometry": {
        "type": "Point",
        "coordinates": [
          73.95374463053881,
          14.402213549699827
        ]
      },
      "properties": {
        "layer": "interpolated_heatmap",
        "value": 0.4379,
        "label": "Interpolated anomaly intensity",
        "disclaimer": "Interpolated estimate \u2014 NOT a direct measurement",
        "data_provenance": "INFERRED"
      }
    },
    {
      "type": "Feature",
      "geometry": {
        "type": "Point",
        "coordinates": [
          73.95374463053881,
          14.52860433570299
        ]
      },
      "properties": {
        "layer": "interpolated_heatmap",
        "value": 0.4378,
        "label": "Interpolated anomaly intensity",
        "disclaimer": "Interpolated estimate \u2014 NOT a direct measurement",
        "data_provenance": "INFERRED"
      }
    },
    {
      "type": "Feature",
      "geometry": {
        "type": "Point",
        "coordinates": [
          73.95374463053881,
          14.654995121706152
        ]
      },
      "properties": {
        "layer": "interpolated_heatmap",
        "value": 0.4377,
        "label": "Interpolated anomaly intensity",
        "disclaimer": "Interpolated estimate \u2014 NOT a direct measurement",
        "data_provenance": "INFERRED"
      }
    },
    {
      "type": "Feature",
      "geometry": {
        "type": "Point",
        "coordinates": [
          73.95374463053881,
          14.781385907709316
        ]
      },
      "properties": {
        "layer": "interpolated_heatmap",
        "value": 0.4376,
        "label": "Interpolated anomaly intensity",
        "disclaimer": "Interpolated estimate \u2014 NOT a direct measurement",
        "data_provenance": "INFERRED"
      }
    },
    {
      "type": "Feature",
      "geometry": {
        "type": "Point",
        "coordinates": [
          73.95374463053881,
          14.90777669371248
        ]
      },
      "properties": {
        "layer": "interpolated_heatmap",
        "value": 0.4377,
        "label": "Interpolated anomaly intensity",
        "disclaimer": "Interpolated estimate \u2014 NOT a direct measurement",
        "data_provenance": "INFERRED"
      }
    },
    {
      "type": "Feature",
      "geometry": {
        "type": "Point",
        "coordinates": [
          73.95374463053881,
          15.034167479715641
        ]
      },
      "properties": {
        "layer": "interpolated_heatmap",
        "value": 0.4377,
        "label": "Interpolated anomaly intensity",
        "disclaimer": "Interpolated estimate \u2014 NOT a direct measurement",
        "data_provenance": "INFERRED"
      }
    },
    {
      "type": "Feature",
      "geometry": {
        "type": "Point",
        "coordinates": [
          73.95374463053881,
          15.160558265718805
        ]
      },
      "properties": {
        "layer": "interpolated_heatmap",
        "value": 0.4376,
        "label": "Interpolated anomaly intensity",
        "disclaimer": "Interpolated estimate \u2014 NOT a direct measurement",
        "data_provenance": "INFERRED"
      }
    },
    {
      "type": "Feature",
      "geometry": {
        "type": "Point",
        "coordinates": [
          73.95374463053881,
          15.286949051721969
        ]
      },
      "properties": {
        "layer": "interpolated_heatmap",
        "value": 0.4377,
        "label": "Interpolated anomaly intensity",
        "disclaimer": "Interpolated estimate \u2014 NOT a direct measurement",
        "data_provenance": "INFERRED"
      }
    },
    {
      "type": "Feature",
      "geometry": {
        "type": "Point",
        "coordinates": [
          73.95374463053881,
          15.413339837725132
        ]
      },
      "properties": {
        "layer": "interpolated_heatmap",
        "value": 0.4378,
        "label": "Interpolated anomaly intensity",
        "disclaimer": "Interpolated estimate \u2014 NOT a direct measurement",
        "data_provenance": "INFERRED"
      }
    },
    {
      "type": "Feature",
      "geometry": {
        "type": "Point",
        "coordinates": [
          73.95374463053881,
          15.539730623728296
        ]
      },
      "properties": {
        "layer": "interpolated_heatmap",
        "value": 0.4381,
        "label": "Interpolated anomaly intensity",
        "disclaimer": "Interpolated estimate \u2014 NOT a direct measurement",
        "data_provenance": "INFERRED"
      }
    },
    {
      "type": "Feature",
      "geometry": {
        "type": "Point",
        "coordinates": [
          73.95374463053881,
          15.666121409731458
        ]
      },
      "properties": {
        "layer": "interpolated_heatmap",
        "value": 0.4385,
        "label": "Interpolated anomaly intensity",
        "disclaimer": "Interpolated estimate \u2014 NOT a direct measurement",
        "data_provenance": "INFERRED"
      }
    },
    {
      "type": "Feature",
      "geometry": {
        "type": "Point",
        "coordinates": [
          73.95374463053881,
          15.792512195734622
        ]
      },
      "properties": {
        "layer": "interpolated_heatmap",
        "value": 0.439,
        "label": "Interpolated anomaly intensity",
        "disclaimer": "Interpolated estimate \u2014 NOT a direct measurement",
        "data_provenance": "INFERRED"
      }
    },
    {
      "type": "Feature",
      "geometry": {
        "type": "Point",
        "coordinates": [
          73.95374463053881,
          15.918902981737785
        ]
      },
      "properties": {
        "layer": "interpolated_heatmap",
        "value": 0.4396,
        "label": "Interpolated anomaly intensity",
        "disclaimer": "Interpolated estimate \u2014 NOT a direct measurement",
        "data_provenance": "INFERRED"
      }
    },
    {
      "type": "Feature",
      "geometry": {
        "type": "Point",
        "coordinates": [
          73.95374463053881,
          16.045293767740947
        ]
      },
      "properties": {
        "layer": "interpolated_heatmap",
        "value": 0.4405,
        "label": "Interpolated anomaly intensity",
        "disclaimer": "Interpolated estimate \u2014 NOT a direct measurement",
        "data_provenance": "INFERRED"
      }
    },
    {
      "type": "Feature",
      "geometry": {
        "type": "Point",
        "coordinates": [
          73.95374463053881,
          16.17168455374411
        ]
      },
      "properties": {
        "layer": "interpolated_heatmap",
        "value": 0.4416,
        "label": "Interpolated anomaly intensity",
        "disclaimer": "Interpolated estimate \u2014 NOT a direct measurement",
        "data_provenance": "INFERRED"
      }
    },
    {
      "type": "Feature",
      "geometry": {
        "type": "Point",
        "coordinates": [
          73.95374463053881,
          16.298075339747275
        ]
      },
      "properties": {
        "layer": "interpolated_heatmap",
        "value": 0.4429,
        "label": "Interpolated anomaly intensity",
        "disclaimer": "Interpolated estimate \u2014 NOT a direct measurement",
        "data_provenance": "INFERRED"
      }
    },
    {
      "type": "Feature",
      "geometry": {
        "type": "Point",
        "coordinates": [
          73.95374463053881,
          16.42446612575044
        ]
      },
      "properties": {
        "layer": "interpolated_heatmap",
        "value": 0.4446,
        "label": "Interpolated anomaly intensity",
        "disclaimer": "Interpolated estimate \u2014 NOT a direct measurement",
        "data_provenance": "INFERRED"
      }
    },
    {
      "type": "Feature",
      "geometry": {
        "type": "Point",
        "coordinates": [
          73.95374463053881,
          16.550856911753602
        ]
      },
      "properties": {
        "layer": "interpolated_heatmap",
        "value": 0.4467,
        "label": "Interpolated anomaly intensity",
        "disclaimer": "Interpolated estimate \u2014 NOT a direct measurement",
        "data_provenance": "INFERRED"
      }
    },
    {
      "type": "Feature",
      "geometry": {
        "type": "Point",
        "coordinates": [
          73.95374463053881,
          16.677247697756766
        ]
      },
      "properties": {
        "layer": "interpolated_heatmap",
        "value": 0.4492,
        "label": "Interpolated anomaly intensity",
        "disclaimer": "Interpolated estimate \u2014 NOT a direct measurement",
        "data_provenance": "INFERRED"
      }
    },
    {
      "type": "Feature",
      "geometry": {
        "type": "Point",
        "coordinates": [
          73.95374463053881,
          16.803638483759926
        ]
      },
      "properties": {
        "layer": "interpolated_heatmap",
        "value": 0.4523,
        "label": "Interpolated anomaly intensity",
        "disclaimer": "Interpolated estimate \u2014 NOT a direct measurement",
        "data_provenance": "INFERRED"
      }
    },
    {
      "type": "Feature",
      "geometry": {
        "type": "Point",
        "coordinates": [
          73.95374463053881,
          16.93002926976309
        ]
      },
      "properties": {
        "layer": "interpolated_heatmap",
        "value": 0.456,
        "label": "Interpolated anomaly intensity",
        "disclaimer": "Interpolated estimate \u2014 NOT a direct measurement",
        "data_provenance": "INFERRED"
      }
    },
    {
      "type": "Feature",
      "geometry": {
        "type": "Point",
        "coordinates": [
          73.95374463053881,
          17.056420055766253
        ]
      },
      "properties": {
        "layer": "interpolated_heatmap",
        "value": 0.4605,
        "label": "Interpolated anomaly intensity",
        "disclaimer": "Interpolated estimate \u2014 NOT a direct measurement",
        "data_provenance": "INFERRED"
      }
    },
    {
      "type": "Feature",
      "geometry": {
        "type": "Point",
        "coordinates": [
          73.95374463053881,
          17.182810841769417
        ]
      },
      "properties": {
        "layer": "interpolated_heatmap",
        "value": 0.4659,
        "label": "Interpolated anomaly intensity",
        "disclaimer": "Interpolated estimate \u2014 NOT a direct measurement",
        "data_provenance": "INFERRED"
      }
    },
    {
      "type": "Feature",
      "geometry": {
        "type": "Point",
        "coordinates": [
          73.95374463053881,
          17.30920162777258
        ]
      },
      "properties": {
        "layer": "interpolated_heatmap",
        "value": 0.4721,
        "label": "Interpolated anomaly intensity",
        "disclaimer": "Interpolated estimate \u2014 NOT a direct measurement",
        "data_provenance": "INFERRED"
      }
    },
    {
      "type": "Feature",
      "geometry": {
        "type": "Point",
        "coordinates": [
          73.95374463053881,
          17.435592413775744
        ]
      },
      "properties": {
        "layer": "interpolated_heatmap",
        "value": 0.4794,
        "label": "Interpolated anomaly intensity",
        "disclaimer": "Interpolated estimate \u2014 NOT a direct measurement",
        "data_provenance": "INFERRED"
      }
    },
    {
      "type": "Feature",
      "geometry": {
        "type": "Point",
        "coordinates": [
          73.95374463053881,
          17.561983199778908
        ]
      },
      "properties": {
        "layer": "interpolated_heatmap",
        "value": 0.4876,
        "label": "Interpolated anomaly intensity",
        "disclaimer": "Interpolated estimate \u2014 NOT a direct measurement",
        "data_provenance": "INFERRED"
      }
    },
    {
      "type": "Feature",
      "geometry": {
        "type": "Point",
        "coordinates": [
          73.95374463053881,
          17.68837398578207
        ]
      },
      "properties": {
        "layer": "interpolated_heatmap",
        "value": 0.4967,
        "label": "Interpolated anomaly intensity",
        "disclaimer": "Interpolated estimate \u2014 NOT a direct measurement",
        "data_provenance": "INFERRED"
      }
    },
    {
      "type": "Feature",
      "geometry": {
        "type": "Point",
        "coordinates": [
          73.95374463053881,
          17.814764771785235
        ]
      },
      "properties": {
        "layer": "interpolated_heatmap",
        "value": 0.5065,
        "label": "Interpolated anomaly intensity",
        "disclaimer": "Interpolated estimate \u2014 NOT a direct measurement",
        "data_provenance": "INFERRED"
      }
    },
    {
      "type": "Feature",
      "geometry": {
        "type": "Point",
        "coordinates": [
          73.95374463053881,
          17.941155557788395
        ]
      },
      "properties": {
        "layer": "interpolated_heatmap",
        "value": 0.5166,
        "label": "Interpolated anomaly intensity",
        "disclaimer": "Interpolated estimate \u2014 NOT a direct measurement",
        "data_provenance": "INFERRED"
      }
    },
    {
      "type": "Feature",
      "geometry": {
        "type": "Point",
        "coordinates": [
          73.95374463053881,
          18.06754634379156
        ]
      },
      "properties": {
        "layer": "interpolated_heatmap",
        "value": 0.5267,
        "label": "Interpolated anomaly intensity",
        "disclaimer": "Interpolated estimate \u2014 NOT a direct measurement",
        "data_provenance": "INFERRED"
      }
    },
    {
      "type": "Feature",
      "geometry": {
        "type": "Point",
        "coordinates": [
          73.95374463053881,
          18.193937129794723
        ]
      },
      "properties": {
        "layer": "interpolated_heatmap",
        "value": 0.5363,
        "label": "Interpolated anomaly intensity",
        "disclaimer": "Interpolated estimate \u2014 NOT a direct measurement",
        "data_provenance": "INFERRED"
      }
    },
    {
      "type": "Feature",
      "geometry": {
        "type": "Point",
        "coordinates": [
          73.95374463053881,
          18.320327915797886
        ]
      },
      "properties": {
        "layer": "interpolated_heatmap",
        "value": 0.5447,
        "label": "Interpolated anomaly intensity",
        "disclaimer": "Interpolated estimate \u2014 NOT a direct measurement",
        "data_provenance": "INFERRED"
      }
    },
    {
      "type": "Feature",
      "geometry": {
        "type": "Point",
        "coordinates": [
          73.95374463053881,
          18.44671870180105
        ]
      },
      "properties": {
        "layer": "interpolated_heatmap",
        "value": 0.5516,
        "label": "Interpolated anomaly intensity",
        "disclaimer": "Interpolated estimate \u2014 NOT a direct measurement",
        "data_provenance": "INFERRED"
      }
    },
    {
      "type": "Feature",
      "geometry": {
        "type": "Point",
        "coordinates": [
          73.95374463053881,
          18.573109487804214
        ]
      },
      "properties": {
        "layer": "interpolated_heatmap",
        "value": 0.5567,
        "label": "Interpolated anomaly intensity",
        "disclaimer": "Interpolated estimate \u2014 NOT a direct measurement",
        "data_provenance": "INFERRED"
      }
    },
    {
      "type": "Feature",
      "geometry": {
        "type": "Point",
        "coordinates": [
          73.95374463053881,
          18.699500273807374
        ]
      },
      "properties": {
        "layer": "interpolated_heatmap",
        "value": 0.5599,
        "label": "Interpolated anomaly intensity",
        "disclaimer": "Interpolated estimate \u2014 NOT a direct measurement",
        "data_provenance": "INFERRED"
      }
    },
    {
      "type": "Feature",
      "geometry": {
        "type": "Point",
        "coordinates": [
          73.95374463053881,
          18.825891059810537
        ]
      },
      "properties": {
        "layer": "interpolated_heatmap",
        "value": 0.5613,
        "label": "Interpolated anomaly intensity",
        "disclaimer": "Interpolated estimate \u2014 NOT a direct measurement",
        "data_provenance": "INFERRED"
      }
    },
    {
      "type": "Feature",
      "geometry": {
        "type": "Point",
        "coordinates": [
          73.95374463053881,
          18.9522818458137
        ]
      },
      "properties": {
        "layer": "interpolated_heatmap",
        "value": 0.5611,
        "label": "Interpolated anomaly intensity",
        "disclaimer": "Interpolated estimate \u2014 NOT a direct measurement",
        "data_provenance": "INFERRED"
      }
    },
    {
      "type": "Feature",
      "geometry": {
        "type": "Point",
        "coordinates": [
          73.95374463053881,
          19.078672631816865
        ]
      },
      "properties": {
        "layer": "interpolated_heatmap",
        "value": 0.5595,
        "label": "Interpolated anomaly intensity",
        "disclaimer": "Interpolated estimate \u2014 NOT a direct measurement",
        "data_provenance": "INFERRED"
      }
    },
    {
      "type": "Feature",
      "geometry": {
        "type": "Point",
        "coordinates": [
          73.95374463053881,
          19.20506341782003
        ]
      },
      "properties": {
        "layer": "interpolated_heatmap",
        "value": 0.557,
        "label": "Interpolated anomaly intensity",
        "disclaimer": "Interpolated estimate \u2014 NOT a direct measurement",
        "data_provenance": "INFERRED"
      }
    },
    {
      "type": "Feature",
      "geometry": {
        "type": "Point",
        "coordinates": [
          73.99732338916165,
          14.275822763696663
        ]
      },
      "properties": {
        "layer": "interpolated_heatmap",
        "value": 0.438,
        "label": "Interpolated anomaly intensity",
        "disclaimer": "Interpolated estimate \u2014 NOT a direct measurement",
        "data_provenance": "INFERRED"
      }
    },
    {
      "type": "Feature",
      "geometry": {
        "type": "Point",
        "coordinates": [
          73.99732338916165,
          14.402213549699827
        ]
      },
      "properties": {
        "layer": "interpolated_heatmap",
        "value": 0.4379,
        "label": "Interpolated anomaly intensity",
        "disclaimer": "Interpolated estimate \u2014 NOT a direct measurement",
        "data_provenance": "INFERRED"
      }
    },
    {
      "type": "Feature",
      "geometry": {
        "type": "Point",
        "coordinates": [
          73.99732338916165,
          14.52860433570299
        ]
      },
      "properties": {
        "layer": "interpolated_heatmap",
        "value": 0.4377,
        "label": "Interpolated anomaly intensity",
        "disclaimer": "Interpolated estimate \u2014 NOT a direct measurement",
        "data_provenance": "INFERRED"
      }
    },
    {
      "type": "Feature",
      "geometry": {
        "type": "Point",
        "coordinates": [
          73.99732338916165,
          14.654995121706152
        ]
      },
      "properties": {
        "layer": "interpolated_heatmap",
        "value": 0.4376,
        "label": "Interpolated anomaly intensity",
        "disclaimer": "Interpolated estimate \u2014 NOT a direct measurement",
        "data_provenance": "INFERRED"
      }
    },
    {
      "type": "Feature",
      "geometry": {
        "type": "Point",
        "coordinates": [
          73.99732338916165,
          14.781385907709316
        ]
      },
      "properties": {
        "layer": "interpolated_heatmap",
        "value": 0.4376,
        "label": "Interpolated anomaly intensity",
        "disclaimer": "Interpolated estimate \u2014 NOT a direct measurement",
        "data_provenance": "INFERRED"
      }
    },
    {
      "type": "Feature",
      "geometry": {
        "type": "Point",
        "coordinates": [
          73.99732338916165,
          14.90777669371248
        ]
      },
      "properties": {
        "layer": "interpolated_heatmap",
        "value": 0.4376,
        "label": "Interpolated anomaly intensity",
        "disclaimer": "Interpolated estimate \u2014 NOT a direct measurement",
        "data_provenance": "INFERRED"
      }
    },
    {
      "type": "Feature",
      "geometry": {
        "type": "Point",
        "coordinates": [
          73.99732338916165,
          15.034167479715641
        ]
      },
      "properties": {
        "layer": "interpolated_heatmap",
        "value": 0.4375,
        "label": "Interpolated anomaly intensity",
        "disclaimer": "Interpolated estimate \u2014 NOT a direct measurement",
        "data_provenance": "INFERRED"
      }
    },
    {
      "type": "Feature",
      "geometry": {
        "type": "Point",
        "coordinates": [
          73.99732338916165,
          15.160558265718805
        ]
      },
      "properties": {
        "layer": "interpolated_heatmap",
        "value": 0.4375,
        "label": "Interpolated anomaly intensity",
        "disclaimer": "Interpolated estimate \u2014 NOT a direct measurement",
        "data_provenance": "INFERRED"
      }
    },
    {
      "type": "Feature",
      "geometry": {
        "type": "Point",
        "coordinates": [
          73.99732338916165,
          15.286949051721969
        ]
      },
      "properties": {
        "layer": "interpolated_heatmap",
        "value": 0.4376,
        "label": "Interpolated anomaly intensity",
        "disclaimer": "Interpolated estimate \u2014 NOT a direct measurement",
        "data_provenance": "INFERRED"
      }
    },
    {
      "type": "Feature",
      "geometry": {
        "type": "Point",
        "coordinates": [
          73.99732338916165,
          15.413339837725132
        ]
      },
      "properties": {
        "layer": "interpolated_heatmap",
        "value": 0.4378,
        "label": "Interpolated anomaly intensity",
        "disclaimer": "Interpolated estimate \u2014 NOT a direct measurement",
        "data_provenance": "INFERRED"
      }
    },
    {
      "type": "Feature",
      "geometry": {
        "type": "Point",
        "coordinates": [
          73.99732338916165,
          15.539730623728296
        ]
      },
      "properties": {
        "layer": "interpolated_heatmap",
        "value": 0.4381,
        "label": "Interpolated anomaly intensity",
        "disclaimer": "Interpolated estimate \u2014 NOT a direct measurement",
        "data_provenance": "INFERRED"
      }
    },
    {
      "type": "Feature",
      "geometry": {
        "type": "Point",
        "coordinates": [
          73.99732338916165,
          15.666121409731458
        ]
      },
      "properties": {
        "layer": "interpolated_heatmap",
        "value": 0.4385,
        "label": "Interpolated anomaly intensity",
        "disclaimer": "Interpolated estimate \u2014 NOT a direct measurement",
        "data_provenance": "INFERRED"
      }
    },
    {
      "type": "Feature",
      "geometry": {
        "type": "Point",
        "coordinates": [
          73.99732338916165,
          15.792512195734622
        ]
      },
      "properties": {
        "layer": "interpolated_heatmap",
        "value": 0.439,
        "label": "Interpolated anomaly intensity",
        "disclaimer": "Interpolated estimate \u2014 NOT a direct measurement",
        "data_provenance": "INFERRED"
      }
    },
    {
      "type": "Feature",
      "geometry": {
        "type": "Point",
        "coordinates": [
          73.99732338916165,
          15.918902981737785
        ]
      },
      "properties": {
        "layer": "interpolated_heatmap",
        "value": 0.4396,
        "label": "Interpolated anomaly intensity",
        "disclaimer": "Interpolated estimate \u2014 NOT a direct measurement",
        "data_provenance": "INFERRED"
      }
    },
    {
      "type": "Feature",
      "geometry": {
        "type": "Point",
        "coordinates": [
          73.99732338916165,
          16.045293767740947
        ]
      },
      "properties": {
        "layer": "interpolated_heatmap",
        "value": 0.4404,
        "label": "Interpolated anomaly intensity",
        "disclaimer": "Interpolated estimate \u2014 NOT a direct measurement",
        "data_provenance": "INFERRED"
      }
    },
    {
      "type": "Feature",
      "geometry": {
        "type": "Point",
        "coordinates": [
          73.99732338916165,
          16.17168455374411
        ]
      },
      "properties": {
        "layer": "interpolated_heatmap",
        "value": 0.4415,
        "label": "Interpolated anomaly intensity",
        "disclaimer": "Interpolated estimate \u2014 NOT a direct measurement",
        "data_provenance": "INFERRED"
      }
    },
    {
      "type": "Feature",
      "geometry": {
        "type": "Point",
        "coordinates": [
          73.99732338916165,
          16.298075339747275
        ]
      },
      "properties": {
        "layer": "interpolated_heatmap",
        "value": 0.4428,
        "label": "Interpolated anomaly intensity",
        "disclaimer": "Interpolated estimate \u2014 NOT a direct measurement",
        "data_provenance": "INFERRED"
      }
    },
    {
      "type": "Feature",
      "geometry": {
        "type": "Point",
        "coordinates": [
          73.99732338916165,
          16.42446612575044
        ]
      },
      "properties": {
        "layer": "interpolated_heatmap",
        "value": 0.4445,
        "label": "Interpolated anomaly intensity",
        "disclaimer": "Interpolated estimate \u2014 NOT a direct measurement",
        "data_provenance": "INFERRED"
      }
    },
    {
      "type": "Feature",
      "geometry": {
        "type": "Point",
        "coordinates": [
          73.99732338916165,
          16.550856911753602
        ]
      },
      "properties": {
        "layer": "interpolated_heatmap",
        "value": 0.4465,
        "label": "Interpolated anomaly intensity",
        "disclaimer": "Interpolated estimate \u2014 NOT a direct measurement",
        "data_provenance": "INFERRED"
      }
    },
    {
      "type": "Feature",
      "geometry": {
        "type": "Point",
        "coordinates": [
          73.99732338916165,
          16.677247697756766
        ]
      },
      "properties": {
        "layer": "interpolated_heatmap",
        "value": 0.4489,
        "label": "Interpolated anomaly intensity",
        "disclaimer": "Interpolated estimate \u2014 NOT a direct measurement",
        "data_provenance": "INFERRED"
      }
    },
    {
      "type": "Feature",
      "geometry": {
        "type": "Point",
        "coordinates": [
          73.99732338916165,
          16.803638483759926
        ]
      },
      "properties": {
        "layer": "interpolated_heatmap",
        "value": 0.4519,
        "label": "Interpolated anomaly intensity",
        "disclaimer": "Interpolated estimate \u2014 NOT a direct measurement",
        "data_provenance": "INFERRED"
      }
    },
    {
      "type": "Feature",
      "geometry": {
        "type": "Point",
        "coordinates": [
          73.99732338916165,
          16.93002926976309
        ]
      },
      "properties": {
        "layer": "interpolated_heatmap",
        "value": 0.4556,
        "label": "Interpolated anomaly intensity",
        "disclaimer": "Interpolated estimate \u2014 NOT a direct measurement",
        "data_provenance": "INFERRED"
      }
    },
    {
      "type": "Feature",
      "geometry": {
        "type": "Point",
        "coordinates": [
          73.99732338916165,
          17.056420055766253
        ]
      },
      "properties": {
        "layer": "interpolated_heatmap",
        "value": 0.4599,
        "label": "Interpolated anomaly intensity",
        "disclaimer": "Interpolated estimate \u2014 NOT a direct measurement",
        "data_provenance": "INFERRED"
      }
    },
    {
      "type": "Feature",
      "geometry": {
        "type": "Point",
        "coordinates": [
          73.99732338916165,
          17.182810841769417
        ]
      },
      "properties": {
        "layer": "interpolated_heatmap",
        "value": 0.465,
        "label": "Interpolated anomaly intensity",
        "disclaimer": "Interpolated estimate \u2014 NOT a direct measurement",
        "data_provenance": "INFERRED"
      }
    },
    {
      "type": "Feature",
      "geometry": {
        "type": "Point",
        "coordinates": [
          73.99732338916165,
          17.30920162777258
        ]
      },
      "properties": {
        "layer": "interpolated_heatmap",
        "value": 0.471,
        "label": "Interpolated anomaly intensity",
        "disclaimer": "Interpolated estimate \u2014 NOT a direct measurement",
        "data_provenance": "INFERRED"
      }
    },
    {
      "type": "Feature",
      "geometry": {
        "type": "Point",
        "coordinates": [
          73.99732338916165,
          17.435592413775744
        ]
      },
      "properties": {
        "layer": "interpolated_heatmap",
        "value": 0.4779,
        "label": "Interpolated anomaly intensity",
        "disclaimer": "Interpolated estimate \u2014 NOT a direct measurement",
        "data_provenance": "INFERRED"
      }
    },
    {
      "type": "Feature",
      "geometry": {
        "type": "Point",
        "coordinates": [
          73.99732338916165,
          17.561983199778908
        ]
      },
      "properties": {
        "layer": "interpolated_heatmap",
        "value": 0.4857,
        "label": "Interpolated anomaly intensity",
        "disclaimer": "Interpolated estimate \u2014 NOT a direct measurement",
        "data_provenance": "INFERRED"
      }
    },
    {
      "type": "Feature",
      "geometry": {
        "type": "Point",
        "coordinates": [
          73.99732338916165,
          17.68837398578207
        ]
      },
      "properties": {
        "layer": "interpolated_heatmap",
        "value": 0.4943,
        "label": "Interpolated anomaly intensity",
        "disclaimer": "Interpolated estimate \u2014 NOT a direct measurement",
        "data_provenance": "INFERRED"
      }
    },
    {
      "type": "Feature",
      "geometry": {
        "type": "Point",
        "coordinates": [
          73.99732338916165,
          17.814764771785235
        ]
      },
      "properties": {
        "layer": "interpolated_heatmap",
        "value": 0.5035,
        "label": "Interpolated anomaly intensity",
        "disclaimer": "Interpolated estimate \u2014 NOT a direct measurement",
        "data_provenance": "INFERRED"
      }
    },
    {
      "type": "Feature",
      "geometry": {
        "type": "Point",
        "coordinates": [
          73.99732338916165,
          17.941155557788395
        ]
      },
      "properties": {
        "layer": "interpolated_heatmap",
        "value": 0.5131,
        "label": "Interpolated anomaly intensity",
        "disclaimer": "Interpolated estimate \u2014 NOT a direct measurement",
        "data_provenance": "INFERRED"
      }
    },
    {
      "type": "Feature",
      "geometry": {
        "type": "Point",
        "coordinates": [
          73.99732338916165,
          18.06754634379156
        ]
      },
      "properties": {
        "layer": "interpolated_heatmap",
        "value": 0.5226,
        "label": "Interpolated anomaly intensity",
        "disclaimer": "Interpolated estimate \u2014 NOT a direct measurement",
        "data_provenance": "INFERRED"
      }
    },
    {
      "type": "Feature",
      "geometry": {
        "type": "Point",
        "coordinates": [
          73.99732338916165,
          18.193937129794723
        ]
      },
      "properties": {
        "layer": "interpolated_heatmap",
        "value": 0.5316,
        "label": "Interpolated anomaly intensity",
        "disclaimer": "Interpolated estimate \u2014 NOT a direct measurement",
        "data_provenance": "INFERRED"
      }
    },
    {
      "type": "Feature",
      "geometry": {
        "type": "Point",
        "coordinates": [
          73.99732338916165,
          18.320327915797886
        ]
      },
      "properties": {
        "layer": "interpolated_heatmap",
        "value": 0.5396,
        "label": "Interpolated anomaly intensity",
        "disclaimer": "Interpolated estimate \u2014 NOT a direct measurement",
        "data_provenance": "INFERRED"
      }
    },
    {
      "type": "Feature",
      "geometry": {
        "type": "Point",
        "coordinates": [
          73.99732338916165,
          18.44671870180105
        ]
      },
      "properties": {
        "layer": "interpolated_heatmap",
        "value": 0.5462,
        "label": "Interpolated anomaly intensity",
        "disclaimer": "Interpolated estimate \u2014 NOT a direct measurement",
        "data_provenance": "INFERRED"
      }
    },
    {
      "type": "Feature",
      "geometry": {
        "type": "Point",
        "coordinates": [
          73.99732338916165,
          18.573109487804214
        ]
      },
      "properties": {
        "layer": "interpolated_heatmap",
        "value": 0.5512,
        "label": "Interpolated anomaly intensity",
        "disclaimer": "Interpolated estimate \u2014 NOT a direct measurement",
        "data_provenance": "INFERRED"
      }
    },
    {
      "type": "Feature",
      "geometry": {
        "type": "Point",
        "coordinates": [
          73.99732338916165,
          18.699500273807374
        ]
      },
      "properties": {
        "layer": "interpolated_heatmap",
        "value": 0.5545,
        "label": "Interpolated anomaly intensity",
        "disclaimer": "Interpolated estimate \u2014 NOT a direct measurement",
        "data_provenance": "INFERRED"
      }
    },
    {
      "type": "Feature",
      "geometry": {
        "type": "Point",
        "coordinates": [
          73.99732338916165,
          18.825891059810537
        ]
      },
      "properties": {
        "layer": "interpolated_heatmap",
        "value": 0.5561,
        "label": "Interpolated anomaly intensity",
        "disclaimer": "Interpolated estimate \u2014 NOT a direct measurement",
        "data_provenance": "INFERRED"
      }
    },
    {
      "type": "Feature",
      "geometry": {
        "type": "Point",
        "coordinates": [
          73.99732338916165,
          18.9522818458137
        ]
      },
      "properties": {
        "layer": "interpolated_heatmap",
        "value": 0.5562,
        "label": "Interpolated anomaly intensity",
        "disclaimer": "Interpolated estimate \u2014 NOT a direct measurement",
        "data_provenance": "INFERRED"
      }
    },
    {
      "type": "Feature",
      "geometry": {
        "type": "Point",
        "coordinates": [
          73.99732338916165,
          19.078672631816865
        ]
      },
      "properties": {
        "layer": "interpolated_heatmap",
        "value": 0.5551,
        "label": "Interpolated anomaly intensity",
        "disclaimer": "Interpolated estimate \u2014 NOT a direct measurement",
        "data_provenance": "INFERRED"
      }
    },
    {
      "type": "Feature",
      "geometry": {
        "type": "Point",
        "coordinates": [
          73.99732338916165,
          19.20506341782003
        ]
      },
      "properties": {
        "layer": "interpolated_heatmap",
        "value": 0.553,
        "label": "Interpolated anomaly intensity",
        "disclaimer": "Interpolated estimate \u2014 NOT a direct measurement",
        "data_provenance": "INFERRED"
      }
    },
    {
      "type": "Feature",
      "geometry": {
        "type": "Point",
        "coordinates": [
          74.04090214778448,
          14.275822763696663
        ]
      },
      "properties": {
        "layer": "interpolated_heatmap",
        "value": 0.438,
        "label": "Interpolated anomaly intensity",
        "disclaimer": "Interpolated estimate \u2014 NOT a direct measurement",
        "data_provenance": "INFERRED"
      }
    },
    {
      "type": "Feature",
      "geometry": {
        "type": "Point",
        "coordinates": [
          74.04090214778448,
          14.402213549699827
        ]
      },
      "properties": {
        "layer": "interpolated_heatmap",
        "value": 0.4379,
        "label": "Interpolated anomaly intensity",
        "disclaimer": "Interpolated estimate \u2014 NOT a direct measurement",
        "data_provenance": "INFERRED"
      }
    },
    {
      "type": "Feature",
      "geometry": {
        "type": "Point",
        "coordinates": [
          74.04090214778448,
          14.52860433570299
        ]
      },
      "properties": {
        "layer": "interpolated_heatmap",
        "value": 0.4377,
        "label": "Interpolated anomaly intensity",
        "disclaimer": "Interpolated estimate \u2014 NOT a direct measurement",
        "data_provenance": "INFERRED"
      }
    },
    {
      "type": "Feature",
      "geometry": {
        "type": "Point",
        "coordinates": [
          74.04090214778448,
          14.654995121706152
        ]
      },
      "properties": {
        "layer": "interpolated_heatmap",
        "value": 0.4376,
        "label": "Interpolated anomaly intensity",
        "disclaimer": "Interpolated estimate \u2014 NOT a direct measurement",
        "data_provenance": "INFERRED"
      }
    },
    {
      "type": "Feature",
      "geometry": {
        "type": "Point",
        "coordinates": [
          74.04090214778448,
          14.781385907709316
        ]
      },
      "properties": {
        "layer": "interpolated_heatmap",
        "value": 0.4376,
        "label": "Interpolated anomaly intensity",
        "disclaimer": "Interpolated estimate \u2014 NOT a direct measurement",
        "data_provenance": "INFERRED"
      }
    },
    {
      "type": "Feature",
      "geometry": {
        "type": "Point",
        "coordinates": [
          74.04090214778448,
          14.90777669371248
        ]
      },
      "properties": {
        "layer": "interpolated_heatmap",
        "value": 0.4375,
        "label": "Interpolated anomaly intensity",
        "disclaimer": "Interpolated estimate \u2014 NOT a direct measurement",
        "data_provenance": "INFERRED"
      }
    },
    {
      "type": "Feature",
      "geometry": {
        "type": "Point",
        "coordinates": [
          74.04090214778448,
          15.034167479715641
        ]
      },
      "properties": {
        "layer": "interpolated_heatmap",
        "value": 0.4373,
        "label": "Interpolated anomaly intensity",
        "disclaimer": "Interpolated estimate \u2014 NOT a direct measurement",
        "data_provenance": "INFERRED"
      }
    },
    {
      "type": "Feature",
      "geometry": {
        "type": "Point",
        "coordinates": [
          74.04090214778448,
          15.160558265718805
        ]
      },
      "properties": {
        "layer": "interpolated_heatmap",
        "value": 0.4375,
        "label": "Interpolated anomaly intensity",
        "disclaimer": "Interpolated estimate \u2014 NOT a direct measurement",
        "data_provenance": "INFERRED"
      }
    },
    {
      "type": "Feature",
      "geometry": {
        "type": "Point",
        "coordinates": [
          74.04090214778448,
          15.286949051721969
        ]
      },
      "properties": {
        "layer": "interpolated_heatmap",
        "value": 0.4376,
        "label": "Interpolated anomaly intensity",
        "disclaimer": "Interpolated estimate \u2014 NOT a direct measurement",
        "data_provenance": "INFERRED"
      }
    },
    {
      "type": "Feature",
      "geometry": {
        "type": "Point",
        "coordinates": [
          74.04090214778448,
          15.413339837725132
        ]
      },
      "properties": {
        "layer": "interpolated_heatmap",
        "value": 0.4378,
        "label": "Interpolated anomaly intensity",
        "disclaimer": "Interpolated estimate \u2014 NOT a direct measurement",
        "data_provenance": "INFERRED"
      }
    },
    {
      "type": "Feature",
      "geometry": {
        "type": "Point",
        "coordinates": [
          74.04090214778448,
          15.539730623728296
        ]
      },
      "properties": {
        "layer": "interpolated_heatmap",
        "value": 0.4381,
        "label": "Interpolated anomaly intensity",
        "disclaimer": "Interpolated estimate \u2014 NOT a direct measurement",
        "data_provenance": "INFERRED"
      }
    },
    {
      "type": "Feature",
      "geometry": {
        "type": "Point",
        "coordinates": [
          74.04090214778448,
          15.666121409731458
        ]
      },
      "properties": {
        "layer": "interpolated_heatmap",
        "value": 0.4384,
        "label": "Interpolated anomaly intensity",
        "disclaimer": "Interpolated estimate \u2014 NOT a direct measurement",
        "data_provenance": "INFERRED"
      }
    },
    {
      "type": "Feature",
      "geometry": {
        "type": "Point",
        "coordinates": [
          74.04090214778448,
          15.792512195734622
        ]
      },
      "properties": {
        "layer": "interpolated_heatmap",
        "value": 0.4389,
        "label": "Interpolated anomaly intensity",
        "disclaimer": "Interpolated estimate \u2014 NOT a direct measurement",
        "data_provenance": "INFERRED"
      }
    },
    {
      "type": "Feature",
      "geometry": {
        "type": "Point",
        "coordinates": [
          74.04090214778448,
          15.918902981737785
        ]
      },
      "properties": {
        "layer": "interpolated_heatmap",
        "value": 0.4396,
        "label": "Interpolated anomaly intensity",
        "disclaimer": "Interpolated estimate \u2014 NOT a direct measurement",
        "data_provenance": "INFERRED"
      }
    },
    {
      "type": "Feature",
      "geometry": {
        "type": "Point",
        "coordinates": [
          74.04090214778448,
          16.045293767740947
        ]
      },
      "properties": {
        "layer": "interpolated_heatmap",
        "value": 0.4404,
        "label": "Interpolated anomaly intensity",
        "disclaimer": "Interpolated estimate \u2014 NOT a direct measurement",
        "data_provenance": "INFERRED"
      }
    },
    {
      "type": "Feature",
      "geometry": {
        "type": "Point",
        "coordinates": [
          74.04090214778448,
          16.17168455374411
        ]
      },
      "properties": {
        "layer": "interpolated_heatmap",
        "value": 0.4414,
        "label": "Interpolated anomaly intensity",
        "disclaimer": "Interpolated estimate \u2014 NOT a direct measurement",
        "data_provenance": "INFERRED"
      }
    },
    {
      "type": "Feature",
      "geometry": {
        "type": "Point",
        "coordinates": [
          74.04090214778448,
          16.298075339747275
        ]
      },
      "properties": {
        "layer": "interpolated_heatmap",
        "value": 0.4427,
        "label": "Interpolated anomaly intensity",
        "disclaimer": "Interpolated estimate \u2014 NOT a direct measurement",
        "data_provenance": "INFERRED"
      }
    },
    {
      "type": "Feature",
      "geometry": {
        "type": "Point",
        "coordinates": [
          74.04090214778448,
          16.42446612575044
        ]
      },
      "properties": {
        "layer": "interpolated_heatmap",
        "value": 0.4443,
        "label": "Interpolated anomaly intensity",
        "disclaimer": "Interpolated estimate \u2014 NOT a direct measurement",
        "data_provenance": "INFERRED"
      }
    },
    {
      "type": "Feature",
      "geometry": {
        "type": "Point",
        "coordinates": [
          74.04090214778448,
          16.550856911753602
        ]
      },
      "properties": {
        "layer": "interpolated_heatmap",
        "value": 0.4463,
        "label": "Interpolated anomaly intensity",
        "disclaimer": "Interpolated estimate \u2014 NOT a direct measurement",
        "data_provenance": "INFERRED"
      }
    },
    {
      "type": "Feature",
      "geometry": {
        "type": "Point",
        "coordinates": [
          74.04090214778448,
          16.677247697756766
        ]
      },
      "properties": {
        "layer": "interpolated_heatmap",
        "value": 0.4487,
        "label": "Interpolated anomaly intensity",
        "disclaimer": "Interpolated estimate \u2014 NOT a direct measurement",
        "data_provenance": "INFERRED"
      }
    },
    {
      "type": "Feature",
      "geometry": {
        "type": "Point",
        "coordinates": [
          74.04090214778448,
          16.803638483759926
        ]
      },
      "properties": {
        "layer": "interpolated_heatmap",
        "value": 0.4516,
        "label": "Interpolated anomaly intensity",
        "disclaimer": "Interpolated estimate \u2014 NOT a direct measurement",
        "data_provenance": "INFERRED"
      }
    },
    {
      "type": "Feature",
      "geometry": {
        "type": "Point",
        "coordinates": [
          74.04090214778448,
          16.93002926976309
        ]
      },
      "properties": {
        "layer": "interpolated_heatmap",
        "value": 0.4551,
        "label": "Interpolated anomaly intensity",
        "disclaimer": "Interpolated estimate \u2014 NOT a direct measurement",
        "data_provenance": "INFERRED"
      }
    },
    {
      "type": "Feature",
      "geometry": {
        "type": "Point",
        "coordinates": [
          74.04090214778448,
          17.056420055766253
        ]
      },
      "properties": {
        "layer": "interpolated_heatmap",
        "value": 0.4593,
        "label": "Interpolated anomaly intensity",
        "disclaimer": "Interpolated estimate \u2014 NOT a direct measurement",
        "data_provenance": "INFERRED"
      }
    },
    {
      "type": "Feature",
      "geometry": {
        "type": "Point",
        "coordinates": [
          74.04090214778448,
          17.182810841769417
        ]
      },
      "properties": {
        "layer": "interpolated_heatmap",
        "value": 0.4642,
        "label": "Interpolated anomaly intensity",
        "disclaimer": "Interpolated estimate \u2014 NOT a direct measurement",
        "data_provenance": "INFERRED"
      }
    },
    {
      "type": "Feature",
      "geometry": {
        "type": "Point",
        "coordinates": [
          74.04090214778448,
          17.30920162777258
        ]
      },
      "properties": {
        "layer": "interpolated_heatmap",
        "value": 0.4699,
        "label": "Interpolated anomaly intensity",
        "disclaimer": "Interpolated estimate \u2014 NOT a direct measurement",
        "data_provenance": "INFERRED"
      }
    },
    {
      "type": "Feature",
      "geometry": {
        "type": "Point",
        "coordinates": [
          74.04090214778448,
          17.435592413775744
        ]
      },
      "properties": {
        "layer": "interpolated_heatmap",
        "value": 0.4765,
        "label": "Interpolated anomaly intensity",
        "disclaimer": "Interpolated estimate \u2014 NOT a direct measurement",
        "data_provenance": "INFERRED"
      }
    },
    {
      "type": "Feature",
      "geometry": {
        "type": "Point",
        "coordinates": [
          74.04090214778448,
          17.561983199778908
        ]
      },
      "properties": {
        "layer": "interpolated_heatmap",
        "value": 0.4839,
        "label": "Interpolated anomaly intensity",
        "disclaimer": "Interpolated estimate \u2014 NOT a direct measurement",
        "data_provenance": "INFERRED"
      }
    },
    {
      "type": "Feature",
      "geometry": {
        "type": "Point",
        "coordinates": [
          74.04090214778448,
          17.68837398578207
        ]
      },
      "properties": {
        "layer": "interpolated_heatmap",
        "value": 0.492,
        "label": "Interpolated anomaly intensity",
        "disclaimer": "Interpolated estimate \u2014 NOT a direct measurement",
        "data_provenance": "INFERRED"
      }
    },
    {
      "type": "Feature",
      "geometry": {
        "type": "Point",
        "coordinates": [
          74.04090214778448,
          17.814764771785235
        ]
      },
      "properties": {
        "layer": "interpolated_heatmap",
        "value": 0.5007,
        "label": "Interpolated anomaly intensity",
        "disclaimer": "Interpolated estimate \u2014 NOT a direct measurement",
        "data_provenance": "INFERRED"
      }
    },
    {
      "type": "Feature",
      "geometry": {
        "type": "Point",
        "coordinates": [
          74.04090214778448,
          17.941155557788395
        ]
      },
      "properties": {
        "layer": "interpolated_heatmap",
        "value": 0.5097,
        "label": "Interpolated anomaly intensity",
        "disclaimer": "Interpolated estimate \u2014 NOT a direct measurement",
        "data_provenance": "INFERRED"
      }
    },
    {
      "type": "Feature",
      "geometry": {
        "type": "Point",
        "coordinates": [
          74.04090214778448,
          18.06754634379156
        ]
      },
      "properties": {
        "layer": "interpolated_heatmap",
        "value": 0.5187,
        "label": "Interpolated anomaly intensity",
        "disclaimer": "Interpolated estimate \u2014 NOT a direct measurement",
        "data_provenance": "INFERRED"
      }
    },
    {
      "type": "Feature",
      "geometry": {
        "type": "Point",
        "coordinates": [
          74.04090214778448,
          18.193937129794723
        ]
      },
      "properties": {
        "layer": "interpolated_heatmap",
        "value": 0.5272,
        "label": "Interpolated anomaly intensity",
        "disclaimer": "Interpolated estimate \u2014 NOT a direct measurement",
        "data_provenance": "INFERRED"
      }
    },
    {
      "type": "Feature",
      "geometry": {
        "type": "Point",
        "coordinates": [
          74.04090214778448,
          18.320327915797886
        ]
      },
      "properties": {
        "layer": "interpolated_heatmap",
        "value": 0.5348,
        "label": "Interpolated anomaly intensity",
        "disclaimer": "Interpolated estimate \u2014 NOT a direct measurement",
        "data_provenance": "INFERRED"
      }
    },
    {
      "type": "Feature",
      "geometry": {
        "type": "Point",
        "coordinates": [
          74.04090214778448,
          18.44671870180105
        ]
      },
      "properties": {
        "layer": "interpolated_heatmap",
        "value": 0.5412,
        "label": "Interpolated anomaly intensity",
        "disclaimer": "Interpolated estimate \u2014 NOT a direct measurement",
        "data_provenance": "INFERRED"
      }
    },
    {
      "type": "Feature",
      "geometry": {
        "type": "Point",
        "coordinates": [
          74.04090214778448,
          18.573109487804214
        ]
      },
      "properties": {
        "layer": "interpolated_heatmap",
        "value": 0.5461,
        "label": "Interpolated anomaly intensity",
        "disclaimer": "Interpolated estimate \u2014 NOT a direct measurement",
        "data_provenance": "INFERRED"
      }
    },
    {
      "type": "Feature",
      "geometry": {
        "type": "Point",
        "coordinates": [
          74.04090214778448,
          18.699500273807374
        ]
      },
      "properties": {
        "layer": "interpolated_heatmap",
        "value": 0.5494,
        "label": "Interpolated anomaly intensity",
        "disclaimer": "Interpolated estimate \u2014 NOT a direct measurement",
        "data_provenance": "INFERRED"
      }
    },
    {
      "type": "Feature",
      "geometry": {
        "type": "Point",
        "coordinates": [
          74.04090214778448,
          18.825891059810537
        ]
      },
      "properties": {
        "layer": "interpolated_heatmap",
        "value": 0.5512,
        "label": "Interpolated anomaly intensity",
        "disclaimer": "Interpolated estimate \u2014 NOT a direct measurement",
        "data_provenance": "INFERRED"
      }
    },
    {
      "type": "Feature",
      "geometry": {
        "type": "Point",
        "coordinates": [
          74.04090214778448,
          18.9522818458137
        ]
      },
      "properties": {
        "layer": "interpolated_heatmap",
        "value": 0.5516,
        "label": "Interpolated anomaly intensity",
        "disclaimer": "Interpolated estimate \u2014 NOT a direct measurement",
        "data_provenance": "INFERRED"
      }
    },
    {
      "type": "Feature",
      "geometry": {
        "type": "Point",
        "coordinates": [
          74.04090214778448,
          19.078672631816865
        ]
      },
      "properties": {
        "layer": "interpolated_heatmap",
        "value": 0.5508,
        "label": "Interpolated anomaly intensity",
        "disclaimer": "Interpolated estimate \u2014 NOT a direct measurement",
        "data_provenance": "INFERRED"
      }
    },
    {
      "type": "Feature",
      "geometry": {
        "type": "Point",
        "coordinates": [
          74.04090214778448,
          19.20506341782003
        ]
      },
      "properties": {
        "layer": "interpolated_heatmap",
        "value": 0.5491,
        "label": "Interpolated anomaly intensity",
        "disclaimer": "Interpolated estimate \u2014 NOT a direct measurement",
        "data_provenance": "INFERRED"
      }
    },
    {
      "type": "Feature",
      "geometry": {
        "type": "Point",
        "coordinates": [
          74.08448090640731,
          14.275822763696663
        ]
      },
      "properties": {
        "layer": "interpolated_heatmap",
        "value": 0.438,
        "label": "Interpolated anomaly intensity",
        "disclaimer": "Interpolated estimate \u2014 NOT a direct measurement",
        "data_provenance": "INFERRED"
      }
    },
    {
      "type": "Feature",
      "geometry": {
        "type": "Point",
        "coordinates": [
          74.08448090640731,
          14.402213549699827
        ]
      },
      "properties": {
        "layer": "interpolated_heatmap",
        "value": 0.4379,
        "label": "Interpolated anomaly intensity",
        "disclaimer": "Interpolated estimate \u2014 NOT a direct measurement",
        "data_provenance": "INFERRED"
      }
    },
    {
      "type": "Feature",
      "geometry": {
        "type": "Point",
        "coordinates": [
          74.08448090640731,
          14.52860433570299
        ]
      },
      "properties": {
        "layer": "interpolated_heatmap",
        "value": 0.4377,
        "label": "Interpolated anomaly intensity",
        "disclaimer": "Interpolated estimate \u2014 NOT a direct measurement",
        "data_provenance": "INFERRED"
      }
    },
    {
      "type": "Feature",
      "geometry": {
        "type": "Point",
        "coordinates": [
          74.08448090640731,
          14.654995121706152
        ]
      },
      "properties": {
        "layer": "interpolated_heatmap",
        "value": 0.4376,
        "label": "Interpolated anomaly intensity",
        "disclaimer": "Interpolated estimate \u2014 NOT a direct measurement",
        "data_provenance": "INFERRED"
      }
    },
    {
      "type": "Feature",
      "geometry": {
        "type": "Point",
        "coordinates": [
          74.08448090640731,
          14.781385907709316
        ]
      },
      "properties": {
        "layer": "interpolated_heatmap",
        "value": 0.4375,
        "label": "Interpolated anomaly intensity",
        "disclaimer": "Interpolated estimate \u2014 NOT a direct measurement",
        "data_provenance": "INFERRED"
      }
    },
    {
      "type": "Feature",
      "geometry": {
        "type": "Point",
        "coordinates": [
          74.08448090640731,
          14.90777669371248
        ]
      },
      "properties": {
        "layer": "interpolated_heatmap",
        "value": 0.4374,
        "label": "Interpolated anomaly intensity",
        "disclaimer": "Interpolated estimate \u2014 NOT a direct measurement",
        "data_provenance": "INFERRED"
      }
    },
    {
      "type": "Feature",
      "geometry": {
        "type": "Point",
        "coordinates": [
          74.08448090640731,
          15.034167479715641
        ]
      },
      "properties": {
        "layer": "interpolated_heatmap",
        "value": 0.4373,
        "label": "Interpolated anomaly intensity",
        "disclaimer": "Interpolated estimate \u2014 NOT a direct measurement",
        "data_provenance": "INFERRED"
      }
    },
    {
      "type": "Feature",
      "geometry": {
        "type": "Point",
        "coordinates": [
          74.08448090640731,
          15.160558265718805
        ]
      },
      "properties": {
        "layer": "interpolated_heatmap",
        "value": 0.4375,
        "label": "Interpolated anomaly intensity",
        "disclaimer": "Interpolated estimate \u2014 NOT a direct measurement",
        "data_provenance": "INFERRED"
      }
    },
    {
      "type": "Feature",
      "geometry": {
        "type": "Point",
        "coordinates": [
          74.08448090640731,
          15.286949051721969
        ]
      },
      "properties": {
        "layer": "interpolated_heatmap",
        "value": 0.4376,
        "label": "Interpolated anomaly intensity",
        "disclaimer": "Interpolated estimate \u2014 NOT a direct measurement",
        "data_provenance": "INFERRED"
      }
    },
    {
      "type": "Feature",
      "geometry": {
        "type": "Point",
        "coordinates": [
          74.08448090640731,
          15.413339837725132
        ]
      },
      "properties": {
        "layer": "interpolated_heatmap",
        "value": 0.4378,
        "label": "Interpolated anomaly intensity",
        "disclaimer": "Interpolated estimate \u2014 NOT a direct measurement",
        "data_provenance": "INFERRED"
      }
    },
    {
      "type": "Feature",
      "geometry": {
        "type": "Point",
        "coordinates": [
          74.08448090640731,
          15.539730623728296
        ]
      },
      "properties": {
        "layer": "interpolated_heatmap",
        "value": 0.4381,
        "label": "Interpolated anomaly intensity",
        "disclaimer": "Interpolated estimate \u2014 NOT a direct measurement",
        "data_provenance": "INFERRED"
      }
    },
    {
      "type": "Feature",
      "geometry": {
        "type": "Point",
        "coordinates": [
          74.08448090640731,
          15.666121409731458
        ]
      },
      "properties": {
        "layer": "interpolated_heatmap",
        "value": 0.4384,
        "label": "Interpolated anomaly intensity",
        "disclaimer": "Interpolated estimate \u2014 NOT a direct measurement",
        "data_provenance": "INFERRED"
      }
    },
    {
      "type": "Feature",
      "geometry": {
        "type": "Point",
        "coordinates": [
          74.08448090640731,
          15.792512195734622
        ]
      },
      "properties": {
        "layer": "interpolated_heatmap",
        "value": 0.4389,
        "label": "Interpolated anomaly intensity",
        "disclaimer": "Interpolated estimate \u2014 NOT a direct measurement",
        "data_provenance": "INFERRED"
      }
    },
    {
      "type": "Feature",
      "geometry": {
        "type": "Point",
        "coordinates": [
          74.08448090640731,
          15.918902981737785
        ]
      },
      "properties": {
        "layer": "interpolated_heatmap",
        "value": 0.4396,
        "label": "Interpolated anomaly intensity",
        "disclaimer": "Interpolated estimate \u2014 NOT a direct measurement",
        "data_provenance": "INFERRED"
      }
    },
    {
      "type": "Feature",
      "geometry": {
        "type": "Point",
        "coordinates": [
          74.08448090640731,
          16.045293767740947
        ]
      },
      "properties": {
        "layer": "interpolated_heatmap",
        "value": 0.4404,
        "label": "Interpolated anomaly intensity",
        "disclaimer": "Interpolated estimate \u2014 NOT a direct measurement",
        "data_provenance": "INFERRED"
      }
    },
    {
      "type": "Feature",
      "geometry": {
        "type": "Point",
        "coordinates": [
          74.08448090640731,
          16.17168455374411
        ]
      },
      "properties": {
        "layer": "interpolated_heatmap",
        "value": 0.4414,
        "label": "Interpolated anomaly intensity",
        "disclaimer": "Interpolated estimate \u2014 NOT a direct measurement",
        "data_provenance": "INFERRED"
      }
    },
    {
      "type": "Feature",
      "geometry": {
        "type": "Point",
        "coordinates": [
          74.08448090640731,
          16.298075339747275
        ]
      },
      "properties": {
        "layer": "interpolated_heatmap",
        "value": 0.4427,
        "label": "Interpolated anomaly intensity",
        "disclaimer": "Interpolated estimate \u2014 NOT a direct measurement",
        "data_provenance": "INFERRED"
      }
    },
    {
      "type": "Feature",
      "geometry": {
        "type": "Point",
        "coordinates": [
          74.08448090640731,
          16.42446612575044
        ]
      },
      "properties": {
        "layer": "interpolated_heatmap",
        "value": 0.4442,
        "label": "Interpolated anomaly intensity",
        "disclaimer": "Interpolated estimate \u2014 NOT a direct measurement",
        "data_provenance": "INFERRED"
      }
    },
    {
      "type": "Feature",
      "geometry": {
        "type": "Point",
        "coordinates": [
          74.08448090640731,
          16.550856911753602
        ]
      },
      "properties": {
        "layer": "interpolated_heatmap",
        "value": 0.4462,
        "label": "Interpolated anomaly intensity",
        "disclaimer": "Interpolated estimate \u2014 NOT a direct measurement",
        "data_provenance": "INFERRED"
      }
    },
    {
      "type": "Feature",
      "geometry": {
        "type": "Point",
        "coordinates": [
          74.08448090640731,
          16.677247697756766
        ]
      },
      "properties": {
        "layer": "interpolated_heatmap",
        "value": 0.4485,
        "label": "Interpolated anomaly intensity",
        "disclaimer": "Interpolated estimate \u2014 NOT a direct measurement",
        "data_provenance": "INFERRED"
      }
    },
    {
      "type": "Feature",
      "geometry": {
        "type": "Point",
        "coordinates": [
          74.08448090640731,
          16.803638483759926
        ]
      },
      "properties": {
        "layer": "interpolated_heatmap",
        "value": 0.4513,
        "label": "Interpolated anomaly intensity",
        "disclaimer": "Interpolated estimate \u2014 NOT a direct measurement",
        "data_provenance": "INFERRED"
      }
    },
    {
      "type": "Feature",
      "geometry": {
        "type": "Point",
        "coordinates": [
          74.08448090640731,
          16.93002926976309
        ]
      },
      "properties": {
        "layer": "interpolated_heatmap",
        "value": 0.4547,
        "label": "Interpolated anomaly intensity",
        "disclaimer": "Interpolated estimate \u2014 NOT a direct measurement",
        "data_provenance": "INFERRED"
      }
    },
    {
      "type": "Feature",
      "geometry": {
        "type": "Point",
        "coordinates": [
          74.08448090640731,
          17.056420055766253
        ]
      },
      "properties": {
        "layer": "interpolated_heatmap",
        "value": 0.4587,
        "label": "Interpolated anomaly intensity",
        "disclaimer": "Interpolated estimate \u2014 NOT a direct measurement",
        "data_provenance": "INFERRED"
      }
    },
    {
      "type": "Feature",
      "geometry": {
        "type": "Point",
        "coordinates": [
          74.08448090640731,
          17.182810841769417
        ]
      },
      "properties": {
        "layer": "interpolated_heatmap",
        "value": 0.4634,
        "label": "Interpolated anomaly intensity",
        "disclaimer": "Interpolated estimate \u2014 NOT a direct measurement",
        "data_provenance": "INFERRED"
      }
    },
    {
      "type": "Feature",
      "geometry": {
        "type": "Point",
        "coordinates": [
          74.08448090640731,
          17.30920162777258
        ]
      },
      "properties": {
        "layer": "interpolated_heatmap",
        "value": 0.4689,
        "label": "Interpolated anomaly intensity",
        "disclaimer": "Interpolated estimate \u2014 NOT a direct measurement",
        "data_provenance": "INFERRED"
      }
    },
    {
      "type": "Feature",
      "geometry": {
        "type": "Point",
        "coordinates": [
          74.08448090640731,
          17.435592413775744
        ]
      },
      "properties": {
        "layer": "interpolated_heatmap",
        "value": 0.4751,
        "label": "Interpolated anomaly intensity",
        "disclaimer": "Interpolated estimate \u2014 NOT a direct measurement",
        "data_provenance": "INFERRED"
      }
    },
    {
      "type": "Feature",
      "geometry": {
        "type": "Point",
        "coordinates": [
          74.08448090640731,
          17.561983199778908
        ]
      },
      "properties": {
        "layer": "interpolated_heatmap",
        "value": 0.4822,
        "label": "Interpolated anomaly intensity",
        "disclaimer": "Interpolated estimate \u2014 NOT a direct measurement",
        "data_provenance": "INFERRED"
      }
    },
    {
      "type": "Feature",
      "geometry": {
        "type": "Point",
        "coordinates": [
          74.08448090640731,
          17.68837398578207
        ]
      },
      "properties": {
        "layer": "interpolated_heatmap",
        "value": 0.4899,
        "label": "Interpolated anomaly intensity",
        "disclaimer": "Interpolated estimate \u2014 NOT a direct measurement",
        "data_provenance": "INFERRED"
      }
    },
    {
      "type": "Feature",
      "geometry": {
        "type": "Point",
        "coordinates": [
          74.08448090640731,
          17.814764771785235
        ]
      },
      "properties": {
        "layer": "interpolated_heatmap",
        "value": 0.4981,
        "label": "Interpolated anomaly intensity",
        "disclaimer": "Interpolated estimate \u2014 NOT a direct measurement",
        "data_provenance": "INFERRED"
      }
    },
    {
      "type": "Feature",
      "geometry": {
        "type": "Point",
        "coordinates": [
          74.08448090640731,
          17.941155557788395
        ]
      },
      "properties": {
        "layer": "interpolated_heatmap",
        "value": 0.5066,
        "label": "Interpolated anomaly intensity",
        "disclaimer": "Interpolated estimate \u2014 NOT a direct measurement",
        "data_provenance": "INFERRED"
      }
    },
    {
      "type": "Feature",
      "geometry": {
        "type": "Point",
        "coordinates": [
          74.08448090640731,
          18.06754634379156
        ]
      },
      "properties": {
        "layer": "interpolated_heatmap",
        "value": 0.515,
        "label": "Interpolated anomaly intensity",
        "disclaimer": "Interpolated estimate \u2014 NOT a direct measurement",
        "data_provenance": "INFERRED"
      }
    },
    {
      "type": "Feature",
      "geometry": {
        "type": "Point",
        "coordinates": [
          74.08448090640731,
          18.193937129794723
        ]
      },
      "properties": {
        "layer": "interpolated_heatmap",
        "value": 0.5231,
        "label": "Interpolated anomaly intensity",
        "disclaimer": "Interpolated estimate \u2014 NOT a direct measurement",
        "data_provenance": "INFERRED"
      }
    },
    {
      "type": "Feature",
      "geometry": {
        "type": "Point",
        "coordinates": [
          74.08448090640731,
          18.320327915797886
        ]
      },
      "properties": {
        "layer": "interpolated_heatmap",
        "value": 0.5303,
        "label": "Interpolated anomaly intensity",
        "disclaimer": "Interpolated estimate \u2014 NOT a direct measurement",
        "data_provenance": "INFERRED"
      }
    },
    {
      "type": "Feature",
      "geometry": {
        "type": "Point",
        "coordinates": [
          74.08448090640731,
          18.44671870180105
        ]
      },
      "properties": {
        "layer": "interpolated_heatmap",
        "value": 0.5364,
        "label": "Interpolated anomaly intensity",
        "disclaimer": "Interpolated estimate \u2014 NOT a direct measurement",
        "data_provenance": "INFERRED"
      }
    },
    {
      "type": "Feature",
      "geometry": {
        "type": "Point",
        "coordinates": [
          74.08448090640731,
          18.573109487804214
        ]
      },
      "properties": {
        "layer": "interpolated_heatmap",
        "value": 0.5412,
        "label": "Interpolated anomaly intensity",
        "disclaimer": "Interpolated estimate \u2014 NOT a direct measurement",
        "data_provenance": "INFERRED"
      }
    },
    {
      "type": "Feature",
      "geometry": {
        "type": "Point",
        "coordinates": [
          74.08448090640731,
          18.699500273807374
        ]
      },
      "properties": {
        "layer": "interpolated_heatmap",
        "value": 0.5446,
        "label": "Interpolated anomaly intensity",
        "disclaimer": "Interpolated estimate \u2014 NOT a direct measurement",
        "data_provenance": "INFERRED"
      }
    },
    {
      "type": "Feature",
      "geometry": {
        "type": "Point",
        "coordinates": [
          74.08448090640731,
          18.825891059810537
        ]
      },
      "properties": {
        "layer": "interpolated_heatmap",
        "value": 0.5465,
        "label": "Interpolated anomaly intensity",
        "disclaimer": "Interpolated estimate \u2014 NOT a direct measurement",
        "data_provenance": "INFERRED"
      }
    },
    {
      "type": "Feature",
      "geometry": {
        "type": "Point",
        "coordinates": [
          74.08448090640731,
          18.9522818458137
        ]
      },
      "properties": {
        "layer": "interpolated_heatmap",
        "value": 0.5472,
        "label": "Interpolated anomaly intensity",
        "disclaimer": "Interpolated estimate \u2014 NOT a direct measurement",
        "data_provenance": "INFERRED"
      }
    },
    {
      "type": "Feature",
      "geometry": {
        "type": "Point",
        "coordinates": [
          74.08448090640731,
          19.078672631816865
        ]
      },
      "properties": {
        "layer": "interpolated_heatmap",
        "value": 0.5467,
        "label": "Interpolated anomaly intensity",
        "disclaimer": "Interpolated estimate \u2014 NOT a direct measurement",
        "data_provenance": "INFERRED"
      }
    },
    {
      "type": "Feature",
      "geometry": {
        "type": "Point",
        "coordinates": [
          74.08448090640731,
          19.20506341782003
        ]
      },
      "properties": {
        "layer": "interpolated_heatmap",
        "value": 0.5454,
        "label": "Interpolated anomaly intensity",
        "disclaimer": "Interpolated estimate \u2014 NOT a direct measurement",
        "data_provenance": "INFERRED"
      }
    },
    {
      "type": "Feature",
      "geometry": {
        "type": "Point",
        "coordinates": [
          74.12805966503014,
          14.275822763696663
        ]
      },
      "properties": {
        "layer": "interpolated_heatmap",
        "value": 0.438,
        "label": "Interpolated anomaly intensity",
        "disclaimer": "Interpolated estimate \u2014 NOT a direct measurement",
        "data_provenance": "INFERRED"
      }
    },
    {
      "type": "Feature",
      "geometry": {
        "type": "Point",
        "coordinates": [
          74.12805966503014,
          14.402213549699827
        ]
      },
      "properties": {
        "layer": "interpolated_heatmap",
        "value": 0.4379,
        "label": "Interpolated anomaly intensity",
        "disclaimer": "Interpolated estimate \u2014 NOT a direct measurement",
        "data_provenance": "INFERRED"
      }
    },
    {
      "type": "Feature",
      "geometry": {
        "type": "Point",
        "coordinates": [
          74.12805966503014,
          14.52860433570299
        ]
      },
      "properties": {
        "layer": "interpolated_heatmap",
        "value": 0.4377,
        "label": "Interpolated anomaly intensity",
        "disclaimer": "Interpolated estimate \u2014 NOT a direct measurement",
        "data_provenance": "INFERRED"
      }
    },
    {
      "type": "Feature",
      "geometry": {
        "type": "Point",
        "coordinates": [
          74.12805966503014,
          14.654995121706152
        ]
      },
      "properties": {
        "layer": "interpolated_heatmap",
        "value": 0.4376,
        "label": "Interpolated anomaly intensity",
        "disclaimer": "Interpolated estimate \u2014 NOT a direct measurement",
        "data_provenance": "INFERRED"
      }
    },
    {
      "type": "Feature",
      "geometry": {
        "type": "Point",
        "coordinates": [
          74.12805966503014,
          14.781385907709316
        ]
      },
      "properties": {
        "layer": "interpolated_heatmap",
        "value": 0.4375,
        "label": "Interpolated anomaly intensity",
        "disclaimer": "Interpolated estimate \u2014 NOT a direct measurement",
        "data_provenance": "INFERRED"
      }
    },
    {
      "type": "Feature",
      "geometry": {
        "type": "Point",
        "coordinates": [
          74.12805966503014,
          14.90777669371248
        ]
      },
      "properties": {
        "layer": "interpolated_heatmap",
        "value": 0.4374,
        "label": "Interpolated anomaly intensity",
        "disclaimer": "Interpolated estimate \u2014 NOT a direct measurement",
        "data_provenance": "INFERRED"
      }
    },
    {
      "type": "Feature",
      "geometry": {
        "type": "Point",
        "coordinates": [
          74.12805966503014,
          15.034167479715641
        ]
      },
      "properties": {
        "layer": "interpolated_heatmap",
        "value": 0.4373,
        "label": "Interpolated anomaly intensity",
        "disclaimer": "Interpolated estimate \u2014 NOT a direct measurement",
        "data_provenance": "INFERRED"
      }
    },
    {
      "type": "Feature",
      "geometry": {
        "type": "Point",
        "coordinates": [
          74.12805966503014,
          15.160558265718805
        ]
      },
      "properties": {
        "layer": "interpolated_heatmap",
        "value": 0.4375,
        "label": "Interpolated anomaly intensity",
        "disclaimer": "Interpolated estimate \u2014 NOT a direct measurement",
        "data_provenance": "INFERRED"
      }
    },
    {
      "type": "Feature",
      "geometry": {
        "type": "Point",
        "coordinates": [
          74.12805966503014,
          15.286949051721969
        ]
      },
      "properties": {
        "layer": "interpolated_heatmap",
        "value": 0.4376,
        "label": "Interpolated anomaly intensity",
        "disclaimer": "Interpolated estimate \u2014 NOT a direct measurement",
        "data_provenance": "INFERRED"
      }
    },
    {
      "type": "Feature",
      "geometry": {
        "type": "Point",
        "coordinates": [
          74.12805966503014,
          15.413339837725132
        ]
      },
      "properties": {
        "layer": "interpolated_heatmap",
        "value": 0.4378,
        "label": "Interpolated anomaly intensity",
        "disclaimer": "Interpolated estimate \u2014 NOT a direct measurement",
        "data_provenance": "INFERRED"
      }
    },
    {
      "type": "Feature",
      "geometry": {
        "type": "Point",
        "coordinates": [
          74.12805966503014,
          15.539730623728296
        ]
      },
      "properties": {
        "layer": "interpolated_heatmap",
        "value": 0.4381,
        "label": "Interpolated anomaly intensity",
        "disclaimer": "Interpolated estimate \u2014 NOT a direct measurement",
        "data_provenance": "INFERRED"
      }
    },
    {
      "type": "Feature",
      "geometry": {
        "type": "Point",
        "coordinates": [
          74.12805966503014,
          15.666121409731458
        ]
      },
      "properties": {
        "layer": "interpolated_heatmap",
        "value": 0.4384,
        "label": "Interpolated anomaly intensity",
        "disclaimer": "Interpolated estimate \u2014 NOT a direct measurement",
        "data_provenance": "INFERRED"
      }
    },
    {
      "type": "Feature",
      "geometry": {
        "type": "Point",
        "coordinates": [
          74.12805966503014,
          15.792512195734622
        ]
      },
      "properties": {
        "layer": "interpolated_heatmap",
        "value": 0.4389,
        "label": "Interpolated anomaly intensity",
        "disclaimer": "Interpolated estimate \u2014 NOT a direct measurement",
        "data_provenance": "INFERRED"
      }
    },
    {
      "type": "Feature",
      "geometry": {
        "type": "Point",
        "coordinates": [
          74.12805966503014,
          15.918902981737785
        ]
      },
      "properties": {
        "layer": "interpolated_heatmap",
        "value": 0.4396,
        "label": "Interpolated anomaly intensity",
        "disclaimer": "Interpolated estimate \u2014 NOT a direct measurement",
        "data_provenance": "INFERRED"
      }
    },
    {
      "type": "Feature",
      "geometry": {
        "type": "Point",
        "coordinates": [
          74.12805966503014,
          16.045293767740947
        ]
      },
      "properties": {
        "layer": "interpolated_heatmap",
        "value": 0.4404,
        "label": "Interpolated anomaly intensity",
        "disclaimer": "Interpolated estimate \u2014 NOT a direct measurement",
        "data_provenance": "INFERRED"
      }
    },
    {
      "type": "Feature",
      "geometry": {
        "type": "Point",
        "coordinates": [
          74.12805966503014,
          16.17168455374411
        ]
      },
      "properties": {
        "layer": "interpolated_heatmap",
        "value": 0.4414,
        "label": "Interpolated anomaly intensity",
        "disclaimer": "Interpolated estimate \u2014 NOT a direct measurement",
        "data_provenance": "INFERRED"
      }
    },
    {
      "type": "Feature",
      "geometry": {
        "type": "Point",
        "coordinates": [
          74.12805966503014,
          16.298075339747275
        ]
      },
      "properties": {
        "layer": "interpolated_heatmap",
        "value": 0.4426,
        "label": "Interpolated anomaly intensity",
        "disclaimer": "Interpolated estimate \u2014 NOT a direct measurement",
        "data_provenance": "INFERRED"
      }
    },
    {
      "type": "Feature",
      "geometry": {
        "type": "Point",
        "coordinates": [
          74.12805966503014,
          16.42446612575044
        ]
      },
      "properties": {
        "layer": "interpolated_heatmap",
        "value": 0.4441,
        "label": "Interpolated anomaly intensity",
        "disclaimer": "Interpolated estimate \u2014 NOT a direct measurement",
        "data_provenance": "INFERRED"
      }
    },
    {
      "type": "Feature",
      "geometry": {
        "type": "Point",
        "coordinates": [
          74.12805966503014,
          16.550856911753602
        ]
      },
      "properties": {
        "layer": "interpolated_heatmap",
        "value": 0.446,
        "label": "Interpolated anomaly intensity",
        "disclaimer": "Interpolated estimate \u2014 NOT a direct measurement",
        "data_provenance": "INFERRED"
      }
    },
    {
      "type": "Feature",
      "geometry": {
        "type": "Point",
        "coordinates": [
          74.12805966503014,
          16.677247697756766
        ]
      },
      "properties": {
        "layer": "interpolated_heatmap",
        "value": 0.4483,
        "label": "Interpolated anomaly intensity",
        "disclaimer": "Interpolated estimate \u2014 NOT a direct measurement",
        "data_provenance": "INFERRED"
      }
    },
    {
      "type": "Feature",
      "geometry": {
        "type": "Point",
        "coordinates": [
          74.12805966503014,
          16.803638483759926
        ]
      },
      "properties": {
        "layer": "interpolated_heatmap",
        "value": 0.451,
        "label": "Interpolated anomaly intensity",
        "disclaimer": "Interpolated estimate \u2014 NOT a direct measurement",
        "data_provenance": "INFERRED"
      }
    },
    {
      "type": "Feature",
      "geometry": {
        "type": "Point",
        "coordinates": [
          74.12805966503014,
          16.93002926976309
        ]
      },
      "properties": {
        "layer": "interpolated_heatmap",
        "value": 0.4543,
        "label": "Interpolated anomaly intensity",
        "disclaimer": "Interpolated estimate \u2014 NOT a direct measurement",
        "data_provenance": "INFERRED"
      }
    },
    {
      "type": "Feature",
      "geometry": {
        "type": "Point",
        "coordinates": [
          74.12805966503014,
          17.056420055766253
        ]
      },
      "properties": {
        "layer": "interpolated_heatmap",
        "value": 0.4582,
        "label": "Interpolated anomaly intensity",
        "disclaimer": "Interpolated estimate \u2014 NOT a direct measurement",
        "data_provenance": "INFERRED"
      }
    },
    {
      "type": "Feature",
      "geometry": {
        "type": "Point",
        "coordinates": [
          74.12805966503014,
          17.182810841769417
        ]
      },
      "properties": {
        "layer": "interpolated_heatmap",
        "value": 0.4627,
        "label": "Interpolated anomaly intensity",
        "disclaimer": "Interpolated estimate \u2014 NOT a direct measurement",
        "data_provenance": "INFERRED"
      }
    },
    {
      "type": "Feature",
      "geometry": {
        "type": "Point",
        "coordinates": [
          74.12805966503014,
          17.30920162777258
        ]
      },
      "properties": {
        "layer": "interpolated_heatmap",
        "value": 0.4679,
        "label": "Interpolated anomaly intensity",
        "disclaimer": "Interpolated estimate \u2014 NOT a direct measurement",
        "data_provenance": "INFERRED"
      }
    },
    {
      "type": "Feature",
      "geometry": {
        "type": "Point",
        "coordinates": [
          74.12805966503014,
          17.435592413775744
        ]
      },
      "properties": {
        "layer": "interpolated_heatmap",
        "value": 0.4739,
        "label": "Interpolated anomaly intensity",
        "disclaimer": "Interpolated estimate \u2014 NOT a direct measurement",
        "data_provenance": "INFERRED"
      }
    },
    {
      "type": "Feature",
      "geometry": {
        "type": "Point",
        "coordinates": [
          74.12805966503014,
          17.561983199778908
        ]
      },
      "properties": {
        "layer": "interpolated_heatmap",
        "value": 0.4805,
        "label": "Interpolated anomaly intensity",
        "disclaimer": "Interpolated estimate \u2014 NOT a direct measurement",
        "data_provenance": "INFERRED"
      }
    },
    {
      "type": "Feature",
      "geometry": {
        "type": "Point",
        "coordinates": [
          74.12805966503014,
          17.68837398578207
        ]
      },
      "properties": {
        "layer": "interpolated_heatmap",
        "value": 0.4878,
        "label": "Interpolated anomaly intensity",
        "disclaimer": "Interpolated estimate \u2014 NOT a direct measurement",
        "data_provenance": "INFERRED"
      }
    },
    {
      "type": "Feature",
      "geometry": {
        "type": "Point",
        "coordinates": [
          74.12805966503014,
          17.814764771785235
        ]
      },
      "properties": {
        "layer": "interpolated_heatmap",
        "value": 0.4956,
        "label": "Interpolated anomaly intensity",
        "disclaimer": "Interpolated estimate \u2014 NOT a direct measurement",
        "data_provenance": "INFERRED"
      }
    },
    {
      "type": "Feature",
      "geometry": {
        "type": "Point",
        "coordinates": [
          74.12805966503014,
          17.941155557788395
        ]
      },
      "properties": {
        "layer": "interpolated_heatmap",
        "value": 0.5036,
        "label": "Interpolated anomaly intensity",
        "disclaimer": "Interpolated estimate \u2014 NOT a direct measurement",
        "data_provenance": "INFERRED"
      }
    },
    {
      "type": "Feature",
      "geometry": {
        "type": "Point",
        "coordinates": [
          74.12805966503014,
          18.06754634379156
        ]
      },
      "properties": {
        "layer": "interpolated_heatmap",
        "value": 0.5116,
        "label": "Interpolated anomaly intensity",
        "disclaimer": "Interpolated estimate \u2014 NOT a direct measurement",
        "data_provenance": "INFERRED"
      }
    },
    {
      "type": "Feature",
      "geometry": {
        "type": "Point",
        "coordinates": [
          74.12805966503014,
          18.193937129794723
        ]
      },
      "properties": {
        "layer": "interpolated_heatmap",
        "value": 0.5192,
        "label": "Interpolated anomaly intensity",
        "disclaimer": "Interpolated estimate \u2014 NOT a direct measurement",
        "data_provenance": "INFERRED"
      }
    },
    {
      "type": "Feature",
      "geometry": {
        "type": "Point",
        "coordinates": [
          74.12805966503014,
          18.320327915797886
        ]
      },
      "properties": {
        "layer": "interpolated_heatmap",
        "value": 0.5261,
        "label": "Interpolated anomaly intensity",
        "disclaimer": "Interpolated estimate \u2014 NOT a direct measurement",
        "data_provenance": "INFERRED"
      }
    },
    {
      "type": "Feature",
      "geometry": {
        "type": "Point",
        "coordinates": [
          74.12805966503014,
          18.44671870180105
        ]
      },
      "properties": {
        "layer": "interpolated_heatmap",
        "value": 0.532,
        "label": "Interpolated anomaly intensity",
        "disclaimer": "Interpolated estimate \u2014 NOT a direct measurement",
        "data_provenance": "INFERRED"
      }
    },
    {
      "type": "Feature",
      "geometry": {
        "type": "Point",
        "coordinates": [
          74.12805966503014,
          18.573109487804214
        ]
      },
      "properties": {
        "layer": "interpolated_heatmap",
        "value": 0.5367,
        "label": "Interpolated anomaly intensity",
        "disclaimer": "Interpolated estimate \u2014 NOT a direct measurement",
        "data_provenance": "INFERRED"
      }
    },
    {
      "type": "Feature",
      "geometry": {
        "type": "Point",
        "coordinates": [
          74.12805966503014,
          18.699500273807374
        ]
      },
      "properties": {
        "layer": "interpolated_heatmap",
        "value": 0.54,
        "label": "Interpolated anomaly intensity",
        "disclaimer": "Interpolated estimate \u2014 NOT a direct measurement",
        "data_provenance": "INFERRED"
      }
    },
    {
      "type": "Feature",
      "geometry": {
        "type": "Point",
        "coordinates": [
          74.12805966503014,
          18.825891059810537
        ]
      },
      "properties": {
        "layer": "interpolated_heatmap",
        "value": 0.5421,
        "label": "Interpolated anomaly intensity",
        "disclaimer": "Interpolated estimate \u2014 NOT a direct measurement",
        "data_provenance": "INFERRED"
      }
    },
    {
      "type": "Feature",
      "geometry": {
        "type": "Point",
        "coordinates": [
          74.12805966503014,
          18.9522818458137
        ]
      },
      "properties": {
        "layer": "interpolated_heatmap",
        "value": 0.543,
        "label": "Interpolated anomaly intensity",
        "disclaimer": "Interpolated estimate \u2014 NOT a direct measurement",
        "data_provenance": "INFERRED"
      }
    },
    {
      "type": "Feature",
      "geometry": {
        "type": "Point",
        "coordinates": [
          74.12805966503014,
          19.078672631816865
        ]
      },
      "properties": {
        "layer": "interpolated_heatmap",
        "value": 0.5428,
        "label": "Interpolated anomaly intensity",
        "disclaimer": "Interpolated estimate \u2014 NOT a direct measurement",
        "data_provenance": "INFERRED"
      }
    },
    {
      "type": "Feature",
      "geometry": {
        "type": "Point",
        "coordinates": [
          74.12805966503014,
          19.20506341782003
        ]
      },
      "properties": {
        "layer": "interpolated_heatmap",
        "value": 0.5418,
        "label": "Interpolated anomaly intensity",
        "disclaimer": "Interpolated estimate \u2014 NOT a direct measurement",
        "data_provenance": "INFERRED"
      }
    },
    {
      "type": "Feature",
      "geometry": {
        "type": "Point",
        "coordinates": [
          74.17163842365298,
          14.275822763696663
        ]
      },
      "properties": {
        "layer": "interpolated_heatmap",
        "value": 0.438,
        "label": "Interpolated anomaly intensity",
        "disclaimer": "Interpolated estimate \u2014 NOT a direct measurement",
        "data_provenance": "INFERRED"
      }
    },
    {
      "type": "Feature",
      "geometry": {
        "type": "Point",
        "coordinates": [
          74.17163842365298,
          14.402213549699827
        ]
      },
      "properties": {
        "layer": "interpolated_heatmap",
        "value": 0.4379,
        "label": "Interpolated anomaly intensity",
        "disclaimer": "Interpolated estimate \u2014 NOT a direct measurement",
        "data_provenance": "INFERRED"
      }
    },
    {
      "type": "Feature",
      "geometry": {
        "type": "Point",
        "coordinates": [
          74.17163842365298,
          14.52860433570299
        ]
      },
      "properties": {
        "layer": "interpolated_heatmap",
        "value": 0.4378,
        "label": "Interpolated anomaly intensity",
        "disclaimer": "Interpolated estimate \u2014 NOT a direct measurement",
        "data_provenance": "INFERRED"
      }
    },
    {
      "type": "Feature",
      "geometry": {
        "type": "Point",
        "coordinates": [
          74.17163842365298,
          14.654995121706152
        ]
      },
      "properties": {
        "layer": "interpolated_heatmap",
        "value": 0.4376,
        "label": "Interpolated anomaly intensity",
        "disclaimer": "Interpolated estimate \u2014 NOT a direct measurement",
        "data_provenance": "INFERRED"
      }
    },
    {
      "type": "Feature",
      "geometry": {
        "type": "Point",
        "coordinates": [
          74.17163842365298,
          14.781385907709316
        ]
      },
      "properties": {
        "layer": "interpolated_heatmap",
        "value": 0.4375,
        "label": "Interpolated anomaly intensity",
        "disclaimer": "Interpolated estimate \u2014 NOT a direct measurement",
        "data_provenance": "INFERRED"
      }
    },
    {
      "type": "Feature",
      "geometry": {
        "type": "Point",
        "coordinates": [
          74.17163842365298,
          14.90777669371248
        ]
      },
      "properties": {
        "layer": "interpolated_heatmap",
        "value": 0.4374,
        "label": "Interpolated anomaly intensity",
        "disclaimer": "Interpolated estimate \u2014 NOT a direct measurement",
        "data_provenance": "INFERRED"
      }
    },
    {
      "type": "Feature",
      "geometry": {
        "type": "Point",
        "coordinates": [
          74.17163842365298,
          15.034167479715641
        ]
      },
      "properties": {
        "layer": "interpolated_heatmap",
        "value": 0.4374,
        "label": "Interpolated anomaly intensity",
        "disclaimer": "Interpolated estimate \u2014 NOT a direct measurement",
        "data_provenance": "INFERRED"
      }
    },
    {
      "type": "Feature",
      "geometry": {
        "type": "Point",
        "coordinates": [
          74.17163842365298,
          15.160558265718805
        ]
      },
      "properties": {
        "layer": "interpolated_heatmap",
        "value": 0.4375,
        "label": "Interpolated anomaly intensity",
        "disclaimer": "Interpolated estimate \u2014 NOT a direct measurement",
        "data_provenance": "INFERRED"
      }
    },
    {
      "type": "Feature",
      "geometry": {
        "type": "Point",
        "coordinates": [
          74.17163842365298,
          15.286949051721969
        ]
      },
      "properties": {
        "layer": "interpolated_heatmap",
        "value": 0.4376,
        "label": "Interpolated anomaly intensity",
        "disclaimer": "Interpolated estimate \u2014 NOT a direct measurement",
        "data_provenance": "INFERRED"
      }
    },
    {
      "type": "Feature",
      "geometry": {
        "type": "Point",
        "coordinates": [
          74.17163842365298,
          15.413339837725132
        ]
      },
      "properties": {
        "layer": "interpolated_heatmap",
        "value": 0.4378,
        "label": "Interpolated anomaly intensity",
        "disclaimer": "Interpolated estimate \u2014 NOT a direct measurement",
        "data_provenance": "INFERRED"
      }
    },
    {
      "type": "Feature",
      "geometry": {
        "type": "Point",
        "coordinates": [
          74.17163842365298,
          15.539730623728296
        ]
      },
      "properties": {
        "layer": "interpolated_heatmap",
        "value": 0.4381,
        "label": "Interpolated anomaly intensity",
        "disclaimer": "Interpolated estimate \u2014 NOT a direct measurement",
        "data_provenance": "INFERRED"
      }
    },
    {
      "type": "Feature",
      "geometry": {
        "type": "Point",
        "coordinates": [
          74.17163842365298,
          15.666121409731458
        ]
      },
      "properties": {
        "layer": "interpolated_heatmap",
        "value": 0.4385,
        "label": "Interpolated anomaly intensity",
        "disclaimer": "Interpolated estimate \u2014 NOT a direct measurement",
        "data_provenance": "INFERRED"
      }
    },
    {
      "type": "Feature",
      "geometry": {
        "type": "Point",
        "coordinates": [
          74.17163842365298,
          15.792512195734622
        ]
      },
      "properties": {
        "layer": "interpolated_heatmap",
        "value": 0.4389,
        "label": "Interpolated anomaly intensity",
        "disclaimer": "Interpolated estimate \u2014 NOT a direct measurement",
        "data_provenance": "INFERRED"
      }
    },
    {
      "type": "Feature",
      "geometry": {
        "type": "Point",
        "coordinates": [
          74.17163842365298,
          15.918902981737785
        ]
      },
      "properties": {
        "layer": "interpolated_heatmap",
        "value": 0.4396,
        "label": "Interpolated anomaly intensity",
        "disclaimer": "Interpolated estimate \u2014 NOT a direct measurement",
        "data_provenance": "INFERRED"
      }
    },
    {
      "type": "Feature",
      "geometry": {
        "type": "Point",
        "coordinates": [
          74.17163842365298,
          16.045293767740947
        ]
      },
      "properties": {
        "layer": "interpolated_heatmap",
        "value": 0.4403,
        "label": "Interpolated anomaly intensity",
        "disclaimer": "Interpolated estimate \u2014 NOT a direct measurement",
        "data_provenance": "INFERRED"
      }
    },
    {
      "type": "Feature",
      "geometry": {
        "type": "Point",
        "coordinates": [
          74.17163842365298,
          16.17168455374411
        ]
      },
      "properties": {
        "layer": "interpolated_heatmap",
        "value": 0.4413,
        "label": "Interpolated anomaly intensity",
        "disclaimer": "Interpolated estimate \u2014 NOT a direct measurement",
        "data_provenance": "INFERRED"
      }
    },
    {
      "type": "Feature",
      "geometry": {
        "type": "Point",
        "coordinates": [
          74.17163842365298,
          16.298075339747275
        ]
      },
      "properties": {
        "layer": "interpolated_heatmap",
        "value": 0.4425,
        "label": "Interpolated anomaly intensity",
        "disclaimer": "Interpolated estimate \u2014 NOT a direct measurement",
        "data_provenance": "INFERRED"
      }
    },
    {
      "type": "Feature",
      "geometry": {
        "type": "Point",
        "coordinates": [
          74.17163842365298,
          16.42446612575044
        ]
      },
      "properties": {
        "layer": "interpolated_heatmap",
        "value": 0.444,
        "label": "Interpolated anomaly intensity",
        "disclaimer": "Interpolated estimate \u2014 NOT a direct measurement",
        "data_provenance": "INFERRED"
      }
    },
    {
      "type": "Feature",
      "geometry": {
        "type": "Point",
        "coordinates": [
          74.17163842365298,
          16.550856911753602
        ]
      },
      "properties": {
        "layer": "interpolated_heatmap",
        "value": 0.4459,
        "label": "Interpolated anomaly intensity",
        "disclaimer": "Interpolated estimate \u2014 NOT a direct measurement",
        "data_provenance": "INFERRED"
      }
    },
    {
      "type": "Feature",
      "geometry": {
        "type": "Point",
        "coordinates": [
          74.17163842365298,
          16.677247697756766
        ]
      },
      "properties": {
        "layer": "interpolated_heatmap",
        "value": 0.4481,
        "label": "Interpolated anomaly intensity",
        "disclaimer": "Interpolated estimate \u2014 NOT a direct measurement",
        "data_provenance": "INFERRED"
      }
    },
    {
      "type": "Feature",
      "geometry": {
        "type": "Point",
        "coordinates": [
          74.17163842365298,
          16.803638483759926
        ]
      },
      "properties": {
        "layer": "interpolated_heatmap",
        "value": 0.4507,
        "label": "Interpolated anomaly intensity",
        "disclaimer": "Interpolated estimate \u2014 NOT a direct measurement",
        "data_provenance": "INFERRED"
      }
    },
    {
      "type": "Feature",
      "geometry": {
        "type": "Point",
        "coordinates": [
          74.17163842365298,
          16.93002926976309
        ]
      },
      "properties": {
        "layer": "interpolated_heatmap",
        "value": 0.4539,
        "label": "Interpolated anomaly intensity",
        "disclaimer": "Interpolated estimate \u2014 NOT a direct measurement",
        "data_provenance": "INFERRED"
      }
    },
    {
      "type": "Feature",
      "geometry": {
        "type": "Point",
        "coordinates": [
          74.17163842365298,
          17.056420055766253
        ]
      },
      "properties": {
        "layer": "interpolated_heatmap",
        "value": 0.4576,
        "label": "Interpolated anomaly intensity",
        "disclaimer": "Interpolated estimate \u2014 NOT a direct measurement",
        "data_provenance": "INFERRED"
      }
    },
    {
      "type": "Feature",
      "geometry": {
        "type": "Point",
        "coordinates": [
          74.17163842365298,
          17.182810841769417
        ]
      },
      "properties": {
        "layer": "interpolated_heatmap",
        "value": 0.462,
        "label": "Interpolated anomaly intensity",
        "disclaimer": "Interpolated estimate \u2014 NOT a direct measurement",
        "data_provenance": "INFERRED"
      }
    },
    {
      "type": "Feature",
      "geometry": {
        "type": "Point",
        "coordinates": [
          74.17163842365298,
          17.30920162777258
        ]
      },
      "properties": {
        "layer": "interpolated_heatmap",
        "value": 0.467,
        "label": "Interpolated anomaly intensity",
        "disclaimer": "Interpolated estimate \u2014 NOT a direct measurement",
        "data_provenance": "INFERRED"
      }
    },
    {
      "type": "Feature",
      "geometry": {
        "type": "Point",
        "coordinates": [
          74.17163842365298,
          17.435592413775744
        ]
      },
      "properties": {
        "layer": "interpolated_heatmap",
        "value": 0.4727,
        "label": "Interpolated anomaly intensity",
        "disclaimer": "Interpolated estimate \u2014 NOT a direct measurement",
        "data_provenance": "INFERRED"
      }
    },
    {
      "type": "Feature",
      "geometry": {
        "type": "Point",
        "coordinates": [
          74.17163842365298,
          17.561983199778908
        ]
      },
      "properties": {
        "layer": "interpolated_heatmap",
        "value": 0.479,
        "label": "Interpolated anomaly intensity",
        "disclaimer": "Interpolated estimate \u2014 NOT a direct measurement",
        "data_provenance": "INFERRED"
      }
    },
    {
      "type": "Feature",
      "geometry": {
        "type": "Point",
        "coordinates": [
          74.17163842365298,
          17.68837398578207
        ]
      },
      "properties": {
        "layer": "interpolated_heatmap",
        "value": 0.4859,
        "label": "Interpolated anomaly intensity",
        "disclaimer": "Interpolated estimate \u2014 NOT a direct measurement",
        "data_provenance": "INFERRED"
      }
    },
    {
      "type": "Feature",
      "geometry": {
        "type": "Point",
        "coordinates": [
          74.17163842365298,
          17.814764771785235
        ]
      },
      "properties": {
        "layer": "interpolated_heatmap",
        "value": 0.4933,
        "label": "Interpolated anomaly intensity",
        "disclaimer": "Interpolated estimate \u2014 NOT a direct measurement",
        "data_provenance": "INFERRED"
      }
    },
    {
      "type": "Feature",
      "geometry": {
        "type": "Point",
        "coordinates": [
          74.17163842365298,
          17.941155557788395
        ]
      },
      "properties": {
        "layer": "interpolated_heatmap",
        "value": 0.5008,
        "label": "Interpolated anomaly intensity",
        "disclaimer": "Interpolated estimate \u2014 NOT a direct measurement",
        "data_provenance": "INFERRED"
      }
    },
    {
      "type": "Feature",
      "geometry": {
        "type": "Point",
        "coordinates": [
          74.17163842365298,
          18.06754634379156
        ]
      },
      "properties": {
        "layer": "interpolated_heatmap",
        "value": 0.5084,
        "label": "Interpolated anomaly intensity",
        "disclaimer": "Interpolated estimate \u2014 NOT a direct measurement",
        "data_provenance": "INFERRED"
      }
    },
    {
      "type": "Feature",
      "geometry": {
        "type": "Point",
        "coordinates": [
          74.17163842365298,
          18.193937129794723
        ]
      },
      "properties": {
        "layer": "interpolated_heatmap",
        "value": 0.5156,
        "label": "Interpolated anomaly intensity",
        "disclaimer": "Interpolated estimate \u2014 NOT a direct measurement",
        "data_provenance": "INFERRED"
      }
    },
    {
      "type": "Feature",
      "geometry": {
        "type": "Point",
        "coordinates": [
          74.17163842365298,
          18.320327915797886
        ]
      },
      "properties": {
        "layer": "interpolated_heatmap",
        "value": 0.5221,
        "label": "Interpolated anomaly intensity",
        "disclaimer": "Interpolated estimate \u2014 NOT a direct measurement",
        "data_provenance": "INFERRED"
      }
    },
    {
      "type": "Feature",
      "geometry": {
        "type": "Point",
        "coordinates": [
          74.17163842365298,
          18.44671870180105
        ]
      },
      "properties": {
        "layer": "interpolated_heatmap",
        "value": 0.5278,
        "label": "Interpolated anomaly intensity",
        "disclaimer": "Interpolated estimate \u2014 NOT a direct measurement",
        "data_provenance": "INFERRED"
      }
    },
    {
      "type": "Feature",
      "geometry": {
        "type": "Point",
        "coordinates": [
          74.17163842365298,
          18.573109487804214
        ]
      },
      "properties": {
        "layer": "interpolated_heatmap",
        "value": 0.5324,
        "label": "Interpolated anomaly intensity",
        "disclaimer": "Interpolated estimate \u2014 NOT a direct measurement",
        "data_provenance": "INFERRED"
      }
    },
    {
      "type": "Feature",
      "geometry": {
        "type": "Point",
        "coordinates": [
          74.17163842365298,
          18.699500273807374
        ]
      },
      "properties": {
        "layer": "interpolated_heatmap",
        "value": 0.5358,
        "label": "Interpolated anomaly intensity",
        "disclaimer": "Interpolated estimate \u2014 NOT a direct measurement",
        "data_provenance": "INFERRED"
      }
    },
    {
      "type": "Feature",
      "geometry": {
        "type": "Point",
        "coordinates": [
          74.17163842365298,
          18.825891059810537
        ]
      },
      "properties": {
        "layer": "interpolated_heatmap",
        "value": 0.5379,
        "label": "Interpolated anomaly intensity",
        "disclaimer": "Interpolated estimate \u2014 NOT a direct measurement",
        "data_provenance": "INFERRED"
      }
    },
    {
      "type": "Feature",
      "geometry": {
        "type": "Point",
        "coordinates": [
          74.17163842365298,
          18.9522818458137
        ]
      },
      "properties": {
        "layer": "interpolated_heatmap",
        "value": 0.539,
        "label": "Interpolated anomaly intensity",
        "disclaimer": "Interpolated estimate \u2014 NOT a direct measurement",
        "data_provenance": "INFERRED"
      }
    },
    {
      "type": "Feature",
      "geometry": {
        "type": "Point",
        "coordinates": [
          74.17163842365298,
          19.078672631816865
        ]
      },
      "properties": {
        "layer": "interpolated_heatmap",
        "value": 0.5391,
        "label": "Interpolated anomaly intensity",
        "disclaimer": "Interpolated estimate \u2014 NOT a direct measurement",
        "data_provenance": "INFERRED"
      }
    },
    {
      "type": "Feature",
      "geometry": {
        "type": "Point",
        "coordinates": [
          74.17163842365298,
          19.20506341782003
        ]
      },
      "properties": {
        "layer": "interpolated_heatmap",
        "value": 0.5383,
        "label": "Interpolated anomaly intensity",
        "disclaimer": "Interpolated estimate \u2014 NOT a direct measurement",
        "data_provenance": "INFERRED"
      }
    },
    {
      "type": "Feature",
      "geometry": {
        "type": "Point",
        "coordinates": [
          74.21521718227581,
          14.275822763696663
        ]
      },
      "properties": {
        "layer": "interpolated_heatmap",
        "value": 0.438,
        "label": "Interpolated anomaly intensity",
        "disclaimer": "Interpolated estimate \u2014 NOT a direct measurement",
        "data_provenance": "INFERRED"
      }
    },
    {
      "type": "Feature",
      "geometry": {
        "type": "Point",
        "coordinates": [
          74.21521718227581,
          14.402213549699827
        ]
      },
      "properties": {
        "layer": "interpolated_heatmap",
        "value": 0.4379,
        "label": "Interpolated anomaly intensity",
        "disclaimer": "Interpolated estimate \u2014 NOT a direct measurement",
        "data_provenance": "INFERRED"
      }
    },
    {
      "type": "Feature",
      "geometry": {
        "type": "Point",
        "coordinates": [
          74.21521718227581,
          14.52860433570299
        ]
      },
      "properties": {
        "layer": "interpolated_heatmap",
        "value": 0.4378,
        "label": "Interpolated anomaly intensity",
        "disclaimer": "Interpolated estimate \u2014 NOT a direct measurement",
        "data_provenance": "INFERRED"
      }
    },
    {
      "type": "Feature",
      "geometry": {
        "type": "Point",
        "coordinates": [
          74.21521718227581,
          14.654995121706152
        ]
      },
      "properties": {
        "layer": "interpolated_heatmap",
        "value": 0.4377,
        "label": "Interpolated anomaly intensity",
        "disclaimer": "Interpolated estimate \u2014 NOT a direct measurement",
        "data_provenance": "INFERRED"
      }
    },
    {
      "type": "Feature",
      "geometry": {
        "type": "Point",
        "coordinates": [
          74.21521718227581,
          14.781385907709316
        ]
      },
      "properties": {
        "layer": "interpolated_heatmap",
        "value": 0.4376,
        "label": "Interpolated anomaly intensity",
        "disclaimer": "Interpolated estimate \u2014 NOT a direct measurement",
        "data_provenance": "INFERRED"
      }
    },
    {
      "type": "Feature",
      "geometry": {
        "type": "Point",
        "coordinates": [
          74.21521718227581,
          14.90777669371248
        ]
      },
      "properties": {
        "layer": "interpolated_heatmap",
        "value": 0.4375,
        "label": "Interpolated anomaly intensity",
        "disclaimer": "Interpolated estimate \u2014 NOT a direct measurement",
        "data_provenance": "INFERRED"
      }
    },
    {
      "type": "Feature",
      "geometry": {
        "type": "Point",
        "coordinates": [
          74.21521718227581,
          15.034167479715641
        ]
      },
      "properties": {
        "layer": "interpolated_heatmap",
        "value": 0.4375,
        "label": "Interpolated anomaly intensity",
        "disclaimer": "Interpolated estimate \u2014 NOT a direct measurement",
        "data_provenance": "INFERRED"
      }
    },
    {
      "type": "Feature",
      "geometry": {
        "type": "Point",
        "coordinates": [
          74.21521718227581,
          15.160558265718805
        ]
      },
      "properties": {
        "layer": "interpolated_heatmap",
        "value": 0.4375,
        "label": "Interpolated anomaly intensity",
        "disclaimer": "Interpolated estimate \u2014 NOT a direct measurement",
        "data_provenance": "INFERRED"
      }
    },
    {
      "type": "Feature",
      "geometry": {
        "type": "Point",
        "coordinates": [
          74.21521718227581,
          15.286949051721969
        ]
      },
      "properties": {
        "layer": "interpolated_heatmap",
        "value": 0.4377,
        "label": "Interpolated anomaly intensity",
        "disclaimer": "Interpolated estimate \u2014 NOT a direct measurement",
        "data_provenance": "INFERRED"
      }
    },
    {
      "type": "Feature",
      "geometry": {
        "type": "Point",
        "coordinates": [
          74.21521718227581,
          15.413339837725132
        ]
      },
      "properties": {
        "layer": "interpolated_heatmap",
        "value": 0.4379,
        "label": "Interpolated anomaly intensity",
        "disclaimer": "Interpolated estimate \u2014 NOT a direct measurement",
        "data_provenance": "INFERRED"
      }
    },
    {
      "type": "Feature",
      "geometry": {
        "type": "Point",
        "coordinates": [
          74.21521718227581,
          15.539730623728296
        ]
      },
      "properties": {
        "layer": "interpolated_heatmap",
        "value": 0.4381,
        "label": "Interpolated anomaly intensity",
        "disclaimer": "Interpolated estimate \u2014 NOT a direct measurement",
        "data_provenance": "INFERRED"
      }
    },
    {
      "type": "Feature",
      "geometry": {
        "type": "Point",
        "coordinates": [
          74.21521718227581,
          15.666121409731458
        ]
      },
      "properties": {
        "layer": "interpolated_heatmap",
        "value": 0.4385,
        "label": "Interpolated anomaly intensity",
        "disclaimer": "Interpolated estimate \u2014 NOT a direct measurement",
        "data_provenance": "INFERRED"
      }
    },
    {
      "type": "Feature",
      "geometry": {
        "type": "Point",
        "coordinates": [
          74.21521718227581,
          15.792512195734622
        ]
      },
      "properties": {
        "layer": "interpolated_heatmap",
        "value": 0.4389,
        "label": "Interpolated anomaly intensity",
        "disclaimer": "Interpolated estimate \u2014 NOT a direct measurement",
        "data_provenance": "INFERRED"
      }
    },
    {
      "type": "Feature",
      "geometry": {
        "type": "Point",
        "coordinates": [
          74.21521718227581,
          15.918902981737785
        ]
      },
      "properties": {
        "layer": "interpolated_heatmap",
        "value": 0.4396,
        "label": "Interpolated anomaly intensity",
        "disclaimer": "Interpolated estimate \u2014 NOT a direct measurement",
        "data_provenance": "INFERRED"
      }
    },
    {
      "type": "Feature",
      "geometry": {
        "type": "Point",
        "coordinates": [
          74.21521718227581,
          16.045293767740947
        ]
      },
      "properties": {
        "layer": "interpolated_heatmap",
        "value": 0.4403,
        "label": "Interpolated anomaly intensity",
        "disclaimer": "Interpolated estimate \u2014 NOT a direct measurement",
        "data_provenance": "INFERRED"
      }
    },
    {
      "type": "Feature",
      "geometry": {
        "type": "Point",
        "coordinates": [
          74.21521718227581,
          16.17168455374411
        ]
      },
      "properties": {
        "layer": "interpolated_heatmap",
        "value": 0.4413,
        "label": "Interpolated anomaly intensity",
        "disclaimer": "Interpolated estimate \u2014 NOT a direct measurement",
        "data_provenance": "INFERRED"
      }
    },
    {
      "type": "Feature",
      "geometry": {
        "type": "Point",
        "coordinates": [
          74.21521718227581,
          16.298075339747275
        ]
      },
      "properties": {
        "layer": "interpolated_heatmap",
        "value": 0.4425,
        "label": "Interpolated anomaly intensity",
        "disclaimer": "Interpolated estimate \u2014 NOT a direct measurement",
        "data_provenance": "INFERRED"
      }
    },
    {
      "type": "Feature",
      "geometry": {
        "type": "Point",
        "coordinates": [
          74.21521718227581,
          16.42446612575044
        ]
      },
      "properties": {
        "layer": "interpolated_heatmap",
        "value": 0.444,
        "label": "Interpolated anomaly intensity",
        "disclaimer": "Interpolated estimate \u2014 NOT a direct measurement",
        "data_provenance": "INFERRED"
      }
    },
    {
      "type": "Feature",
      "geometry": {
        "type": "Point",
        "coordinates": [
          74.21521718227581,
          16.550856911753602
        ]
      },
      "properties": {
        "layer": "interpolated_heatmap",
        "value": 0.4458,
        "label": "Interpolated anomaly intensity",
        "disclaimer": "Interpolated estimate \u2014 NOT a direct measurement",
        "data_provenance": "INFERRED"
      }
    },
    {
      "type": "Feature",
      "geometry": {
        "type": "Point",
        "coordinates": [
          74.21521718227581,
          16.677247697756766
        ]
      },
      "properties": {
        "layer": "interpolated_heatmap",
        "value": 0.4479,
        "label": "Interpolated anomaly intensity",
        "disclaimer": "Interpolated estimate \u2014 NOT a direct measurement",
        "data_provenance": "INFERRED"
      }
    },
    {
      "type": "Feature",
      "geometry": {
        "type": "Point",
        "coordinates": [
          74.21521718227581,
          16.803638483759926
        ]
      },
      "properties": {
        "layer": "interpolated_heatmap",
        "value": 0.4505,
        "label": "Interpolated anomaly intensity",
        "disclaimer": "Interpolated estimate \u2014 NOT a direct measurement",
        "data_provenance": "INFERRED"
      }
    },
    {
      "type": "Feature",
      "geometry": {
        "type": "Point",
        "coordinates": [
          74.21521718227581,
          16.93002926976309
        ]
      },
      "properties": {
        "layer": "interpolated_heatmap",
        "value": 0.4535,
        "label": "Interpolated anomaly intensity",
        "disclaimer": "Interpolated estimate \u2014 NOT a direct measurement",
        "data_provenance": "INFERRED"
      }
    },
    {
      "type": "Feature",
      "geometry": {
        "type": "Point",
        "coordinates": [
          74.21521718227581,
          17.056420055766253
        ]
      },
      "properties": {
        "layer": "interpolated_heatmap",
        "value": 0.4571,
        "label": "Interpolated anomaly intensity",
        "disclaimer": "Interpolated estimate \u2014 NOT a direct measurement",
        "data_provenance": "INFERRED"
      }
    },
    {
      "type": "Feature",
      "geometry": {
        "type": "Point",
        "coordinates": [
          74.21521718227581,
          17.182810841769417
        ]
      },
      "properties": {
        "layer": "interpolated_heatmap",
        "value": 0.4613,
        "label": "Interpolated anomaly intensity",
        "disclaimer": "Interpolated estimate \u2014 NOT a direct measurement",
        "data_provenance": "INFERRED"
      }
    },
    {
      "type": "Feature",
      "geometry": {
        "type": "Point",
        "coordinates": [
          74.21521718227581,
          17.30920162777258
        ]
      },
      "properties": {
        "layer": "interpolated_heatmap",
        "value": 0.4661,
        "label": "Interpolated anomaly intensity",
        "disclaimer": "Interpolated estimate \u2014 NOT a direct measurement",
        "data_provenance": "INFERRED"
      }
    },
    {
      "type": "Feature",
      "geometry": {
        "type": "Point",
        "coordinates": [
          74.21521718227581,
          17.435592413775744
        ]
      },
      "properties": {
        "layer": "interpolated_heatmap",
        "value": 0.4715,
        "label": "Interpolated anomaly intensity",
        "disclaimer": "Interpolated estimate \u2014 NOT a direct measurement",
        "data_provenance": "INFERRED"
      }
    },
    {
      "type": "Feature",
      "geometry": {
        "type": "Point",
        "coordinates": [
          74.21521718227581,
          17.561983199778908
        ]
      },
      "properties": {
        "layer": "interpolated_heatmap",
        "value": 0.4776,
        "label": "Interpolated anomaly intensity",
        "disclaimer": "Interpolated estimate \u2014 NOT a direct measurement",
        "data_provenance": "INFERRED"
      }
    },
    {
      "type": "Feature",
      "geometry": {
        "type": "Point",
        "coordinates": [
          74.21521718227581,
          17.68837398578207
        ]
      },
      "properties": {
        "layer": "interpolated_heatmap",
        "value": 0.4841,
        "label": "Interpolated anomaly intensity",
        "disclaimer": "Interpolated estimate \u2014 NOT a direct measurement",
        "data_provenance": "INFERRED"
      }
    },
    {
      "type": "Feature",
      "geometry": {
        "type": "Point",
        "coordinates": [
          74.21521718227581,
          17.814764771785235
        ]
      },
      "properties": {
        "layer": "interpolated_heatmap",
        "value": 0.4911,
        "label": "Interpolated anomaly intensity",
        "disclaimer": "Interpolated estimate \u2014 NOT a direct measurement",
        "data_provenance": "INFERRED"
      }
    },
    {
      "type": "Feature",
      "geometry": {
        "type": "Point",
        "coordinates": [
          74.21521718227581,
          17.941155557788395
        ]
      },
      "properties": {
        "layer": "interpolated_heatmap",
        "value": 0.4982,
        "label": "Interpolated anomaly intensity",
        "disclaimer": "Interpolated estimate \u2014 NOT a direct measurement",
        "data_provenance": "INFERRED"
      }
    },
    {
      "type": "Feature",
      "geometry": {
        "type": "Point",
        "coordinates": [
          74.21521718227581,
          18.06754634379156
        ]
      },
      "properties": {
        "layer": "interpolated_heatmap",
        "value": 0.5054,
        "label": "Interpolated anomaly intensity",
        "disclaimer": "Interpolated estimate \u2014 NOT a direct measurement",
        "data_provenance": "INFERRED"
      }
    },
    {
      "type": "Feature",
      "geometry": {
        "type": "Point",
        "coordinates": [
          74.21521718227581,
          18.193937129794723
        ]
      },
      "properties": {
        "layer": "interpolated_heatmap",
        "value": 0.5122,
        "label": "Interpolated anomaly intensity",
        "disclaimer": "Interpolated estimate \u2014 NOT a direct measurement",
        "data_provenance": "INFERRED"
      }
    },
    {
      "type": "Feature",
      "geometry": {
        "type": "Point",
        "coordinates": [
          74.21521718227581,
          18.320327915797886
        ]
      },
      "properties": {
        "layer": "interpolated_heatmap",
        "value": 0.5185,
        "label": "Interpolated anomaly intensity",
        "disclaimer": "Interpolated estimate \u2014 NOT a direct measurement",
        "data_provenance": "INFERRED"
      }
    },
    {
      "type": "Feature",
      "geometry": {
        "type": "Point",
        "coordinates": [
          74.21521718227581,
          18.44671870180105
        ]
      },
      "properties": {
        "layer": "interpolated_heatmap",
        "value": 0.5239,
        "label": "Interpolated anomaly intensity",
        "disclaimer": "Interpolated estimate \u2014 NOT a direct measurement",
        "data_provenance": "INFERRED"
      }
    },
    {
      "type": "Feature",
      "geometry": {
        "type": "Point",
        "coordinates": [
          74.21521718227581,
          18.573109487804214
        ]
      },
      "properties": {
        "layer": "interpolated_heatmap",
        "value": 0.5283,
        "label": "Interpolated anomaly intensity",
        "disclaimer": "Interpolated estimate \u2014 NOT a direct measurement",
        "data_provenance": "INFERRED"
      }
    },
    {
      "type": "Feature",
      "geometry": {
        "type": "Point",
        "coordinates": [
          74.21521718227581,
          18.699500273807374
        ]
      },
      "properties": {
        "layer": "interpolated_heatmap",
        "value": 0.5317,
        "label": "Interpolated anomaly intensity",
        "disclaimer": "Interpolated estimate \u2014 NOT a direct measurement",
        "data_provenance": "INFERRED"
      }
    },
    {
      "type": "Feature",
      "geometry": {
        "type": "Point",
        "coordinates": [
          74.21521718227581,
          18.825891059810537
        ]
      },
      "properties": {
        "layer": "interpolated_heatmap",
        "value": 0.534,
        "label": "Interpolated anomaly intensity",
        "disclaimer": "Interpolated estimate \u2014 NOT a direct measurement",
        "data_provenance": "INFERRED"
      }
    },
    {
      "type": "Feature",
      "geometry": {
        "type": "Point",
        "coordinates": [
          74.21521718227581,
          18.9522818458137
        ]
      },
      "properties": {
        "layer": "interpolated_heatmap",
        "value": 0.5352,
        "label": "Interpolated anomaly intensity",
        "disclaimer": "Interpolated estimate \u2014 NOT a direct measurement",
        "data_provenance": "INFERRED"
      }
    },
    {
      "type": "Feature",
      "geometry": {
        "type": "Point",
        "coordinates": [
          74.21521718227581,
          19.078672631816865
        ]
      },
      "properties": {
        "layer": "interpolated_heatmap",
        "value": 0.5355,
        "label": "Interpolated anomaly intensity",
        "disclaimer": "Interpolated estimate \u2014 NOT a direct measurement",
        "data_provenance": "INFERRED"
      }
    },
    {
      "type": "Feature",
      "geometry": {
        "type": "Point",
        "coordinates": [
          74.21521718227581,
          19.20506341782003
        ]
      },
      "properties": {
        "layer": "interpolated_heatmap",
        "value": 0.535,
        "label": "Interpolated anomaly intensity",
        "disclaimer": "Interpolated estimate \u2014 NOT a direct measurement",
        "data_provenance": "INFERRED"
      }
    },
    {
      "type": "Feature",
      "geometry": {
        "type": "Point",
        "coordinates": [
          74.25879594089864,
          14.275822763696663
        ]
      },
      "properties": {
        "layer": "interpolated_heatmap",
        "value": 0.438,
        "label": "Interpolated anomaly intensity",
        "disclaimer": "Interpolated estimate \u2014 NOT a direct measurement",
        "data_provenance": "INFERRED"
      }
    },
    {
      "type": "Feature",
      "geometry": {
        "type": "Point",
        "coordinates": [
          74.25879594089864,
          14.402213549699827
        ]
      },
      "properties": {
        "layer": "interpolated_heatmap",
        "value": 0.4379,
        "label": "Interpolated anomaly intensity",
        "disclaimer": "Interpolated estimate \u2014 NOT a direct measurement",
        "data_provenance": "INFERRED"
      }
    },
    {
      "type": "Feature",
      "geometry": {
        "type": "Point",
        "coordinates": [
          74.25879594089864,
          14.52860433570299
        ]
      },
      "properties": {
        "layer": "interpolated_heatmap",
        "value": 0.4378,
        "label": "Interpolated anomaly intensity",
        "disclaimer": "Interpolated estimate \u2014 NOT a direct measurement",
        "data_provenance": "INFERRED"
      }
    },
    {
      "type": "Feature",
      "geometry": {
        "type": "Point",
        "coordinates": [
          74.25879594089864,
          14.654995121706152
        ]
      },
      "properties": {
        "layer": "interpolated_heatmap",
        "value": 0.4377,
        "label": "Interpolated anomaly intensity",
        "disclaimer": "Interpolated estimate \u2014 NOT a direct measurement",
        "data_provenance": "INFERRED"
      }
    },
    {
      "type": "Feature",
      "geometry": {
        "type": "Point",
        "coordinates": [
          74.25879594089864,
          14.781385907709316
        ]
      },
      "properties": {
        "layer": "interpolated_heatmap",
        "value": 0.4376,
        "label": "Interpolated anomaly intensity",
        "disclaimer": "Interpolated estimate \u2014 NOT a direct measurement",
        "data_provenance": "INFERRED"
      }
    },
    {
      "type": "Feature",
      "geometry": {
        "type": "Point",
        "coordinates": [
          74.25879594089864,
          14.90777669371248
        ]
      },
      "properties": {
        "layer": "interpolated_heatmap",
        "value": 0.4375,
        "label": "Interpolated anomaly intensity",
        "disclaimer": "Interpolated estimate \u2014 NOT a direct measurement",
        "data_provenance": "INFERRED"
      }
    },
    {
      "type": "Feature",
      "geometry": {
        "type": "Point",
        "coordinates": [
          74.25879594089864,
          15.034167479715641
        ]
      },
      "properties": {
        "layer": "interpolated_heatmap",
        "value": 0.4375,
        "label": "Interpolated anomaly intensity",
        "disclaimer": "Interpolated estimate \u2014 NOT a direct measurement",
        "data_provenance": "INFERRED"
      }
    },
    {
      "type": "Feature",
      "geometry": {
        "type": "Point",
        "coordinates": [
          74.25879594089864,
          15.160558265718805
        ]
      },
      "properties": {
        "layer": "interpolated_heatmap",
        "value": 0.4376,
        "label": "Interpolated anomaly intensity",
        "disclaimer": "Interpolated estimate \u2014 NOT a direct measurement",
        "data_provenance": "INFERRED"
      }
    },
    {
      "type": "Feature",
      "geometry": {
        "type": "Point",
        "coordinates": [
          74.25879594089864,
          15.286949051721969
        ]
      },
      "properties": {
        "layer": "interpolated_heatmap",
        "value": 0.4377,
        "label": "Interpolated anomaly intensity",
        "disclaimer": "Interpolated estimate \u2014 NOT a direct measurement",
        "data_provenance": "INFERRED"
      }
    },
    {
      "type": "Feature",
      "geometry": {
        "type": "Point",
        "coordinates": [
          74.25879594089864,
          15.413339837725132
        ]
      },
      "properties": {
        "layer": "interpolated_heatmap",
        "value": 0.4379,
        "label": "Interpolated anomaly intensity",
        "disclaimer": "Interpolated estimate \u2014 NOT a direct measurement",
        "data_provenance": "INFERRED"
      }
    },
    {
      "type": "Feature",
      "geometry": {
        "type": "Point",
        "coordinates": [
          74.25879594089864,
          15.539730623728296
        ]
      },
      "properties": {
        "layer": "interpolated_heatmap",
        "value": 0.4381,
        "label": "Interpolated anomaly intensity",
        "disclaimer": "Interpolated estimate \u2014 NOT a direct measurement",
        "data_provenance": "INFERRED"
      }
    },
    {
      "type": "Feature",
      "geometry": {
        "type": "Point",
        "coordinates": [
          74.25879594089864,
          15.666121409731458
        ]
      },
      "properties": {
        "layer": "interpolated_heatmap",
        "value": 0.4385,
        "label": "Interpolated anomaly intensity",
        "disclaimer": "Interpolated estimate \u2014 NOT a direct measurement",
        "data_provenance": "INFERRED"
      }
    },
    {
      "type": "Feature",
      "geometry": {
        "type": "Point",
        "coordinates": [
          74.25879594089864,
          15.792512195734622
        ]
      },
      "properties": {
        "layer": "interpolated_heatmap",
        "value": 0.439,
        "label": "Interpolated anomaly intensity",
        "disclaimer": "Interpolated estimate \u2014 NOT a direct measurement",
        "data_provenance": "INFERRED"
      }
    },
    {
      "type": "Feature",
      "geometry": {
        "type": "Point",
        "coordinates": [
          74.25879594089864,
          15.918902981737785
        ]
      },
      "properties": {
        "layer": "interpolated_heatmap",
        "value": 0.4396,
        "label": "Interpolated anomaly intensity",
        "disclaimer": "Interpolated estimate \u2014 NOT a direct measurement",
        "data_provenance": "INFERRED"
      }
    },
    {
      "type": "Feature",
      "geometry": {
        "type": "Point",
        "coordinates": [
          74.25879594089864,
          16.045293767740947
        ]
      },
      "properties": {
        "layer": "interpolated_heatmap",
        "value": 0.4403,
        "label": "Interpolated anomaly intensity",
        "disclaimer": "Interpolated estimate \u2014 NOT a direct measurement",
        "data_provenance": "INFERRED"
      }
    },
    {
      "type": "Feature",
      "geometry": {
        "type": "Point",
        "coordinates": [
          74.25879594089864,
          16.17168455374411
        ]
      },
      "properties": {
        "layer": "interpolated_heatmap",
        "value": 0.4413,
        "label": "Interpolated anomaly intensity",
        "disclaimer": "Interpolated estimate \u2014 NOT a direct measurement",
        "data_provenance": "INFERRED"
      }
    },
    {
      "type": "Feature",
      "geometry": {
        "type": "Point",
        "coordinates": [
          74.25879594089864,
          16.298075339747275
        ]
      },
      "properties": {
        "layer": "interpolated_heatmap",
        "value": 0.4425,
        "label": "Interpolated anomaly intensity",
        "disclaimer": "Interpolated estimate \u2014 NOT a direct measurement",
        "data_provenance": "INFERRED"
      }
    },
    {
      "type": "Feature",
      "geometry": {
        "type": "Point",
        "coordinates": [
          74.25879594089864,
          16.42446612575044
        ]
      },
      "properties": {
        "layer": "interpolated_heatmap",
        "value": 0.4439,
        "label": "Interpolated anomaly intensity",
        "disclaimer": "Interpolated estimate \u2014 NOT a direct measurement",
        "data_provenance": "INFERRED"
      }
    },
    {
      "type": "Feature",
      "geometry": {
        "type": "Point",
        "coordinates": [
          74.25879594089864,
          16.550856911753602
        ]
      },
      "properties": {
        "layer": "interpolated_heatmap",
        "value": 0.4456,
        "label": "Interpolated anomaly intensity",
        "disclaimer": "Interpolated estimate \u2014 NOT a direct measurement",
        "data_provenance": "INFERRED"
      }
    },
    {
      "type": "Feature",
      "geometry": {
        "type": "Point",
        "coordinates": [
          74.25879594089864,
          16.677247697756766
        ]
      },
      "properties": {
        "layer": "interpolated_heatmap",
        "value": 0.4477,
        "label": "Interpolated anomaly intensity",
        "disclaimer": "Interpolated estimate \u2014 NOT a direct measurement",
        "data_provenance": "INFERRED"
      }
    },
    {
      "type": "Feature",
      "geometry": {
        "type": "Point",
        "coordinates": [
          74.25879594089864,
          16.803638483759926
        ]
      },
      "properties": {
        "layer": "interpolated_heatmap",
        "value": 0.4502,
        "label": "Interpolated anomaly intensity",
        "disclaimer": "Interpolated estimate \u2014 NOT a direct measurement",
        "data_provenance": "INFERRED"
      }
    },
    {
      "type": "Feature",
      "geometry": {
        "type": "Point",
        "coordinates": [
          74.25879594089864,
          16.93002926976309
        ]
      },
      "properties": {
        "layer": "interpolated_heatmap",
        "value": 0.4532,
        "label": "Interpolated anomaly intensity",
        "disclaimer": "Interpolated estimate \u2014 NOT a direct measurement",
        "data_provenance": "INFERRED"
      }
    },
    {
      "type": "Feature",
      "geometry": {
        "type": "Point",
        "coordinates": [
          74.25879594089864,
          17.056420055766253
        ]
      },
      "properties": {
        "layer": "interpolated_heatmap",
        "value": 0.4567,
        "label": "Interpolated anomaly intensity",
        "disclaimer": "Interpolated estimate \u2014 NOT a direct measurement",
        "data_provenance": "INFERRED"
      }
    },
    {
      "type": "Feature",
      "geometry": {
        "type": "Point",
        "coordinates": [
          74.25879594089864,
          17.182810841769417
        ]
      },
      "properties": {
        "layer": "interpolated_heatmap",
        "value": 0.4607,
        "label": "Interpolated anomaly intensity",
        "disclaimer": "Interpolated estimate \u2014 NOT a direct measurement",
        "data_provenance": "INFERRED"
      }
    },
    {
      "type": "Feature",
      "geometry": {
        "type": "Point",
        "coordinates": [
          74.25879594089864,
          17.30920162777258
        ]
      },
      "properties": {
        "layer": "interpolated_heatmap",
        "value": 0.4653,
        "label": "Interpolated anomaly intensity",
        "disclaimer": "Interpolated estimate \u2014 NOT a direct measurement",
        "data_provenance": "INFERRED"
      }
    },
    {
      "type": "Feature",
      "geometry": {
        "type": "Point",
        "coordinates": [
          74.25879594089864,
          17.435592413775744
        ]
      },
      "properties": {
        "layer": "interpolated_heatmap",
        "value": 0.4705,
        "label": "Interpolated anomaly intensity",
        "disclaimer": "Interpolated estimate \u2014 NOT a direct measurement",
        "data_provenance": "INFERRED"
      }
    },
    {
      "type": "Feature",
      "geometry": {
        "type": "Point",
        "coordinates": [
          74.25879594089864,
          17.561983199778908
        ]
      },
      "properties": {
        "layer": "interpolated_heatmap",
        "value": 0.4762,
        "label": "Interpolated anomaly intensity",
        "disclaimer": "Interpolated estimate \u2014 NOT a direct measurement",
        "data_provenance": "INFERRED"
      }
    },
    {
      "type": "Feature",
      "geometry": {
        "type": "Point",
        "coordinates": [
          74.25879594089864,
          17.68837398578207
        ]
      },
      "properties": {
        "layer": "interpolated_heatmap",
        "value": 0.4824,
        "label": "Interpolated anomaly intensity",
        "disclaimer": "Interpolated estimate \u2014 NOT a direct measurement",
        "data_provenance": "INFERRED"
      }
    },
    {
      "type": "Feature",
      "geometry": {
        "type": "Point",
        "coordinates": [
          74.25879594089864,
          17.814764771785235
        ]
      },
      "properties": {
        "layer": "interpolated_heatmap",
        "value": 0.489,
        "label": "Interpolated anomaly intensity",
        "disclaimer": "Interpolated estimate \u2014 NOT a direct measurement",
        "data_provenance": "INFERRED"
      }
    },
    {
      "type": "Feature",
      "geometry": {
        "type": "Point",
        "coordinates": [
          74.25879594089864,
          17.941155557788395
        ]
      },
      "properties": {
        "layer": "interpolated_heatmap",
        "value": 0.4958,
        "label": "Interpolated anomaly intensity",
        "disclaimer": "Interpolated estimate \u2014 NOT a direct measurement",
        "data_provenance": "INFERRED"
      }
    },
    {
      "type": "Feature",
      "geometry": {
        "type": "Point",
        "coordinates": [
          74.25879594089864,
          18.06754634379156
        ]
      },
      "properties": {
        "layer": "interpolated_heatmap",
        "value": 0.5025,
        "label": "Interpolated anomaly intensity",
        "disclaimer": "Interpolated estimate \u2014 NOT a direct measurement",
        "data_provenance": "INFERRED"
      }
    },
    {
      "type": "Feature",
      "geometry": {
        "type": "Point",
        "coordinates": [
          74.25879594089864,
          18.193937129794723
        ]
      },
      "properties": {
        "layer": "interpolated_heatmap",
        "value": 0.509,
        "label": "Interpolated anomaly intensity",
        "disclaimer": "Interpolated estimate \u2014 NOT a direct measurement",
        "data_provenance": "INFERRED"
      }
    },
    {
      "type": "Feature",
      "geometry": {
        "type": "Point",
        "coordinates": [
          74.25879594089864,
          18.320327915797886
        ]
      },
      "properties": {
        "layer": "interpolated_heatmap",
        "value": 0.515,
        "label": "Interpolated anomaly intensity",
        "disclaimer": "Interpolated estimate \u2014 NOT a direct measurement",
        "data_provenance": "INFERRED"
      }
    },
    {
      "type": "Feature",
      "geometry": {
        "type": "Point",
        "coordinates": [
          74.25879594089864,
          18.44671870180105
        ]
      },
      "properties": {
        "layer": "interpolated_heatmap",
        "value": 0.5202,
        "label": "Interpolated anomaly intensity",
        "disclaimer": "Interpolated estimate \u2014 NOT a direct measurement",
        "data_provenance": "INFERRED"
      }
    },
    {
      "type": "Feature",
      "geometry": {
        "type": "Point",
        "coordinates": [
          74.25879594089864,
          18.573109487804214
        ]
      },
      "properties": {
        "layer": "interpolated_heatmap",
        "value": 0.5246,
        "label": "Interpolated anomaly intensity",
        "disclaimer": "Interpolated estimate \u2014 NOT a direct measurement",
        "data_provenance": "INFERRED"
      }
    },
    {
      "type": "Feature",
      "geometry": {
        "type": "Point",
        "coordinates": [
          74.25879594089864,
          18.699500273807374
        ]
      },
      "properties": {
        "layer": "interpolated_heatmap",
        "value": 0.5279,
        "label": "Interpolated anomaly intensity",
        "disclaimer": "Interpolated estimate \u2014 NOT a direct measurement",
        "data_provenance": "INFERRED"
      }
    },
    {
      "type": "Feature",
      "geometry": {
        "type": "Point",
        "coordinates": [
          74.25879594089864,
          18.825891059810537
        ]
      },
      "properties": {
        "layer": "interpolated_heatmap",
        "value": 0.5302,
        "label": "Interpolated anomaly intensity",
        "disclaimer": "Interpolated estimate \u2014 NOT a direct measurement",
        "data_provenance": "INFERRED"
      }
    },
    {
      "type": "Feature",
      "geometry": {
        "type": "Point",
        "coordinates": [
          74.25879594089864,
          18.9522818458137
        ]
      },
      "properties": {
        "layer": "interpolated_heatmap",
        "value": 0.5316,
        "label": "Interpolated anomaly intensity",
        "disclaimer": "Interpolated estimate \u2014 NOT a direct measurement",
        "data_provenance": "INFERRED"
      }
    },
    {
      "type": "Feature",
      "geometry": {
        "type": "Point",
        "coordinates": [
          74.25879594089864,
          19.078672631816865
        ]
      },
      "properties": {
        "layer": "interpolated_heatmap",
        "value": 0.5321,
        "label": "Interpolated anomaly intensity",
        "disclaimer": "Interpolated estimate \u2014 NOT a direct measurement",
        "data_provenance": "INFERRED"
      }
    },
    {
      "type": "Feature",
      "geometry": {
        "type": "Point",
        "coordinates": [
          74.25879594089864,
          19.20506341782003
        ]
      },
      "properties": {
        "layer": "interpolated_heatmap",
        "value": 0.5318,
        "label": "Interpolated anomaly intensity",
        "disclaimer": "Interpolated estimate \u2014 NOT a direct measurement",
        "data_provenance": "INFERRED"
      }
    },
    {
      "type": "Feature",
      "geometry": {
        "type": "Polygon",
        "coordinates": [
          [
            [
              74.01272463351275,
              14.982455892936061
            ],
            [
              74.01282880132423,
              14.982346076480406
            ],
            [
              74.01292395673003,
              14.982228785727777
            ],
            [
              74.0130184395158,
              14.982110982323894
            ],
            [
              74.01310330573979,
              14.981986453619935
            ],
            [
              74.0131874581,
              14.98186146800899
            ],
            [
              74.01326145544049,
              14.981730552032886
            ],
            [
              74.01333470255037,
              14.9815992380174
            ],
            [
              74.01339732555716,
              14.981462829080659
            ],
            [
              74.01345916709501,
              14.981326083687968
            ],
            [
              74.01350998802255,
              14.981185113624875
            ],
            [
              74.0135600015857,
              14.98104387097878
            ],
            [
              74.01359867331728,
              14.980899302771906
            ],
            [
              74.01363651730298,
              14.980754527720814
            ],
            [
              74.01366277571785,
              14.980607348927105
            ],
            [
              74.01368819165948,
              14.980460030445395
            ],
            [
              74.01370185743487,
              14.980311246455567
            ],
            [
              74.01371467176624,
              14.980162390884281
            ],
            [
              74.0137156516026,
              14.980013018050172
            ],
            [
              74.01371577684107,
              14.979863642226048
            ],
            [
              74.01370406409781,
              14.979714700915817
            ],
            [
              74.01369149944045,
              14.979565825227555
            ],
            [
              74.0136671741798,
              14.979418332858604
            ],
            [
              74.01364200550768,
              14.979270974272627
            ],
            [
              74.0136052339462,
              14.9791259383601
            ],
            [
              74.01356763323639,
              14.978981103476654
            ],
            [
              74.01351866660862,
              14.978839514752822
            ],
            [
              74.01347224226481,
              14.978707708413225
            ],
            [
              74.01,
              14.98
            ],
            [
              74.01262689495785,
              14.982557788369924
            ],
            [
              74.01272463351275,
              14.982455892936061
            ]
          ]
        ]
      },
      "properties": {
        "layer": "candidate_overlap_regions",
        "candidate_id": "CAND_001",
        "station_ids": [
          "DEMO_A",
          "STATION_A"
        ],
        "classification": "POSSIBLE_HYDROTHERMAL_ASSOCIATED_ANOMALY",
        "candidate_score": 0.8111,
        "score_label": "Candidate score",
        "score_disclaimer": "Documented heuristic based on station evidence, spatial overlap, and data quality",
        "overlap_area_m2": 91986.21473460153,
        "station_scores": {
          "DEMO_A": 1.0,
          "STATION_A": 0.75
        },
        "data_provenance": "INFERRED"
      }
    },
    {
      "type": "Feature",
      "geometry": {
        "type": "Polygon",
        "coordinates": [
          [
            [
              74.01709303231145,
              14.982932483807168
            ],
            [
              74.01715997348826,
              14.982640872191386
            ],
            [
              74.01720191311243,
              14.982344882948263
            ],
            [
              74.01721856479527,
              14.982046537998036
            ],
            [
              74.01720981489362,
              14.981747875344666
            ],
            [
              74.0171757232834,
              14.981450935154033
            ],
            [
              74.0171165229476,
              14.98115774581767
            ],
            [
              74.0170326183821,
              14.980870310097016
            ],
            [
              74.01692458282982,
              14.980590591443114
            ],
            [
              74.01616880509388,
              14.980901642676743
            ],
            [
              74.01706243986591,
              14.983027867814368
            ],
            [
              74.01709303231145,
              14.982932483807168
            ]
          ]
        ]
      },
      "properties": {
        "layer": "candidate_overlap_regions",
        "candidate_id": "CAND_002",
        "station_ids": [
          "DEMO_B",
          "DEMO_C"
        ],
        "classification": "POSSIBLE_HYDROTHERMAL_ASSOCIATED_ANOMALY",
        "candidate_score": 0.5697,
        "score_label": "Candidate score",
        "score_disclaimer": "Documented heuristic based on station evidence, spatial overlap, and data quality",
        "overlap_area_m2": 15444.162389515846,
        "station_scores": {
          "DEMO_B": 1.0,
          "DEMO_C": 0.4
        },
        "data_provenance": "INFERRED"
      }
    }
  ]
}