{
  "type": "FeatureCollection",
  "generated_at": "2026-09-08T18:37:29.472240+00:00",
  "features": [
    {
      "type": "Feature",
      "geometry": {
        "type": "Point",
        "coordinates": [
          74.01,
          14.98
        ]
      },
      "properties": {
        "layer": "deployment_points",
        "station_id": "DEMO_A",
        "depth_m": 250.0,
        "drift_scale_m": 400.0,
        "demo_mode": true,
        "data_provenance": "DEMO",
        "notes": "Synthetic DEMO data \u2014 not real measurements"
      }
    },
    {
      "type": "Feature",
      "geometry": {
        "type": "Point",
        "coordinates": [
          74.0135,
          14.982
        ]
      },
      "properties": {
        "layer": "deployment_points",
        "station_id": "DEMO_B",
        "depth_m": 250.0,
        "drift_scale_m": 400.0,
        "demo_mode": true,
        "data_provenance": "DEMO",
        "notes": "Synthetic DEMO data \u2014 not real measurements"
      }
    },
    {
      "type": "Feature",
      "geometry": {
        "type": "Point",
        "coordinates": [
          74.016,
          14.9805
        ]
      },
      "properties": {
        "layer": "deployment_points",
        "station_id": "DEMO_C",
        "depth_m": 250.0,
        "drift_scale_m": 400.0,
        "demo_mode": true,
        "data_provenance": "DEMO",
        "notes": "Synthetic DEMO data \u2014 not real measurements"
      }
    },
    {
      "type": "Feature",
      "geometry": {
        "type": "Point",
        "coordinates": [
          74.01,
          14.98
        ]
      },
      "properties": {
        "layer": "measured_anomaly_points",
        "station_id": "DEMO_A",
        "start_timestamp": "2026-09-01 08:18:50+00:00",
        "end_timestamp": "2026-09-01 08:21:50+00:00",
        "representative_timestamp": "2026-09-01 08:20:20+00:00",
        "latitude": 14.98,
        "longitude": 74.01,
        "pi_strength": 0.3748488321475152,
        "temperature": 4.816670974611017,
        "temperature_delta": 0.7796249697567097,
        "magnetic_strength": 36.47107500781792,
        "heading": 81.58048467527871,
        "evidence_score": 1.0,
        "classification": "POSSIBLE_HYDROTHERMAL_ASSOCIATED_ANOMALY",
        "evidence_flags": [
          "PI_LOCAL_EXCURSION",
          "TEMPERATURE_LOCAL_EXCURSION",
          "MAGNETIC_LOCAL_EXCURSION"
        ],
        "data_provenance": "DEMO",
        "anomaly_type": "POSSIBLE_HYDROTHERMAL_ASSOCIATED_ANOMALY"
      }
    },
    {
      "type": "Feature",
      "geometry": {
        "type": "Point",
        "coordinates": [
          74.01,
          14.98
        ]
      },
      "properties": {
        "layer": "measured_anomaly_points",
        "station_id": "DEMO_A",
        "start_timestamp": "2026-09-01 08:22:20+00:00",
        "end_timestamp": "2026-09-01 08:22:20+00:00",
        "representative_timestamp": "2026-09-01 08:22:20+00:00",
        "latitude": 14.98,
        "longitude": 74.01,
        "pi_strength": 0.47107778098297576,
        "temperature": 4.749515641214058,
        "temperature_delta": 0.004566486753272869,
        "magnetic_strength": 30.961656030149445,
        "heading": 81.52183696481974,
        "evidence_score": 0.4,
        "classification": "POSSIBLE_METALLIC_ANOMALY",
        "evidence_flags": [
          "MAGNETIC_LOCAL_EXCURSION"
        ],
        "data_provenance": "DEMO",
        "anomaly_type": "POSSIBLE_METALLIC_ANOMALY"
      }
    },
    {
      "type": "Feature",
      "geometry": {
        "type": "Point",
        "coordinates": [
          74.01,
          14.98
        ]
      },
      "properties": {
        "layer": "measured_anomaly_points",
        "station_id": "DEMO_A",
        "start_timestamp": "2026-09-01 08:22:40+00:00",
        "end_timestamp": "2026-09-01 08:22:40+00:00",
        "representative_timestamp": "2026-09-01 08:22:40+00:00",
        "latitude": 14.98,
        "longitude": 74.01,
        "pi_strength": 0.38615174803280017,
        "temperature": 4.811796752085247,
        "temperature_delta": 0.06228111087118915,
        "magnetic_strength": 32.33905958344454,
        "heading": 80.75599886360752,
        "evidence_score": 0.4,
        "classification": "POSSIBLE_METALLIC_ANOMALY",
        "evidence_flags": [
          "MAGNETIC_LOCAL_EXCURSION"
        ],
        "data_provenance": "DEMO",
        "anomaly_type": "POSSIBLE_METALLIC_ANOMALY"
      }
    },
    {
      "type": "Feature",
      "geometry": {
        "type": "Point",
        "coordinates": [
          74.01,
          14.98
        ]
      },
      "properties": {
        "layer": "measured_anomaly_points",
        "station_id": "DEMO_A",
        "start_timestamp": "2026-09-01 08:23:30+00:00",
        "end_timestamp": "2026-09-01 08:23:50+00:00",
        "representative_timestamp": "2026-09-01 08:23:40+00:00",
        "latitude": 14.98,
        "longitude": 74.01,
        "pi_strength": 0.26637836380113433,
        "temperature": 4.842107652535718,
        "temperature_delta": 0.04952270495797961,
        "magnetic_strength": 32.906897323066694,
        "heading": 85.3067652234198,
        "evidence_score": 0.4,
        "classification": "POSSIBLE_METALLIC_ANOMALY",
        "evidence_flags": [
          "MAGNETIC_LOCAL_EXCURSION"
        ],
        "data_provenance": "DEMO",
        "anomaly_type": "POSSIBLE_METALLIC_ANOMALY"
      }
    },
    {
      "type": "Feature",
      "geometry": {
        "type": "Point",
        "coordinates": [
          74.01,
          14.98
        ]
      },
      "properties": {
        "layer": "measured_anomaly_points",
        "station_id": "DEMO_A",
        "start_timestamp": "2026-09-01 08:24:30+00:00",
        "end_timestamp": "2026-09-01 08:24:40+00:00",
        "representative_timestamp": "2026-09-01 08:24:40+00:00",
        "latitude": 14.98,
        "longitude": 74.01,
        "pi_strength": 0.3623200277269087,
        "temperature": 4.852668341819708,
        "temperature_delta": 0.04087158973446137,
        "magnetic_strength": 38.632900493996814,
        "heading": 92.26062021758055,
        "evidence_score": 0.4,
        "classification": "POSSIBLE_METALLIC_ANOMALY",
        "evidence_flags": [
          "MAGNETIC_LOCAL_EXCURSION"
        ],
        "data_provenance": "DEMO",
        "anomaly_type": "POSSIBLE_METALLIC_ANOMALY"
      }
    },
    {
      "type": "Feature",
      "geometry": {
        "type": "Point",
        "coordinates": [
          74.01,
          14.98
        ]
      },
      "properties": {
        "layer": "measured_anomaly_points",
        "station_id": "DEMO_A",
        "start_timestamp": "2026-09-01 08:25:00+00:00",
        "end_timestamp": "2026-09-01 08:25:00+00:00",
        "representative_timestamp": "2026-09-01 08:25:00+00:00",
        "latitude": 14.98,
        "longitude": 74.01,
        "pi_strength": 0.30404819982963954,
        "temperature": 4.836007500159552,
        "temperature_delta": 0.024210748074305677,
        "magnetic_strength": 37.18458786353236,
        "heading": 93.09628439177189,
        "evidence_score": 0.4,
        "classification": "POSSIBLE_METALLIC_ANOMALY",
        "evidence_flags": [
          "MAGNETIC_LOCAL_EXCURSION"
        ],
        "data_provenance": "DEMO",
        "anomaly_type": "POSSIBLE_METALLIC_ANOMALY"
      }
    },
    {
      "type": "Feature",
      "geometry": {
        "type": "Point",
        "coordinates": [
          74.01,
          14.98
        ]
      },
      "properties": {
        "layer": "measured_anomaly_points",
        "station_id": "DEMO_A",
        "start_timestamp": "2026-09-01 08:25:40+00:00",
        "end_timestamp": "2026-09-01 08:25:40+00:00",
        "representative_timestamp": "2026-09-01 08:25:40+00:00",
        "latitude": 14.98,
        "longitude": 74.01,
        "pi_strength": 0.44970671618604363,
        "temperature": 4.7338334521648,
        "temperature_delta": -0.08119005420665015,
        "magnetic_strength": 36.933596078597624,
        "heading": 86.23950967526717,
        "evidence_score": 0.4,
        "classification": "POSSIBLE_METALLIC_ANOMALY",
        "evidence_flags": [
          "MAGNETIC_LOCAL_EXCURSION"
        ],
        "data_provenance": "DEMO",
        "anomaly_type": "POSSIBLE_METALLIC_ANOMALY"
      }
    },
    {
      "type": "Feature",
      "geometry": {
        "type": "Point",
        "coordinates": [
          74.01,
          14.98
        ]
      },
      "properties": {
        "layer": "measured_anomaly_points",
        "station_id": "DEMO_A",
        "start_timestamp": "2026-09-01 08:26:10+00:00",
        "end_timestamp": "2026-09-01 08:26:10+00:00",
        "representative_timestamp": "2026-09-01 08:26:10+00:00",
        "latitude": 14.98,
        "longitude": 74.01,
        "pi_strength": 0.3473516110276207,
        "temperature": 4.846841579650196,
        "temperature_delta": 0.01951689744427565,
        "magnetic_strength": 32.57123874166545,
        "heading": 85.02980629351538,
        "evidence_score": 0.4,
        "classification": "POSSIBLE_METALLIC_ANOMALY",
        "evidence_flags": [
          "MAGNETIC_LOCAL_EXCURSION"
        ],
        "data_provenance": "DEMO",
        "anomaly_type": "POSSIBLE_METALLIC_ANOMALY"
      }
    },
    {
      "type": "Feature",
      "geometry": {
        "type": "Point",
        "coordinates": [
          74.01,
          14.98
        ]
      },
      "properties": {
        "layer": "measured_anomaly_points",
        "station_id": "DEMO_A",
        "start_timestamp": "2026-09-01 08:26:30+00:00",
        "end_timestamp": "2026-09-01 08:26:40+00:00",
        "representative_timestamp": "2026-09-01 08:26:40+00:00",
        "latitude": 14.98,
        "longitude": 74.01,
        "pi_strength": 0.4589621051377492,
        "temperature": 5.038976702250223,
        "temperature_delta": 0.22480670163901983,
        "magnetic_strength": 36.60635134884701,
        "heading": 88.16692992095341,
        "evidence_score": 0.4,
        "classification": "POSSIBLE_METALLIC_ANOMALY",
        "evidence_flags": [
          "MAGNETIC_LOCAL_EXCURSION"
        ],
        "data_provenance": "DEMO",
        "anomaly_type": "POSSIBLE_METALLIC_ANOMALY"
      }
    },
    {
      "type": "Feature",
      "geometry": {
        "type": "Point",
        "coordinates": [
          74.01,
          14.98
        ]
      },
      "properties": {
        "layer": "measured_anomaly_points",
        "station_id": "DEMO_A",
        "start_timestamp": "2026-09-01 08:27:00+00:00",
        "end_timestamp": "2026-09-01 08:27:20+00:00",
        "representative_timestamp": "2026-09-01 08:27:10+00:00",
        "latitude": 14.98,
        "longitude": 74.01,
        "pi_strength": 0.37680607528252325,
        "temperature": 4.863925154255344,
        "temperature_delta": 0.036600472049423516,
        "magnetic_strength": 30.032902735128797,
        "heading": 99.36781781469773,
        "evidence_score": 0.4,
        "classification": "POSSIBLE_METALLIC_ANOMALY",
        "evidence_flags": [
          "MAGNETIC_LOCAL_EXCURSION"
        ],
        "data_provenance": "DEMO",
        "anomaly_type": "POSSIBLE_METALLIC_ANOMALY"
      }
    },
    {
      "type": "Feature",
      "geometry": {
        "type": "Point",
        "coordinates": [
          74.01,
          14.98
        ]
      },
      "properties": {
        "layer": "measured_anomaly_points",
        "station_id": "DEMO_A",
        "start_timestamp": "2026-09-01 08:27:50+00:00",
        "end_timestamp": "2026-09-01 08:28:00+00:00",
        "representative_timestamp": "2026-09-01 08:28:00+00:00",
        "latitude": 14.98,
        "longitude": 74.01,
        "pi_strength": 0.38198138829194805,
        "temperature": 4.614710459823391,
        "temperature_delta": -0.22739719271232772,
        "magnetic_strength": 39.24074632106659,
        "heading": 89.08718869357438,
        "evidence_score": 0.4,
        "classification": "POSSIBLE_METALLIC_ANOMALY",
        "evidence_flags": [
          "MAGNETIC_LOCAL_EXCURSION"
        ],
        "data_provenance": "DEMO",
        "anomaly_type": "POSSIBLE_METALLIC_ANOMALY"
      }
    },
    {
      "type": "Feature",
      "geometry": {
        "type": "Point",
        "coordinates": [
          74.01,
          14.98
        ]
      },
      "properties": {
        "layer": "measured_anomaly_points",
        "station_id": "DEMO_A",
        "start_timestamp": "2026-09-01 08:28:30+00:00",
        "end_timestamp": "2026-09-01 08:28:30+00:00",
        "representative_timestamp": "2026-09-01 08:28:30+00:00",
        "latitude": 14.98,
        "longitude": 74.01,
        "pi_strength": 0.33034688288298153,
        "temperature": 4.886390252787407,
        "temperature_delta": 0.05038275262785419,
        "magnetic_strength": 37.150893791118776,
        "heading": 89.53965761133036,
        "evidence_score": 0.4,
        "classification": "POSSIBLE_METALLIC_ANOMALY",
        "evidence_flags": [
          "MAGNETIC_LOCAL_EXCURSION"
        ],
        "data_provenance": "DEMO",
        "anomaly_type": "POSSIBLE_METALLIC_ANOMALY"
      }
    },
    {
      "type": "Feature",
      "geometry": {
        "type": "Point",
        "coordinates": [
          74.01,
          14.98
        ]
      },
      "properties": {
        "layer": "measured_anomaly_points",
        "station_id": "DEMO_A",
        "start_timestamp": "2026-09-01 08:28:50+00:00",
        "end_timestamp": "2026-09-01 08:29:30+00:00",
        "representative_timestamp": "2026-09-01 08:29:10+00:00",
        "latitude": 14.98,
        "longitude": 74.01,
        "pi_strength": 0.39028189007075725,
        "temperature": 4.8986998132311275,
        "temperature_delta": 0.06269231307157508,
        "magnetic_strength": 38.43777353910932,
        "heading": 81.69092600547864,
        "evidence_score": 0.4,
        "classification": "POSSIBLE_METALLIC_ANOMALY",
        "evidence_flags": [
          "MAGNETIC_LOCAL_EXCURSION"
        ],
        "data_provenance": "DEMO",
        "anomaly_type": "POSSIBLE_METALLIC_ANOMALY"
      }
    },
    {
      "type": "Feature",
      "geometry": {
        "type": "Point",
        "coordinates": [
          74.01,
          14.98
        ]
      },
      "properties": {
        "layer": "measured_anomaly_points",
        "station_id": "DEMO_A",
        "start_timestamp": "2026-09-01 08:30:30+00:00",
        "end_timestamp": "2026-09-01 08:31:00+00:00",
        "representative_timestamp": "2026-09-01 08:30:50+00:00",
        "latitude": 14.98,
        "longitude": 74.01,
        "pi_strength": 0.28400138369595573,
        "temperature": 4.8275483085715045,
        "temperature_delta": 0.03162296027768097,
        "magnetic_strength": 31.777033884446514,
        "heading": 88.44076883736076,
        "evidence_score": 0.4,
        "classification": "POSSIBLE_METALLIC_ANOMALY",
        "evidence_flags": [
          "MAGNETIC_LOCAL_EXCURSION"
        ],
        "data_provenance": "DEMO",
        "anomaly_type": "POSSIBLE_METALLIC_ANOMALY"
      }
    },
    {
      "type": "Feature",
      "geometry": {
        "type": "Point",
        "coordinates": [
          74.0135,
          14.982
        ]
      },
      "properties": {
        "layer": "measured_anomaly_points",
        "station_id": "DEMO_B",
        "start_timestamp": "2026-09-01 08:18:50+00:00",
        "end_timestamp": "2026-09-01 08:21:20+00:00",
        "representative_timestamp": "2026-09-01 08:20:10+00:00",
        "latitude": 14.982,
        "longitude": 74.0135,
        "pi_strength": 0.4515885519681545,
        "temperature": 4.845505773093518,
        "temperature_delta": 0.8475302531141469,
        "magnetic_strength": 34.03867487207215,
        "heading": 98.91725661079289,
        "evidence_score": 1.0,
        "classification": "POSSIBLE_HYDROTHERMAL_ASSOCIATED_ANOMALY",
        "evidence_flags": [
          "PI_LOCAL_EXCURSION",
          "TEMPERATURE_LOCAL_EXCURSION",
          "MAGNETIC_LOCAL_EXCURSION"
        ],
        "data_provenance": "DEMO",
        "anomaly_type": "POSSIBLE_HYDROTHERMAL_ASSOCIATED_ANOMALY"
      }
    },
    {
      "type": "Feature",
      "geometry": {
        "type": "Point",
        "coordinates": [
          74.0135,
          14.982
        ]
      },
      "properties": {
        "layer": "measured_anomaly_points",
        "station_id": "DEMO_B",
        "start_timestamp": "2026-09-01 08:22:00+00:00",
        "end_timestamp": "2026-09-01 08:22:00+00:00",
        "representative_timestamp": "2026-09-01 08:22:00+00:00",
        "latitude": 14.982,
        "longitude": 74.0135,
        "pi_strength": 0.38391454761345434,
        "temperature": 4.906974221720038,
        "temperature_delta": 0.16103225163721735,
        "magnetic_strength": 30.558439109667376,
        "heading": 80.28752670351227,
        "evidence_score": 0.4,
        "classification": "POSSIBLE_METALLIC_ANOMALY",
        "evidence_flags": [
          "MAGNETIC_LOCAL_EXCURSION"
        ],
        "data_provenance": "DEMO",
        "anomaly_type": "POSSIBLE_METALLIC_ANOMALY"
      }
    },
    {
      "type": "Feature",
      "geometry": {
        "type": "Point",
        "coordinates": [
          74.0135,
          14.982
        ]
      },
      "properties": {
        "layer": "measured_anomaly_points",
        "station_id": "DEMO_B",
        "start_timestamp": "2026-09-01 08:22:20+00:00",
        "end_timestamp": "2026-09-01 08:23:00+00:00",
        "representative_timestamp": "2026-09-01 08:22:40+00:00",
        "latitude": 14.982,
        "longitude": 74.0135,
        "pi_strength": 0.41025368262546236,
        "temperature": 4.728119649117804,
        "temperature_delta": -0.05666916420658197,
        "magnetic_strength": 31.922249799210892,
        "heading": 92.71916082211474,
        "evidence_score": 0.4,
        "classification": "POSSIBLE_METALLIC_ANOMALY",
        "evidence_flags": [
          "MAGNETIC_LOCAL_EXCURSION"
        ],
        "data_provenance": "DEMO",
        "anomaly_type": "POSSIBLE_METALLIC_ANOMALY"
      }
    },
    {
      "type": "Feature",
      "geometry": {
        "type": "Point",
        "coordinates": [
          74.0135,
          14.982
        ]
      },
      "properties": {
        "layer": "measured_anomaly_points",
        "station_id": "DEMO_B",
        "start_timestamp": "2026-09-01 08:23:40+00:00",
        "end_timestamp": "2026-09-01 08:23:40+00:00",
        "representative_timestamp": "2026-09-01 08:23:40+00:00",
        "latitude": 14.982,
        "longitude": 74.0135,
        "pi_strength": 0.4415780008053398,
        "temperature": 4.8189180765866535,
        "temperature_delta": 0.03136184294196198,
        "magnetic_strength": 39.21844483859824,
        "heading": 98.75210348247619,
        "evidence_score": 0.4,
        "classification": "POSSIBLE_METALLIC_ANOMALY",
        "evidence_flags": [
          "MAGNETIC_LOCAL_EXCURSION"
        ],
        "data_provenance": "DEMO",
        "anomaly_type": "POSSIBLE_METALLIC_ANOMALY"
      }
    },
    {
      "type": "Feature",
      "geometry": {
        "type": "Point",
        "coordinates": [
          74.0135,
          14.982
        ]
      },
      "properties": {
        "layer": "measured_anomaly_points",
        "station_id": "DEMO_B",
        "start_timestamp": "2026-09-01 08:24:00+00:00",
        "end_timestamp": "2026-09-01 08:24:10+00:00",
        "representative_timestamp": "2026-09-01 08:24:10+00:00",
        "latitude": 14.982,
        "longitude": 74.0135,
        "pi_strength": 0.2896768857544089,
        "temperature": 4.743423157734483,
        "temperature_delta": -0.053872725347711814,
        "magnetic_strength": 36.053974796256036,
        "heading": 92.9405370889019,
        "evidence_score": 0.4,
        "classification": "POSSIBLE_METALLIC_ANOMALY",
        "evidence_flags": [
          "MAGNETIC_LOCAL_EXCURSION"
        ],
        "data_provenance": "DEMO",
        "anomaly_type": "POSSIBLE_METALLIC_ANOMALY"
      }
    },
    {
      "type": "Feature",
      "geometry": {
        "type": "Point",
        "coordinates": [
          74.0135,
          14.982
        ]
      },
      "properties": {
        "layer": "measured_anomaly_points",
        "station_id": "DEMO_B",
        "start_timestamp": "2026-09-01 08:24:30+00:00",
        "end_timestamp": "2026-09-01 08:24:30+00:00",
        "representative_timestamp": "2026-09-01 08:24:30+00:00",
        "latitude": 14.982,
        "longitude": 74.0135,
        "pi_strength": 0.45359943522351337,
        "temperature": 4.968349432852093,
        "temperature_delta": 0.18079319920740122,
        "magnetic_strength": 29.8471844870463,
        "heading": 87.28026015859209,
        "evidence_score": 0.4,
        "classification": "POSSIBLE_METALLIC_ANOMALY",
        "evidence_flags": [
          "MAGNETIC_LOCAL_EXCURSION"
        ],
        "data_provenance": "DEMO",
        "anomaly_type": "POSSIBLE_METALLIC_ANOMALY"
      }
    },
    {
      "type": "Feature",
      "geometry": {
        "type": "Point",
        "coordinates": [
          74.0135,
          14.982
        ]
      },
      "properties": {
        "layer": "measured_anomaly_points",
        "station_id": "DEMO_B",
        "start_timestamp": "2026-09-01 08:24:50+00:00",
        "end_timestamp": "2026-09-01 08:24:50+00:00",
        "representative_timestamp": "2026-09-01 08:24:50+00:00",
        "latitude": 14.982,
        "longitude": 74.0135,
        "pi_strength": 0.29019142082681704,
        "temperature": 4.943149615361709,
        "temperature_delta": 0.15559338171701764,
        "magnetic_strength": 31.85821410169186,
        "heading": 88.9129209010913,
        "evidence_score": 0.4,
        "classification": "POSSIBLE_METALLIC_ANOMALY",
        "evidence_flags": [
          "MAGNETIC_LOCAL_EXCURSION"
        ],
        "data_provenance": "DEMO",
        "anomaly_type": "POSSIBLE_METALLIC_ANOMALY"
      }
    },
    {
      "type": "Feature",
      "geometry": {
        "type": "Point",
        "coordinates": [
          74.0135,
          14.982
        ]
      },
      "properties": {
        "layer": "measured_anomaly_points",
        "station_id": "DEMO_B",
        "start_timestamp": "2026-09-01 08:25:20+00:00",
        "end_timestamp": "2026-09-01 08:26:00+00:00",
        "representative_timestamp": "2026-09-01 08:25:40+00:00",
        "latitude": 14.982,
        "longitude": 74.0135,
        "pi_strength": 0.4306575321416291,
        "temperature": 4.701399565660814,
        "temperature_delta": -0.11019118950454576,
        "magnetic_strength": 40.1845246486213,
        "heading": 93.1384511182337,
        "evidence_score": 0.4,
        "classification": "POSSIBLE_METALLIC_ANOMALY",
        "evidence_flags": [
          "MAGNETIC_LOCAL_EXCURSION"
        ],
        "data_provenance": "DEMO",
        "anomaly_type": "POSSIBLE_METALLIC_ANOMALY"
      }
    },
    {
      "type": "Feature",
      "geometry": {
        "type": "Point",
        "coordinates": [
          74.0135,
          14.982
        ]
      },
      "properties": {
        "layer": "measured_anomaly_points",
        "station_id": "DEMO_B",
        "start_timestamp": "2026-09-01 08:26:30+00:00",
        "end_timestamp": "2026-09-01 08:26:30+00:00",
        "representative_timestamp": "2026-09-01 08:26:30+00:00",
        "latitude": 14.982,
        "longitude": 74.0135,
        "pi_strength": 0.2985933077829762,
        "temperature": 4.774694758772385,
        "temperature_delta": -0.04791425734294741,
        "magnetic_strength": 31.66623930279853,
        "heading": 97.23350033986993,
        "evidence_score": 0.4,
        "classification": "POSSIBLE_METALLIC_ANOMALY",
        "evidence_flags": [
          "MAGNETIC_LOCAL_EXCURSION"
        ],
        "data_provenance": "DEMO",
        "anomaly_type": "POSSIBLE_METALLIC_ANOMALY"
      }
    },
    {
      "type": "Feature",
      "geometry": {
        "type": "Point",
        "coordinates": [
          74.0135,
          14.982
        ]
      },
      "properties": {
        "layer": "measured_anomaly_points",
        "station_id": "DEMO_B",
        "start_timestamp": "2026-09-01 08:26:50+00:00",
        "end_timestamp": "2026-09-01 08:26:50+00:00",
        "representative_timestamp": "2026-09-01 08:26:50+00:00",
        "latitude": 14.982,
        "longitude": 74.0135,
        "pi_strength": 0.3106210753163384,
        "temperature": 4.621994792947581,
        "temperature_delta": -0.2006142231677508,
        "magnetic_strength": 37.413352400057896,
        "heading": 81.42831121186477,
        "evidence_score": 0.4,
        "classification": "POSSIBLE_METALLIC_ANOMALY",
        "evidence_flags": [
          "MAGNETIC_LOCAL_EXCURSION"
        ],
        "data_provenance": "DEMO",
        "anomaly_type": "POSSIBLE_METALLIC_ANOMALY"
      }
    },
    {
      "type": "Feature",
      "geometry": {
        "type": "Point",
        "coordinates": [
          74.0135,
          14.982
        ]
      },
      "properties": {
        "layer": "measured_anomaly_points",
        "station_id": "DEMO_B",
        "start_timestamp": "2026-09-01 08:27:10+00:00",
        "end_timestamp": "2026-09-01 08:27:10+00:00",
        "representative_timestamp": "2026-09-01 08:27:10+00:00",
        "latitude": 14.982,
        "longitude": 74.0135,
        "pi_strength": 0.4586743992690483,
        "temperature": 4.684922911446754,
        "temperature_delta": -0.13399516513989962,
        "magnetic_strength": 36.44572724889314,
        "heading": 89.49142649458378,
        "evidence_score": 0.4,
        "classification": "POSSIBLE_METALLIC_ANOMALY",
        "evidence_flags": [
          "MAGNETIC_LOCAL_EXCURSION"
        ],
        "data_provenance": "DEMO",
        "anomaly_type": "POSSIBLE_METALLIC_ANOMALY"
      }
    },
    {
      "type": "Feature",
      "geometry": {
        "type": "Point",
        "coordinates": [
          74.0135,
          14.982
        ]
      },
      "properties": {
        "layer": "measured_anomaly_points",
        "station_id": "DEMO_B",
        "start_timestamp": "2026-09-01 08:27:30+00:00",
        "end_timestamp": "2026-09-01 08:27:40+00:00",
        "representative_timestamp": "2026-09-01 08:27:40+00:00",
        "latitude": 14.982,
        "longitude": 74.0135,
        "pi_strength": 0.28888564368643777,
        "temperature": 4.848679220492686,
        "temperature_delta": 0.029761143906032572,
        "magnetic_strength": 40.14392167576137,
        "heading": 85.45262810061763,
        "evidence_score": 0.4,
        "classification": "POSSIBLE_METALLIC_ANOMALY",
        "evidence_flags": [
          "MAGNETIC_LOCAL_EXCURSION"
        ],
        "data_provenance": "DEMO",
        "anomaly_type": "POSSIBLE_METALLIC_ANOMALY"
      }
    },
    {
      "type": "Feature",
      "geometry": {
        "type": "Point",
        "coordinates": [
          74.0135,
          14.982
        ]
      },
      "properties": {
        "layer": "measured_anomaly_points",
        "station_id": "DEMO_B",
        "start_timestamp": "2026-09-01 08:28:30+00:00",
        "end_timestamp": "2026-09-01 08:28:40+00:00",
        "representative_timestamp": "2026-09-01 08:28:40+00:00",
        "latitude": 14.982,
        "longitude": 74.0135,
        "pi_strength": 0.45699513384268664,
        "temperature": 4.983999793023295,
        "temperature_delta": 0.1353205725306088,
        "magnetic_strength": 31.36166455382164,
        "heading": 97.46351864715973,
        "evidence_score": 0.4,
        "classification": "POSSIBLE_METALLIC_ANOMALY",
        "evidence_flags": [
          "MAGNETIC_LOCAL_EXCURSION"
        ],
        "data_provenance": "DEMO",
        "anomaly_type": "POSSIBLE_METALLIC_ANOMALY"
      }
    },
    {
      "type": "Feature",
      "geometry": {
        "type": "Point",
        "coordinates": [
          74.0135,
          14.982
        ]
      },
      "properties": {
        "layer": "measured_anomaly_points",
        "station_id": "DEMO_B",
        "start_timestamp": "2026-09-01 08:29:20+00:00",
        "end_timestamp": "2026-09-01 08:29:20+00:00",
        "representative_timestamp": "2026-09-01 08:29:20+00:00",
        "latitude": 14.982,
        "longitude": 74.0135,
        "pi_strength": 0.32480331852470984,
        "temperature": 4.858636405818866,
        "temperature_delta": -0.007560475294067004,
        "magnetic_strength": 37.19428103619992,
        "heading": 96.8252148162517,
        "evidence_score": 0.4,
        "classification": "POSSIBLE_METALLIC_ANOMALY",
        "evidence_flags": [
          "MAGNETIC_LOCAL_EXCURSION"
        ],
        "data_provenance": "DEMO",
        "anomaly_type": "POSSIBLE_METALLIC_ANOMALY"
      }
    },
    {
      "type": "Feature",
      "geometry": {
        "type": "Point",
        "coordinates": [
          74.0135,
          14.982
        ]
      },
      "properties": {
        "layer": "measured_anomaly_points",
        "station_id": "DEMO_B",
        "start_timestamp": "2026-09-01 08:29:40+00:00",
        "end_timestamp": "2026-09-01 08:29:40+00:00",
        "representative_timestamp": "2026-09-01 08:29:40+00:00",
        "latitude": 14.982,
        "longitude": 74.0135,
        "pi_strength": 0.4474649297442973,
        "temperature": 4.6493470409547,
        "temperature_delta": -0.2092893648641665,
        "magnetic_strength": 40.35738070742069,
        "heading": 97.18257887922414,
        "evidence_score": 0.4,
        "classification": "POSSIBLE_METALLIC_ANOMALY",
        "evidence_flags": [
          "MAGNETIC_LOCAL_EXCURSION"
        ],
        "data_provenance": "DEMO",
        "anomaly_type": "POSSIBLE_METALLIC_ANOMALY"
      }
    },
    {
      "type": "Feature",
      "geometry": {
        "type": "Point",
        "coordinates": [
          74.0135,
          14.982
        ]
      },
      "properties": {
        "layer": "measured_anomaly_points",
        "station_id": "DEMO_B",
        "start_timestamp": "2026-09-01 08:30:40+00:00",
        "end_timestamp": "2026-09-01 08:30:40+00:00",
        "representative_timestamp": "2026-09-01 08:30:40+00:00",
        "latitude": 14.982,
        "longitude": 74.0135,
        "pi_strength": 0.45074623226607524,
        "temperature": 4.7232470224705745,
        "temperature_delta": -0.12543219802211159,
        "magnetic_strength": 37.94030769496352,
        "heading": 94.51794143118087,
        "evidence_score": 0.4,
        "classification": "POSSIBLE_METALLIC_ANOMALY",
        "evidence_flags": [
          "MAGNETIC_LOCAL_EXCURSION"
        ],
        "data_provenance": "DEMO",
        "anomaly_type": "POSSIBLE_METALLIC_ANOMALY"
      }
    },
    {
      "type": "Feature",
      "geometry": {
        "type": "Point",
        "coordinates": [
          74.0135,
          14.982
        ]
      },
      "properties": {
        "layer": "measured_anomaly_points",
        "station_id": "DEMO_B",
        "start_timestamp": "2026-09-01 08:31:00+00:00",
        "end_timestamp": "2026-09-01 08:31:00+00:00",
        "representative_timestamp": "2026-09-01 08:31:00+00:00",
        "latitude": 14.982,
        "longitude": 74.0135,
        "pi_strength": 0.31468628151807543,
        "temperature": 4.717390692848599,
        "temperature_delta": -0.13128852764408716,
        "magnetic_strength": 37.192719952472984,
        "heading": 97.53405168854593,
        "evidence_score": 0.4,
        "classification": "POSSIBLE_METALLIC_ANOMALY",
        "evidence_flags": [
          "MAGNETIC_LOCAL_EXCURSION"
        ],
        "data_provenance": "DEMO",
        "anomaly_type": "POSSIBLE_METALLIC_ANOMALY"
      }
    },
    {
      "type": "Feature",
      "geometry": {
        "type": "Point",
        "coordinates": [
          74.016,
          14.9805
        ]
      },
      "properties": {
        "layer": "measured_anomaly_points",
        "station_id": "DEMO_C",
        "start_timestamp": "2026-09-01 08:46:30+00:00",
        "end_timestamp": "2026-09-01 08:46:30+00:00",
        "representative_timestamp": "2026-09-01 08:46:30+00:00",
        "latitude": 14.9805,
        "longitude": 74.016,
        "pi_strength": 0.015093154291966586,
        "temperature": 4.345243234454748,
        "temperature_delta": 0.3634910853923441,
        "magnetic_strength": 35.34537573054175,
        "heading": 87.32470228089304,
        "evidence_score": 0.4,
        "classification": "POSSIBLE_THERMAL_ANOMALY",
        "evidence_flags": [
          "TEMPERATURE_LOCAL_EXCURSION"
        ],
        "data_provenance": "DEMO",
        "anomaly_type": "POSSIBLE_THERMAL_ANOMALY"
      }
    },
    {
      "type": "Feature",
      "geometry": {
        "type": "Point",
        "coordinates": [
          74.01,
          14.98
        ]
      },
      "properties": {
        "layer": "station_classification_summary",
        "station_id": "DEMO_A",
        "anomaly_type": "POSSIBLE_HYDROTHERMAL_ASSOCIATED_ANOMALY",
        "evidence_score": 1.0,
        "evidence_label": "Evidence / Confidence Score",
        "evidence_disclaimer": "Rule-based, not statistically calibrated.",
        "contributing_channels": [
          "PI_LOCAL_EXCURSION",
          "TEMPERATURE_LOCAL_EXCURSION",
          "MAGNETIC_LOCAL_EXCURSION"
        ],
        "rationale": "Localized anomaly windows: PI_LOCAL_EXCURSION; TEMPERATURE_LOCAL_EXCURSION; MAGNETIC_LOCAL_EXCURSION",
        "data_provenance": "DEMO"
      }
    },
    {
      "type": "Feature",
      "geometry": {
        "type": "Point",
        "coordinates": [
          74.0135,
          14.982
        ]
      },
      "properties": {
        "layer": "station_classification_summary",
        "station_id": "DEMO_B",
        "anomaly_type": "POSSIBLE_HYDROTHERMAL_ASSOCIATED_ANOMALY",
        "evidence_score": 1.0,
        "evidence_label": "Evidence / Confidence Score",
        "evidence_disclaimer": "Rule-based, not statistically calibrated.",
        "contributing_channels": [
          "PI_LOCAL_EXCURSION",
          "TEMPERATURE_LOCAL_EXCURSION",
          "MAGNETIC_LOCAL_EXCURSION"
        ],
        "rationale": "Localized anomaly windows: PI_LOCAL_EXCURSION; TEMPERATURE_LOCAL_EXCURSION; MAGNETIC_LOCAL_EXCURSION",
        "data_provenance": "DEMO"
      }
    },
    {
      "type": "Feature",
      "geometry": {
        "type": "Point",
        "coordinates": [
          74.016,
          14.9805
        ]
      },
      "properties": {
        "layer": "station_classification_summary",
        "station_id": "DEMO_C",
        "anomaly_type": "POSSIBLE_THERMAL_ANOMALY",
        "evidence_score": 0.4,
        "evidence_label": "Evidence / Confidence Score",
        "evidence_disclaimer": "Rule-based, not statistically calibrated.",
        "contributing_channels": [
          "TEMPERATURE_LOCAL_EXCURSION"
        ],
        "rationale": "Localized anomaly windows: TEMPERATURE_LOCAL_EXCURSION",
        "data_provenance": "DEMO"
      }
    },
    {
      "type": "Feature",
      "geometry": {
        "type": "Polygon",
        "coordinates": [
          [
            [
              74.01,
              14.98
            ],
            [
              74.01132967161386,
              14.983376077585268
            ],
            [
              74.01161193245494,
              14.983257807466698
            ],
            [
              74.0118831816645,
              14.983117282924345
            ],
            [
              74.01214156627665,
              14.98295546392503
            ],
            [
              74.01238532121896,
              14.982773455902354
            ],
            [
              74.01261278137082,
              14.982572502204206
            ],
            [
              74.01282239293876,
              14.982353975598134
            ],
            [
              74.01301272407059,
              14.982119368892555
            ],
            [
              74.01318247463625,
              14.981870284738008
            ],
            [
              74.01333048510837,
              14.9816084246781
            ],
            [
              74.01345574448182,
              14.981335577524975
            ],
            [
              74.01355739717849,
              14.981053607138739
            ],
            [
              74.01363474888963,
              14.98076443969438
            ],
            [
              74.0136872713167,
              14.980470050523243
            ],
            [
              74.01371460577742,
              14.98017245061877
            ],
            [
              74.01371656565343,
              14.979873672898965
            ],
            [
              74.01369313766209,
              14.979575758319251
            ],
            [
              74.01364448194447,
              14.979280741930642
            ],
            [
              74.01357093096851,
              14.9789906389785
            ],
            [
              74.01347298725523,
              14.978707431136803
            ],
            [
              74.01,
              14.98
            ]
          ]
        ]
      },
      "properties": {
        "layer": "drift_sectors",
        "station_id": "DEMO_A",
        "bearing_deg": 65.94948313297303,
        "drift_radius_m": 400.0,
        "note": "Uncertainty extent \u2014 NOT exact target position",
        "data_provenance": "CALCULATED"
      }
    },
    {
      "type": "Feature",
      "geometry": {
        "type": "Polygon",
        "coordinates": [
          [
            [
              74.0135,
              14.982
            ],
            [
              74.0149498817517,
              14.985328993372347
            ],
            [
              74.01522773467444,
              14.985201235349878
            ],
            [
              74.01549378489247,
              14.985051609365517
            ],
            [
              74.01574621496053,
              14.98488113756002
            ],
            [
              74.01598330048851,
              14.984690984475765
            ],
            [
              74.01620342192189,
              14.984482449100485
            ],
            [
              74.01640507560535,
              14.984256955992459
            ],
            [
              74.01658688405445,
              14.984016045548035
            ],
            [
              74.01674760536476,
              14.983761363477747
            ],
            [
              74.01688614169454,
              14.983494649563173
            ],
            [
              74.01700154676277,
              14.983217725771228
            ],
            [
              74.01709303231145,
              14.982932483807165
            ],
            [
              74.01715997348826,
              14.982640872191386
            ],
            [
              74.01720191311243,
              14.982344882948263
            ],
            [
              74.01721856479527,
              14.982046537998036
            ],
            [
              74.01720981489362,
              14.981747875344666
            ],
            [
              74.0171757232834,
              14.981450935154033
            ],
            [
              74.0171165229476,
              14.981157745817667
            ],
            [
              74.0170326183821,
              14.980870310097016
            ],
            [
              74.01692458282982,
              14.980590591443113
            ],
            [
              74.0135,
              14.982
            ]
          ]
        ]
      },
      "properties": {
        "layer": "drift_sectors",
        "station_id": "DEMO_B",
        "bearing_deg": 67.94611791051048,
        "drift_radius_m": 400.0,
        "note": "Uncertainty extent \u2014 NOT exact target position",
        "data_provenance": "CALCULATED"
      }
    },
    {
      "type": "Feature",
      "geometry": {
        "type": "Polygon",
        "coordinates": [
          [
            [
              74.016,
              14.9805
            ],
            [
              74.01740651851986,
              14.983846522890893
            ],
            [
              74.01768600675771,
              14.983722185128602
            ],
            [
              74.01795397734423,
              14.983575836289951
            ],
            [
              74.01820859971379,
              14.983408476128822
            ],
            [
              74.01844813449819,
              14.983221247931445
            ],
            [
              74.01867094540933,
              14.983015430705331
            ],
            [
              74.01887551041743,
              14.982792430441012
            ],
            [
              74.01906043214811,
              14.982553770506334
            ],
            [
              74.0192244474275,
              14.982301081238916
            ],
            [
              74.01936643591033,
              14.982036088808043
            ],
            [
              74.01948542773168,
              14.981760603421872
            ],
            [
              74.01958061013055,
              14.981476506960801
            ],
            [
              74.01965133299981,
              14.981185740121305
            ],
            [
              74.01969711332472,
              14.980890289158221
            ],
            [
              74.01971763847996,
              14.980592172316008
            ],
            [
              74.01971276836231,
              14.980293426041664
            ],
            [
              74.01968253634489,
              14.979996091073577
            ],
            [
              74.01962714904636,
              14.979702198501215
            ],
            [
              74.0195469849166,
              14.97941375589106
            ],
            [
              74.01944259164893,
              14.979132733573284
            ],
            [
              74.016,
              14.9805
            ]
          ]
        ]
      },
      "properties": {
        "layer": "drift_sectors",
        "station_id": "DEMO_C",
        "bearing_deg": 67.22271136138258,
        "drift_radius_m": 400.0,
        "note": "Uncertainty extent \u2014 NOT exact target position",
        "data_provenance": "CALCULATED"
      }
    },
    {
      "type": "Feature",
      "geometry": {
        "type": "Point",
        "coordinates": [
          74.00500000000001,
          14.975
        ]
      },
      "properties": {
        "layer": "interpolated_heatmap",
        "value": 0.4397,
        "label": "Interpolated anomaly intensity",
        "disclaimer": "Interpolated estimate \u2014 NOT a direct measurement",
        "data_provenance": "INFERRED"
      }
    },
    {
      "type": "Feature",
      "geometry": {
        "type": "Point",
        "coordinates": [
          74.00500000000001,
          14.975307692307691
        ]
      },
      "properties": {
        "layer": "interpolated_heatmap",
        "value": 0.4398,
        "label": "Interpolated anomaly intensity",
        "disclaimer": "Interpolated estimate \u2014 NOT a direct measurement",
        "data_provenance": "INFERRED"
      }
    },
    {
      "type": "Feature",
      "geometry": {
        "type": "Point",
        "coordinates": [
          74.00500000000001,
          14.975615384615384
        ]
      },
      "properties": {
        "layer": "interpolated_heatmap",
        "value": 0.4398,
        "label": "Interpolated anomaly intensity",
        "disclaimer": "Interpolated estimate \u2014 NOT a direct measurement",
        "data_provenance": "INFERRED"
      }
    },
    {
      "type": "Feature",
      "geometry": {
        "type": "Point",
        "coordinates": [
          74.00500000000001,
          14.975923076923076
        ]
      },
      "properties": {
        "layer": "interpolated_heatmap",
        "value": 0.4399,
        "label": "Interpolated anomaly intensity",
        "disclaimer": "Interpolated estimate \u2014 NOT a direct measurement",
        "data_provenance": "INFERRED"
      }
    },
    {
      "type": "Feature",
      "geometry": {
        "type": "Point",
        "coordinates": [
          74.00500000000001,
          14.976230769230769
        ]
      },
      "properties": {
        "layer": "interpolated_heatmap",
        "value": 0.44,
        "label": "Interpolated anomaly intensity",
        "disclaimer": "Interpolated estimate \u2014 NOT a direct measurement",
        "data_provenance": "INFERRED"
      }
    },
    {
      "type": "Feature",
      "geometry": {
        "type": "Point",
        "coordinates": [
          74.00500000000001,
          14.97653846153846
        ]
      },
      "properties": {
        "layer": "interpolated_heatmap",
        "value": 0.44,
        "label": "Interpolated anomaly intensity",
        "disclaimer": "Interpolated estimate \u2014 NOT a direct measurement",
        "data_provenance": "INFERRED"
      }
    },
    {
      "type": "Feature",
      "geometry": {
        "type": "Point",
        "coordinates": [
          74.00500000000001,
          14.976846153846154
        ]
      },
      "properties": {
        "layer": "interpolated_heatmap",
        "value": 0.4401,
        "label": "Interpolated anomaly intensity",
        "disclaimer": "Interpolated estimate \u2014 NOT a direct measurement",
        "data_provenance": "INFERRED"
      }
    },
    {
      "type": "Feature",
      "geometry": {
        "type": "Point",
        "coordinates": [
          74.00500000000001,
          14.977153846153845
        ]
      },
      "properties": {
        "layer": "interpolated_heatmap",
        "value": 0.4401,
        "label": "Interpolated anomaly intensity",
        "disclaimer": "Interpolated estimate \u2014 NOT a direct measurement",
        "data_provenance": "INFERRED"
      }
    },
    {
      "type": "Feature",
      "geometry": {
        "type": "Point",
        "coordinates": [
          74.00500000000001,
          14.977461538461538
        ]
      },
      "properties": {
        "layer": "interpolated_heatmap",
        "value": 0.4402,
        "label": "Interpolated anomaly intensity",
        "disclaimer": "Interpolated estimate \u2014 NOT a direct measurement",
        "data_provenance": "INFERRED"
      }
    },
    {
      "type": "Feature",
      "geometry": {
        "type": "Point",
        "coordinates": [
          74.00500000000001,
          14.97776923076923
        ]
      },
      "properties": {
        "layer": "interpolated_heatmap",
        "value": 0.4402,
        "label": "Interpolated anomaly intensity",
        "disclaimer": "Interpolated estimate \u2014 NOT a direct measurement",
        "data_provenance": "INFERRED"
      }
    },
    {
      "type": "Feature",
      "geometry": {
        "type": "Point",
        "coordinates": [
          74.00500000000001,
          14.978076923076923
        ]
      },
      "properties": {
        "layer": "interpolated_heatmap",
        "value": 0.4402,
        "label": "Interpolated anomaly intensity",
        "disclaimer": "Interpolated estimate \u2014 NOT a direct measurement",
        "data_provenance": "INFERRED"
      }
    },
    {
      "type": "Feature",
      "geometry": {
        "type": "Point",
        "coordinates": [
          74.00500000000001,
          14.978384615384615
        ]
      },
      "properties": {
        "layer": "interpolated_heatmap",
        "value": 0.4403,
        "label": "Interpolated anomaly intensity",
        "disclaimer": "Interpolated estimate \u2014 NOT a direct measurement",
        "data_provenance": "INFERRED"
      }
    },
    {
      "type": "Feature",
      "geometry": {
        "type": "Point",
        "coordinates": [
          74.00500000000001,
          14.978692307692308
        ]
      },
      "properties": {
        "layer": "interpolated_heatmap",
        "value": 0.4403,
        "label": "Interpolated anomaly intensity",
        "disclaimer": "Interpolated estimate \u2014 NOT a direct measurement",
        "data_provenance": "INFERRED"
      }
    },
    {
      "type": "Feature",
      "geometry": {
        "type": "Point",
        "coordinates": [
          74.00500000000001,
          14.979
        ]
      },
      "properties": {
        "layer": "interpolated_heatmap",
        "value": 0.4403,
        "label": "Interpolated anomaly intensity",
        "disclaimer": "Interpolated estimate \u2014 NOT a direct measurement",
        "data_provenance": "INFERRED"
      }
    },
    {
      "type": "Feature",
      "geometry": {
        "type": "Point",
        "coordinates": [
          74.00500000000001,
          14.979307692307692
        ]
      },
      "properties": {
        "layer": "interpolated_heatmap",
        "value": 0.4403,
        "label": "Interpolated anomaly intensity",
        "disclaimer": "Interpolated estimate \u2014 NOT a direct measurement",
        "data_provenance": "INFERRED"
      }
    },
    {
      "type": "Feature",
      "geometry": {
        "type": "Point",
        "coordinates": [
          74.00500000000001,
          14.979615384615384
        ]
      },
      "properties": {
        "layer": "interpolated_heatmap",
        "value": 0.4403,
        "label": "Interpolated anomaly intensity",
        "disclaimer": "Interpolated estimate \u2014 NOT a direct measurement",
        "data_provenance": "INFERRED"
      }
    },
    {
      "type": "Feature",
      "geometry": {
        "type": "Point",
        "coordinates": [
          74.00500000000001,
          14.979923076923077
        ]
      },
      "properties": {
        "layer": "interpolated_heatmap",
        "value": 0.4403,
        "label": "Interpolated anomaly intensity",
        "disclaimer": "Interpolated estimate \u2014 NOT a direct measurement",
        "data_provenance": "INFERRED"
      }
    },
    {
      "type": "Feature",
      "geometry": {
        "type": "Point",
        "coordinates": [
          74.00500000000001,
          14.980230769230769
        ]
      },
      "properties": {
        "layer": "interpolated_heatmap",
        "value": 0.4403,
        "label": "Interpolated anomaly intensity",
        "disclaimer": "Interpolated estimate \u2014 NOT a direct measurement",
        "data_provenance": "INFERRED"
      }
    },
    {
      "type": "Feature",
      "geometry": {
        "type": "Point",
        "coordinates": [
          74.00500000000001,
          14.980538461538462
        ]
      },
      "properties": {
        "layer": "interpolated_heatmap",
        "value": 0.4402,
        "label": "Interpolated anomaly intensity",
        "disclaimer": "Interpolated estimate \u2014 NOT a direct measurement",
        "data_provenance": "INFERRED"
      }
    },
    {
      "type": "Feature",
      "geometry": {
        "type": "Point",
        "coordinates": [
          74.00500000000001,
          14.980846153846153
        ]
      },
      "properties": {
        "layer": "interpolated_heatmap",
        "value": 0.4402,
        "label": "Interpolated anomaly intensity",
        "disclaimer": "Interpolated estimate \u2014 NOT a direct measurement",
        "data_provenance": "INFERRED"
      }
    },
    {
      "type": "Feature",
      "geometry": {
        "type": "Point",
        "coordinates": [
          74.00500000000001,
          14.981153846153846
        ]
      },
      "properties": {
        "layer": "interpolated_heatmap",
        "value": 0.4401,
        "label": "Interpolated anomaly intensity",
        "disclaimer": "Interpolated estimate \u2014 NOT a direct measurement",
        "data_provenance": "INFERRED"
      }
    },
    {
      "type": "Feature",
      "geometry": {
        "type": "Point",
        "coordinates": [
          74.00500000000001,
          14.981461538461538
        ]
      },
      "properties": {
        "layer": "interpolated_heatmap",
        "value": 0.4401,
        "label": "Interpolated anomaly intensity",
        "disclaimer": "Interpolated estimate \u2014 NOT a direct measurement",
        "data_provenance": "INFERRED"
      }
    },
    {
      "type": "Feature",
      "geometry": {
        "type": "Point",
        "coordinates": [
          74.00500000000001,
          14.981769230769231
        ]
      },
      "properties": {
        "layer": "interpolated_heatmap",
        "value": 0.44,
        "label": "Interpolated anomaly intensity",
        "disclaimer": "Interpolated estimate \u2014 NOT a direct measurement",
        "data_provenance": "INFERRED"
      }
    },
    {
      "type": "Feature",
      "geometry": {
        "type": "Point",
        "coordinates": [
          74.00500000000001,
          14.982076923076923
        ]
      },
      "properties": {
        "layer": "interpolated_heatmap",
        "value": 0.4399,
        "label": "Interpolated anomaly intensity",
        "disclaimer": "Interpolated estimate \u2014 NOT a direct measurement",
        "data_provenance": "INFERRED"
      }
    },
    {
      "type": "Feature",
      "geometry": {
        "type": "Point",
        "coordinates": [
          74.00500000000001,
          14.982384615384616
        ]
      },
      "properties": {
        "layer": "interpolated_heatmap",
        "value": 0.4398,
        "label": "Interpolated anomaly intensity",
        "disclaimer": "Interpolated estimate \u2014 NOT a direct measurement",
        "data_provenance": "INFERRED"
      }
    },
    {
      "type": "Feature",
      "geometry": {
        "type": "Point",
        "coordinates": [
          74.00500000000001,
          14.982692307692307
        ]
      },
      "properties": {
        "layer": "interpolated_heatmap",
        "value": 0.4397,
        "label": "Interpolated anomaly intensity",
        "disclaimer": "Interpolated estimate \u2014 NOT a direct measurement",
        "data_provenance": "INFERRED"
      }
    },
    {
      "type": "Feature",
      "geometry": {
        "type": "Point",
        "coordinates": [
          74.00500000000001,
          14.983
        ]
      },
      "properties": {
        "layer": "interpolated_heatmap",
        "value": 0.4396,
        "label": "Interpolated anomaly intensity",
        "disclaimer": "Interpolated estimate \u2014 NOT a direct measurement",
        "data_provenance": "INFERRED"
      }
    },
    {
      "type": "Feature",
      "geometry": {
        "type": "Point",
        "coordinates": [
          74.00500000000001,
          14.983307692307692
        ]
      },
      "properties": {
        "layer": "interpolated_heatmap",
        "value": 0.4396,
        "label": "Interpolated anomaly intensity",
        "disclaimer": "Interpolated estimate \u2014 NOT a direct measurement",
        "data_provenance": "INFERRED"
      }
    },
    {
      "type": "Feature",
      "geometry": {
        "type": "Point",
        "coordinates": [
          74.00500000000001,
          14.983615384615385
        ]
      },
      "properties": {
        "layer": "interpolated_heatmap",
        "value": 0.4395,
        "label": "Interpolated anomaly intensity",
        "disclaimer": "Interpolated estimate \u2014 NOT a direct measurement",
        "data_provenance": "INFERRED"
      }
    },
    {
      "type": "Feature",
      "geometry": {
        "type": "Point",
        "coordinates": [
          74.00500000000001,
          14.983923076923077
        ]
      },
      "properties": {
        "layer": "interpolated_heatmap",
        "value": 0.4394,
        "label": "Interpolated anomaly intensity",
        "disclaimer": "Interpolated estimate \u2014 NOT a direct measurement",
        "data_provenance": "INFERRED"
      }
    },
    {
      "type": "Feature",
      "geometry": {
        "type": "Point",
        "coordinates": [
          74.00500000000001,
          14.98423076923077
        ]
      },
      "properties": {
        "layer": "interpolated_heatmap",
        "value": 0.4393,
        "label": "Interpolated anomaly intensity",
        "disclaimer": "Interpolated estimate \u2014 NOT a direct measurement",
        "data_provenance": "INFERRED"
      }
    },
    {
      "type": "Feature",
      "geometry": {
        "type": "Point",
        "coordinates": [
          74.00500000000001,
          14.984538461538461
        ]
      },
      "properties": {
        "layer": "interpolated_heatmap",
        "value": 0.4392,
        "label": "Interpolated anomaly intensity",
        "disclaimer": "Interpolated estimate \u2014 NOT a direct measurement",
        "data_provenance": "INFERRED"
      }
    },
    {
      "type": "Feature",
      "geometry": {
        "type": "Point",
        "coordinates": [
          74.00500000000001,
          14.984846153846155
        ]
      },
      "properties": {
        "layer": "interpolated_heatmap",
        "value": 0.4391,
        "label": "Interpolated anomaly intensity",
        "disclaimer": "Interpolated estimate \u2014 NOT a direct measurement",
        "data_provenance": "INFERRED"
      }
    },
    {
      "type": "Feature",
      "geometry": {
        "type": "Point",
        "coordinates": [
          74.00500000000001,
          14.985153846153846
        ]
      },
      "properties": {
        "layer": "interpolated_heatmap",
        "value": 0.439,
        "label": "Interpolated anomaly intensity",
        "disclaimer": "Interpolated estimate \u2014 NOT a direct measurement",
        "data_provenance": "INFERRED"
      }
    },
    {
      "type": "Feature",
      "geometry": {
        "type": "Point",
        "coordinates": [
          74.00500000000001,
          14.98546153846154
        ]
      },
      "properties": {
        "layer": "interpolated_heatmap",
        "value": 0.4389,
        "label": "Interpolated anomaly intensity",
        "disclaimer": "Interpolated estimate \u2014 NOT a direct measurement",
        "data_provenance": "INFERRED"
      }
    },
    {
      "type": "Feature",
      "geometry": {
        "type": "Point",
        "coordinates": [
          74.00500000000001,
          14.98576923076923
        ]
      },
      "properties": {
        "layer": "interpolated_heatmap",
        "value": 0.4389,
        "label": "Interpolated anomaly intensity",
        "disclaimer": "Interpolated estimate \u2014 NOT a direct measurement",
        "data_provenance": "INFERRED"
      }
    },
    {
      "type": "Feature",
      "geometry": {
        "type": "Point",
        "coordinates": [
          74.00500000000001,
          14.986076923076924
        ]
      },
      "properties": {
        "layer": "interpolated_heatmap",
        "value": 0.4388,
        "label": "Interpolated anomaly intensity",
        "disclaimer": "Interpolated estimate \u2014 NOT a direct measurement",
        "data_provenance": "INFERRED"
      }
    },
    {
      "type": "Feature",
      "geometry": {
        "type": "Point",
        "coordinates": [
          74.00500000000001,
          14.986384615384615
        ]
      },
      "properties": {
        "layer": "interpolated_heatmap",
        "value": 0.4387,
        "label": "Interpolated anomaly intensity",
        "disclaimer": "Interpolated estimate \u2014 NOT a direct measurement",
        "data_provenance": "INFERRED"
      }
    },
    {
      "type": "Feature",
      "geometry": {
        "type": "Point",
        "coordinates": [
          74.00500000000001,
          14.986692307692309
        ]
      },
      "properties": {
        "layer": "interpolated_heatmap",
        "value": 0.4386,
        "label": "Interpolated anomaly intensity",
        "disclaimer": "Interpolated estimate \u2014 NOT a direct measurement",
        "data_provenance": "INFERRED"
      }
    },
    {
      "type": "Feature",
      "geometry": {
        "type": "Point",
        "coordinates": [
          74.00500000000001,
          14.987
        ]
      },
      "properties": {
        "layer": "interpolated_heatmap",
        "value": 0.4386,
        "label": "Interpolated anomaly intensity",
        "disclaimer": "Interpolated estimate \u2014 NOT a direct measurement",
        "data_provenance": "INFERRED"
      }
    },
    {
      "type": "Feature",
      "geometry": {
        "type": "Point",
        "coordinates": [
          74.00541025641027,
          14.975
        ]
      },
      "properties": {
        "layer": "interpolated_heatmap",
        "value": 0.4398,
        "label": "Interpolated anomaly intensity",
        "disclaimer": "Interpolated estimate \u2014 NOT a direct measurement",
        "data_provenance": "INFERRED"
      }
    },
    {
      "type": "Feature",
      "geometry": {
        "type": "Point",
        "coordinates": [
          74.00541025641027,
          14.975307692307691
        ]
      },
      "properties": {
        "layer": "interpolated_heatmap",
        "value": 0.4398,
        "label": "Interpolated anomaly intensity",
        "disclaimer": "Interpolated estimate \u2014 NOT a direct measurement",
        "data_provenance": "INFERRED"
      }
    },
    {
      "type": "Feature",
      "geometry": {
        "type": "Point",
        "coordinates": [
          74.00541025641027,
          14.975615384615384
        ]
      },
      "properties": {
        "layer": "interpolated_heatmap",
        "value": 0.4399,
        "label": "Interpolated anomaly intensity",
        "disclaimer": "Interpolated estimate \u2014 NOT a direct measurement",
        "data_provenance": "INFERRED"
      }
    },
    {
      "type": "Feature",
      "geometry": {
        "type": "Point",
        "coordinates": [
          74.00541025641027,
          14.975923076923076
        ]
      },
      "properties": {
        "layer": "interpolated_heatmap",
        "value": 0.44,
        "label": "Interpolated anomaly intensity",
        "disclaimer": "Interpolated estimate \u2014 NOT a direct measurement",
        "data_provenance": "INFERRED"
      }
    },
    {
      "type": "Feature",
      "geometry": {
        "type": "Point",
        "coordinates": [
          74.00541025641027,
          14.976230769230769
        ]
      },
      "properties": {
        "layer": "interpolated_heatmap",
        "value": 0.44,
        "label": "Interpolated anomaly intensity",
        "disclaimer": "Interpolated estimate \u2014 NOT a direct measurement",
        "data_provenance": "INFERRED"
      }
    },
    {
      "type": "Feature",
      "geometry": {
        "type": "Point",
        "coordinates": [
          74.00541025641027,
          14.97653846153846
        ]
      },
      "properties": {
        "layer": "interpolated_heatmap",
        "value": 0.4401,
        "label": "Interpolated anomaly intensity",
        "disclaimer": "Interpolated estimate \u2014 NOT a direct measurement",
        "data_provenance": "INFERRED"
      }
    },
    {
      "type": "Feature",
      "geometry": {
        "type": "Point",
        "coordinates": [
          74.00541025641027,
          14.976846153846154
        ]
      },
      "properties": {
        "layer": "interpolated_heatmap",
        "value": 0.4402,
        "label": "Interpolated anomaly intensity",
        "disclaimer": "Interpolated estimate \u2014 NOT a direct measurement",
        "data_provenance": "INFERRED"
      }
    },
    {
      "type": "Feature",
      "geometry": {
        "type": "Point",
        "coordinates": [
          74.00541025641027,
          14.977153846153845
        ]
      },
      "properties": {
        "layer": "interpolated_heatmap",
        "value": 0.4402,
        "label": "Interpolated anomaly intensity",
        "disclaimer": "Interpolated estimate \u2014 NOT a direct measurement",
        "data_provenance": "INFERRED"
      }
    },
    {
      "type": "Feature",
      "geometry": {
        "type": "Point",
        "coordinates": [
          74.00541025641027,
          14.977461538461538
        ]
      },
      "properties": {
        "layer": "interpolated_heatmap",
        "value": 0.4403,
        "label": "Interpolated anomaly intensity",
        "disclaimer": "Interpolated estimate \u2014 NOT a direct measurement",
        "data_provenance": "INFERRED"
      }
    },
    {
      "type": "Feature",
      "geometry": {
        "type": "Point",
        "coordinates": [
          74.00541025641027,
          14.97776923076923
        ]
      },
      "properties": {
        "layer": "interpolated_heatmap",
        "value": 0.4403,
        "label": "Interpolated anomaly intensity",
        "disclaimer": "Interpolated estimate \u2014 NOT a direct measurement",
        "data_provenance": "INFERRED"
      }
    },
    {
      "type": "Feature",
      "geometry": {
        "type": "Point",
        "coordinates": [
          74.00541025641027,
          14.978076923076923
        ]
      },
      "properties": {
        "layer": "interpolated_heatmap",
        "value": 0.4404,
        "label": "Interpolated anomaly intensity",
        "disclaimer": "Interpolated estimate \u2014 NOT a direct measurement",
        "data_provenance": "INFERRED"
      }
    },
    {
      "type": "Feature",
      "geometry": {
        "type": "Point",
        "coordinates": [
          74.00541025641027,
          14.978384615384615
        ]
      },
      "properties": {
        "layer": "interpolated_heatmap",
        "value": 0.4404,
        "label": "Interpolated anomaly intensity",
        "disclaimer": "Interpolated estimate \u2014 NOT a direct measurement",
        "data_provenance": "INFERRED"
      }
    },
    {
      "type": "Feature",
      "geometry": {
        "type": "Point",
        "coordinates": [
          74.00541025641027,
          14.978692307692308
        ]
      },
      "properties": {
        "layer": "interpolated_heatmap",
        "value": 0.4404,
        "label": "Interpolated anomaly intensity",
        "disclaimer": "Interpolated estimate \u2014 NOT a direct measurement",
        "data_provenance": "INFERRED"
      }
    },
    {
      "type": "Feature",
      "geometry": {
        "type": "Point",
        "coordinates": [
          74.00541025641027,
          14.979
        ]
      },
      "properties": {
        "layer": "interpolated_heatmap",
        "value": 0.4404,
        "label": "Interpolated anomaly intensity",
        "disclaimer": "Interpolated estimate \u2014 NOT a direct measurement",
        "data_provenance": "INFERRED"
      }
    },
    {
      "type": "Feature",
      "geometry": {
        "type": "Point",
        "coordinates": [
          74.00541025641027,
          14.979307692307692
        ]
      },
      "properties": {
        "layer": "interpolated_heatmap",
        "value": 0.4405,
        "label": "Interpolated anomaly intensity",
        "disclaimer": "Interpolated estimate \u2014 NOT a direct measurement",
        "data_provenance": "INFERRED"
      }
    },
    {
      "type": "Feature",
      "geometry": {
        "type": "Point",
        "coordinates": [
          74.00541025641027,
          14.979615384615384
        ]
      },
      "properties": {
        "layer": "interpolated_heatmap",
        "value": 0.4404,
        "label": "Interpolated anomaly intensity",
        "disclaimer": "Interpolated estimate \u2014 NOT a direct measurement",
        "data_provenance": "INFERRED"
      }
    },
    {
      "type": "Feature",
      "geometry": {
        "type": "Point",
        "coordinates": [
          74.00541025641027,
          14.979923076923077
        ]
      },
      "properties": {
        "layer": "interpolated_heatmap",
        "value": 0.4404,
        "label": "Interpolated anomaly intensity",
        "disclaimer": "Interpolated estimate \u2014 NOT a direct measurement",
        "data_provenance": "INFERRED"
      }
    },
    {
      "type": "Feature",
      "geometry": {
        "type": "Point",
        "coordinates": [
          74.00541025641027,
          14.980230769230769
        ]
      },
      "properties": {
        "layer": "interpolated_heatmap",
        "value": 0.4404,
        "label": "Interpolated anomaly intensity",
        "disclaimer": "Interpolated estimate \u2014 NOT a direct measurement",
        "data_provenance": "INFERRED"
      }
    },
    {
      "type": "Feature",
      "geometry": {
        "type": "Point",
        "coordinates": [
          74.00541025641027,
          14.980538461538462
        ]
      },
      "properties": {
        "layer": "interpolated_heatmap",
        "value": 0.4404,
        "label": "Interpolated anomaly intensity",
        "disclaimer": "Interpolated estimate \u2014 NOT a direct measurement",
        "data_provenance": "INFERRED"
      }
    },
    {
      "type": "Feature",
      "geometry": {
        "type": "Point",
        "coordinates": [
          74.00541025641027,
          14.980846153846153
        ]
      },
      "properties": {
        "layer": "interpolated_heatmap",
        "value": 0.4403,
        "label": "Interpolated anomaly intensity",
        "disclaimer": "Interpolated estimate \u2014 NOT a direct measurement",
        "data_provenance": "INFERRED"
      }
    },
    {
      "type": "Feature",
      "geometry": {
        "type": "Point",
        "coordinates": [
          74.00541025641027,
          14.981153846153846
        ]
      },
      "properties": {
        "layer": "interpolated_heatmap",
        "value": 0.4402,
        "label": "Interpolated anomaly intensity",
        "disclaimer": "Interpolated estimate \u2014 NOT a direct measurement",
        "data_provenance": "INFERRED"
      }
    },
    {
      "type": "Feature",
      "geometry": {
        "type": "Point",
        "coordinates": [
          74.00541025641027,
          14.981461538461538
        ]
      },
      "properties": {
        "layer": "interpolated_heatmap",
        "value": 0.4402,
        "label": "Interpolated anomaly intensity",
        "disclaimer": "Interpolated estimate \u2014 NOT a direct measurement",
        "data_provenance": "INFERRED"
      }
    },
    {
      "type": "Feature",
      "geometry": {
        "type": "Point",
        "coordinates": [
          74.00541025641027,
          14.981769230769231
        ]
      },
      "properties": {
        "layer": "interpolated_heatmap",
        "value": 0.4401,
        "label": "Interpolated anomaly intensity",
        "disclaimer": "Interpolated estimate \u2014 NOT a direct measurement",
        "data_provenance": "INFERRED"
      }
    },
    {
      "type": "Feature",
      "geometry": {
        "type": "Point",
        "coordinates": [
          74.00541025641027,
          14.982076923076923
        ]
      },
      "properties": {
        "layer": "interpolated_heatmap",
        "value": 0.44,
        "label": "Interpolated anomaly intensity",
        "disclaimer": "Interpolated estimate \u2014 NOT a direct measurement",
        "data_provenance": "INFERRED"
      }
    },
    {
      "type": "Feature",
      "geometry": {
        "type": "Point",
        "coordinates": [
          74.00541025641027,
          14.982384615384616
        ]
      },
      "properties": {
        "layer": "interpolated_heatmap",
        "value": 0.4399,
        "label": "Interpolated anomaly intensity",
        "disclaimer": "Interpolated estimate \u2014 NOT a direct measurement",
        "data_provenance": "INFERRED"
      }
    },
    {
      "type": "Feature",
      "geometry": {
        "type": "Point",
        "coordinates": [
          74.00541025641027,
          14.982692307692307
        ]
      },
      "properties": {
        "layer": "interpolated_heatmap",
        "value": 0.4398,
        "label": "Interpolated anomaly intensity",
        "disclaimer": "Interpolated estimate \u2014 NOT a direct measurement",
        "data_provenance": "INFERRED"
      }
    },
    {
      "type": "Feature",
      "geometry": {
        "type": "Point",
        "coordinates": [
          74.00541025641027,
          14.983
        ]
      },
      "properties": {
        "layer": "interpolated_heatmap",
        "value": 0.4397,
        "label": "Interpolated anomaly intensity",
        "disclaimer": "Interpolated estimate \u2014 NOT a direct measurement",
        "data_provenance": "INFERRED"
      }
    },
    {
      "type": "Feature",
      "geometry": {
        "type": "Point",
        "coordinates": [
          74.00541025641027,
          14.983307692307692
        ]
      },
      "properties": {
        "layer": "interpolated_heatmap",
        "value": 0.4396,
        "label": "Interpolated anomaly intensity",
        "disclaimer": "Interpolated estimate \u2014 NOT a direct measurement",
        "data_provenance": "INFERRED"
      }
    },
    {
      "type": "Feature",
      "geometry": {
        "type": "Point",
        "coordinates": [
          74.00541025641027,
          14.983615384615385
        ]
      },
      "properties": {
        "layer": "interpolated_heatmap",
        "value": 0.4395,
        "label": "Interpolated anomaly intensity",
        "disclaimer": "Interpolated estimate \u2014 NOT a direct measurement",
        "data_provenance": "INFERRED"
      }
    },
    {
      "type": "Feature",
      "geometry": {
        "type": "Point",
        "coordinates": [
          74.00541025641027,
          14.983923076923077
        ]
      },
      "properties": {
        "layer": "interpolated_heatmap",
        "value": 0.4394,
        "label": "Interpolated anomaly intensity",
        "disclaimer": "Interpolated estimate \u2014 NOT a direct measurement",
        "data_provenance": "INFERRED"
      }
    },
    {
      "type": "Feature",
      "geometry": {
        "type": "Point",
        "coordinates": [
          74.00541025641027,
          14.98423076923077
        ]
      },
      "properties": {
        "layer": "interpolated_heatmap",
        "value": 0.4393,
        "label": "Interpolated anomaly intensity",
        "disclaimer": "Interpolated estimate \u2014 NOT a direct measurement",
        "data_provenance": "INFERRED"
      }
    },
    {
      "type": "Feature",
      "geometry": {
        "type": "Point",
        "coordinates": [
          74.00541025641027,
          14.984538461538461
        ]
      },
      "properties": {
        "layer": "interpolated_heatmap",
        "value": 0.4392,
        "label": "Interpolated anomaly intensity",
        "disclaimer": "Interpolated estimate \u2014 NOT a direct measurement",
        "data_provenance": "INFERRED"
      }
    },
    {
      "type": "Feature",
      "geometry": {
        "type": "Point",
        "coordinates": [
          74.00541025641027,
          14.984846153846155
        ]
      },
      "properties": {
        "layer": "interpolated_heatmap",
        "value": 0.4391,
        "label": "Interpolated anomaly intensity",
        "disclaimer": "Interpolated estimate \u2014 NOT a direct measurement",
        "data_provenance": "INFERRED"
      }
    },
    {
      "type": "Feature",
      "geometry": {
        "type": "Point",
        "coordinates": [
          74.00541025641027,
          14.985153846153846
        ]
      },
      "properties": {
        "layer": "interpolated_heatmap",
        "value": 0.439,
        "label": "Interpolated anomaly intensity",
        "disclaimer": "Interpolated estimate \u2014 NOT a direct measurement",
        "data_provenance": "INFERRED"
      }
    },
    {
      "type": "Feature",
      "geometry": {
        "type": "Point",
        "coordinates": [
          74.00541025641027,
          14.98546153846154
        ]
      },
      "properties": {
        "layer": "interpolated_heatmap",
        "value": 0.4389,
        "label": "Interpolated anomaly intensity",
        "disclaimer": "Interpolated estimate \u2014 NOT a direct measurement",
        "data_provenance": "INFERRED"
      }
    },
    {
      "type": "Feature",
      "geometry": {
        "type": "Point",
        "coordinates": [
          74.00541025641027,
          14.98576923076923
        ]
      },
      "properties": {
        "layer": "interpolated_heatmap",
        "value": 0.4388,
        "label": "Interpolated anomaly intensity",
        "disclaimer": "Interpolated estimate \u2014 NOT a direct measurement",
        "data_provenance": "INFERRED"
      }
    },
    {
      "type": "Feature",
      "geometry": {
        "type": "Point",
        "coordinates": [
          74.00541025641027,
          14.986076923076924
        ]
      },
      "properties": {
        "layer": "interpolated_heatmap",
        "value": 0.4388,
        "label": "Interpolated anomaly intensity",
        "disclaimer": "Interpolated estimate \u2014 NOT a direct measurement",
        "data_provenance": "INFERRED"
      }
    },
    {
      "type": "Feature",
      "geometry": {
        "type": "Point",
        "coordinates": [
          74.00541025641027,
          14.986384615384615
        ]
      },
      "properties": {
        "layer": "interpolated_heatmap",
        "value": 0.4387,
        "label": "Interpolated anomaly intensity",
        "disclaimer": "Interpolated estimate \u2014 NOT a direct measurement",
        "data_provenance": "INFERRED"
      }
    },
    {
      "type": "Feature",
      "geometry": {
        "type": "Point",
        "coordinates": [
          74.00541025641027,
          14.986692307692309
        ]
      },
      "properties": {
        "layer": "interpolated_heatmap",
        "value": 0.4386,
        "label": "Interpolated anomaly intensity",
        "disclaimer": "Interpolated estimate \u2014 NOT a direct measurement",
        "data_provenance": "INFERRED"
      }
    },
    {
      "type": "Feature",
      "geometry": {
        "type": "Point",
        "coordinates": [
          74.00541025641027,
          14.987
        ]
      },
      "properties": {
        "layer": "interpolated_heatmap",
        "value": 0.4385,
        "label": "Interpolated anomaly intensity",
        "disclaimer": "Interpolated estimate \u2014 NOT a direct measurement",
        "data_provenance": "INFERRED"
      }
    },
    {
      "type": "Feature",
      "geometry": {
        "type": "Point",
        "coordinates": [
          74.00582051282052,
          14.975
        ]
      },
      "properties": {
        "layer": "interpolated_heatmap",
        "value": 0.4398,
        "label": "Interpolated anomaly intensity",
        "disclaimer": "Interpolated estimate \u2014 NOT a direct measurement",
        "data_provenance": "INFERRED"
      }
    },
    {
      "type": "Feature",
      "geometry": {
        "type": "Point",
        "coordinates": [
          74.00582051282052,
          14.975307692307691
        ]
      },
      "properties": {
        "layer": "interpolated_heatmap",
        "value": 0.4399,
        "label": "Interpolated anomaly intensity",
        "disclaimer": "Interpolated estimate \u2014 NOT a direct measurement",
        "data_provenance": "INFERRED"
      }
    },
    {
      "type": "Feature",
      "geometry": {
        "type": "Point",
        "coordinates": [
          74.00582051282052,
          14.975615384615384
        ]
      },
      "properties": {
        "layer": "interpolated_heatmap",
        "value": 0.44,
        "label": "Interpolated anomaly intensity",
        "disclaimer": "Interpolated estimate \u2014 NOT a direct measurement",
        "data_provenance": "INFERRED"
      }
    },
    {
      "type": "Feature",
      "geometry": {
        "type": "Point",
        "coordinates": [
          74.00582051282052,
          14.975923076923076
        ]
      },
      "properties": {
        "layer": "interpolated_heatmap",
        "value": 0.44,
        "label": "Interpolated anomaly intensity",
        "disclaimer": "Interpolated estimate \u2014 NOT a direct measurement",
        "data_provenance": "INFERRED"
      }
    },
    {
      "type": "Feature",
      "geometry": {
        "type": "Point",
        "coordinates": [
          74.00582051282052,
          14.976230769230769
        ]
      },
      "properties": {
        "layer": "interpolated_heatmap",
        "value": 0.4401,
        "label": "Interpolated anomaly intensity",
        "disclaimer": "Interpolated estimate \u2014 NOT a direct measurement",
        "data_provenance": "INFERRED"
      }
    },
    {
      "type": "Feature",
      "geometry": {
        "type": "Point",
        "coordinates": [
          74.00582051282052,
          14.97653846153846
        ]
      },
      "properties": {
        "layer": "interpolated_heatmap",
        "value": 0.4402,
        "label": "Interpolated anomaly intensity",
        "disclaimer": "Interpolated estimate \u2014 NOT a direct measurement",
        "data_provenance": "INFERRED"
      }
    },
    {
      "type": "Feature",
      "geometry": {
        "type": "Point",
        "coordinates": [
          74.00582051282052,
          14.976846153846154
        ]
      },
      "properties": {
        "layer": "interpolated_heatmap",
        "value": 0.4403,
        "label": "Interpolated anomaly intensity",
        "disclaimer": "Interpolated estimate \u2014 NOT a direct measurement",
        "data_provenance": "INFERRED"
      }
    },
    {
      "type": "Feature",
      "geometry": {
        "type": "Point",
        "coordinates": [
          74.00582051282052,
          14.977153846153845
        ]
      },
      "properties": {
        "layer": "interpolated_heatmap",
        "value": 0.4403,
        "label": "Interpolated anomaly intensity",
        "disclaimer": "Interpolated estimate \u2014 NOT a direct measurement",
        "data_provenance": "INFERRED"
      }
    },
    {
      "type": "Feature",
      "geometry": {
        "type": "Point",
        "coordinates": [
          74.00582051282052,
          14.977461538461538
        ]
      },
      "properties": {
        "layer": "interpolated_heatmap",
        "value": 0.4404,
        "label": "Interpolated anomaly intensity",
        "disclaimer": "Interpolated estimate \u2014 NOT a direct measurement",
        "data_provenance": "INFERRED"
      }
    },
    {
      "type": "Feature",
      "geometry": {
        "type": "Point",
        "coordinates": [
          74.00582051282052,
          14.97776923076923
        ]
      },
      "properties": {
        "layer": "interpolated_heatmap",
        "value": 0.4404,
        "label": "Interpolated anomaly intensity",
        "disclaimer": "Interpolated estimate \u2014 NOT a direct measurement",
        "data_provenance": "INFERRED"
      }
    },
    {
      "type": "Feature",
      "geometry": {
        "type": "Point",
        "coordinates": [
          74.00582051282052,
          14.978076923076923
        ]
      },
      "properties": {
        "layer": "interpolated_heatmap",
        "value": 0.4405,
        "label": "Interpolated anomaly intensity",
        "disclaimer": "Interpolated estimate \u2014 NOT a direct measurement",
        "data_provenance": "INFERRED"
      }
    },
    {
      "type": "Feature",
      "geometry": {
        "type": "Point",
        "coordinates": [
          74.00582051282052,
          14.978384615384615
        ]
      },
      "properties": {
        "layer": "interpolated_heatmap",
        "value": 0.4405,
        "label": "Interpolated anomaly intensity",
        "disclaimer": "Interpolated estimate \u2014 NOT a direct measurement",
        "data_provenance": "INFERRED"
      }
    },
    {
      "type": "Feature",
      "geometry": {
        "type": "Point",
        "coordinates": [
          74.00582051282052,
          14.978692307692308
        ]
      },
      "properties": {
        "layer": "interpolated_heatmap",
        "value": 0.4406,
        "label": "Interpolated anomaly intensity",
        "disclaimer": "Interpolated estimate \u2014 NOT a direct measurement",
        "data_provenance": "INFERRED"
      }
    },
    {
      "type": "Feature",
      "geometry": {
        "type": "Point",
        "coordinates": [
          74.00582051282052,
          14.979
        ]
      },
      "properties": {
        "layer": "interpolated_heatmap",
        "value": 0.4406,
        "label": "Interpolated anomaly intensity",
        "disclaimer": "Interpolated estimate \u2014 NOT a direct measurement",
        "data_provenance": "INFERRED"
      }
    },
    {
      "type": "Feature",
      "geometry": {
        "type": "Point",
        "coordinates": [
          74.00582051282052,
          14.979307692307692
        ]
      },
      "properties": {
        "layer": "interpolated_heatmap",
        "value": 0.4406,
        "label": "Interpolated anomaly intensity",
        "disclaimer": "Interpolated estimate \u2014 NOT a direct measurement",
        "data_provenance": "INFERRED"
      }
    },
    {
      "type": "Feature",
      "geometry": {
        "type": "Point",
        "coordinates": [
          74.00582051282052,
          14.979615384615384
        ]
      },
      "properties": {
        "layer": "interpolated_heatmap",
        "value": 0.4406,
        "label": "Interpolated anomaly intensity",
        "disclaimer": "Interpolated estimate \u2014 NOT a direct measurement",
        "data_provenance": "INFERRED"
      }
    },
    {
      "type": "Feature",
      "geometry": {
        "type": "Point",
        "coordinates": [
          74.00582051282052,
          14.979923076923077
        ]
      },
      "properties": {
        "layer": "interpolated_heatmap",
        "value": 0.4406,
        "label": "Interpolated anomaly intensity",
        "disclaimer": "Interpolated estimate \u2014 NOT a direct measurement",
        "data_provenance": "INFERRED"
      }
    },
    {
      "type": "Feature",
      "geometry": {
        "type": "Point",
        "coordinates": [
          74.00582051282052,
          14.980230769230769
        ]
      },
      "properties": {
        "layer": "interpolated_heatmap",
        "value": 0.4406,
        "label": "Interpolated anomaly intensity",
        "disclaimer": "Interpolated estimate \u2014 NOT a direct measurement",
        "data_provenance": "INFERRED"
      }
    },
    {
      "type": "Feature",
      "geometry": {
        "type": "Point",
        "coordinates": [
          74.00582051282052,
          14.980538461538462
        ]
      },
      "properties": {
        "layer": "interpolated_heatmap",
        "value": 0.4405,
        "label": "Interpolated anomaly intensity",
        "disclaimer": "Interpolated estimate \u2014 NOT a direct measurement",
        "data_provenance": "INFERRED"
      }
    },
    {
      "type": "Feature",
      "geometry": {
        "type": "Point",
        "coordinates": [
          74.00582051282052,
          14.980846153846153
        ]
      },
      "properties": {
        "layer": "interpolated_heatmap",
        "value": 0.4405,
        "label": "Interpolated anomaly intensity",
        "disclaimer": "Interpolated estimate \u2014 NOT a direct measurement",
        "data_provenance": "INFERRED"
      }
    },
    {
      "type": "Feature",
      "geometry": {
        "type": "Point",
        "coordinates": [
          74.00582051282052,
          14.981153846153846
        ]
      },
      "properties": {
        "layer": "interpolated_heatmap",
        "value": 0.4404,
        "label": "Interpolated anomaly intensity",
        "disclaimer": "Interpolated estimate \u2014 NOT a direct measurement",
        "data_provenance": "INFERRED"
      }
    },
    {
      "type": "Feature",
      "geometry": {
        "type": "Point",
        "coordinates": [
          74.00582051282052,
          14.981461538461538
        ]
      },
      "properties": {
        "layer": "interpolated_heatmap",
        "value": 0.4403,
        "label": "Interpolated anomaly intensity",
        "disclaimer": "Interpolated estimate \u2014 NOT a direct measurement",
        "data_provenance": "INFERRED"
      }
    },
    {
      "type": "Feature",
      "geometry": {
        "type": "Point",
        "coordinates": [
          74.00582051282052,
          14.981769230769231
        ]
      },
      "properties": {
        "layer": "interpolated_heatmap",
        "value": 0.4402,
        "label": "Interpolated anomaly intensity",
        "disclaimer": "Interpolated estimate \u2014 NOT a direct measurement",
        "data_provenance": "INFERRED"
      }
    },
    {
      "type": "Feature",
      "geometry": {
        "type": "Point",
        "coordinates": [
          74.00582051282052,
          14.982076923076923
        ]
      },
      "properties": {
        "layer": "interpolated_heatmap",
        "value": 0.4401,
        "label": "Interpolated anomaly intensity",
        "disclaimer": "Interpolated estimate \u2014 NOT a direct measurement",
        "data_provenance": "INFERRED"
      }
    },
    {
      "type": "Feature",
      "geometry": {
        "type": "Point",
        "coordinates": [
          74.00582051282052,
          14.982384615384616
        ]
      },
      "properties": {
        "layer": "interpolated_heatmap",
        "value": 0.44,
        "label": "Interpolated anomaly intensity",
        "disclaimer": "Interpolated estimate \u2014 NOT a direct measurement",
        "data_provenance": "INFERRED"
      }
    },
    {
      "type": "Feature",
      "geometry": {
        "type": "Point",
        "coordinates": [
          74.00582051282052,
          14.982692307692307
        ]
      },
      "properties": {
        "layer": "interpolated_heatmap",
        "value": 0.4399,
        "label": "Interpolated anomaly intensity",
        "disclaimer": "Interpolated estimate \u2014 NOT a direct measurement",
        "data_provenance": "INFERRED"
      }
    },
    {
      "type": "Feature",
      "geometry": {
        "type": "Point",
        "coordinates": [
          74.00582051282052,
          14.983
        ]
      },
      "properties": {
        "layer": "interpolated_heatmap",
        "value": 0.4398,
        "label": "Interpolated anomaly intensity",
        "disclaimer": "Interpolated estimate \u2014 NOT a direct measurement",
        "data_provenance": "INFERRED"
      }
    },
    {
      "type": "Feature",
      "geometry": {
        "type": "Point",
        "coordinates": [
          74.00582051282052,
          14.983307692307692
        ]
      },
      "properties": {
        "layer": "interpolated_heatmap",
        "value": 0.4397,
        "label": "Interpolated anomaly intensity",
        "disclaimer": "Interpolated estimate \u2014 NOT a direct measurement",
        "data_provenance": "INFERRED"
      }
    },
    {
      "type": "Feature",
      "geometry": {
        "type": "Point",
        "coordinates": [
          74.00582051282052,
          14.983615384615385
        ]
      },
      "properties": {
        "layer": "interpolated_heatmap",
        "value": 0.4395,
        "label": "Interpolated anomaly intensity",
        "disclaimer": "Interpolated estimate \u2014 NOT a direct measurement",
        "data_provenance": "INFERRED"
      }
    },
    {
      "type": "Feature",
      "geometry": {
        "type": "Point",
        "coordinates": [
          74.00582051282052,
          14.983923076923077
        ]
      },
      "properties": {
        "layer": "interpolated_heatmap",
        "value": 0.4394,
        "label": "Interpolated anomaly intensity",
        "disclaimer": "Interpolated estimate \u2014 NOT a direct measurement",
        "data_provenance": "INFERRED"
      }
    },
    {
      "type": "Feature",
      "geometry": {
        "type": "Point",
        "coordinates": [
          74.00582051282052,
          14.98423076923077
        ]
      },
      "properties": {
        "layer": "interpolated_heatmap",
        "value": 0.4393,
        "label": "Interpolated anomaly intensity",
        "disclaimer": "Interpolated estimate \u2014 NOT a direct measurement",
        "data_provenance": "INFERRED"
      }
    },
    {
      "type": "Feature",
      "geometry": {
        "type": "Point",
        "coordinates": [
          74.00582051282052,
          14.984538461538461
        ]
      },
      "properties": {
        "layer": "interpolated_heatmap",
        "value": 0.4392,
        "label": "Interpolated anomaly intensity",
        "disclaimer": "Interpolated estimate \u2014 NOT a direct measurement",
        "data_provenance": "INFERRED"
      }
    },
    {
      "type": "Feature",
      "geometry": {
        "type": "Point",
        "coordinates": [
          74.00582051282052,
          14.984846153846155
        ]
      },
      "properties": {
        "layer": "interpolated_heatmap",
        "value": 0.4391,
        "label": "Interpolated anomaly intensity",
        "disclaimer": "Interpolated estimate \u2014 NOT a direct measurement",
        "data_provenance": "INFERRED"
      }
    },
    {
      "type": "Feature",
      "geometry": {
        "type": "Point",
        "coordinates": [
          74.00582051282052,
          14.985153846153846
        ]
      },
      "properties": {
        "layer": "interpolated_heatmap",
        "value": 0.439,
        "label": "Interpolated anomaly intensity",
        "disclaimer": "Interpolated estimate \u2014 NOT a direct measurement",
        "data_provenance": "INFERRED"
      }
    },
    {
      "type": "Feature",
      "geometry": {
        "type": "Point",
        "coordinates": [
          74.00582051282052,
          14.98546153846154
        ]
      },
      "properties": {
        "layer": "interpolated_heatmap",
        "value": 0.4389,
        "label": "Interpolated anomaly intensity",
        "disclaimer": "Interpolated estimate \u2014 NOT a direct measurement",
        "data_provenance": "INFERRED"
      }
    },
    {
      "type": "Feature",
      "geometry": {
        "type": "Point",
        "coordinates": [
          74.00582051282052,
          14.98576923076923
        ]
      },
      "properties": {
        "layer": "interpolated_heatmap",
        "value": 0.4388,
        "label": "Interpolated anomaly intensity",
        "disclaimer": "Interpolated estimate \u2014 NOT a direct measurement",
        "data_provenance": "INFERRED"
      }
    },
    {
      "type": "Feature",
      "geometry": {
        "type": "Point",
        "coordinates": [
          74.00582051282052,
          14.986076923076924
        ]
      },
      "properties": {
        "layer": "interpolated_heatmap",
        "value": 0.4387,
        "label": "Interpolated anomaly intensity",
        "disclaimer": "Interpolated estimate \u2014 NOT a direct measurement",
        "data_provenance": "INFERRED"
      }
    },
    {
      "type": "Feature",
      "geometry": {
        "type": "Point",
        "coordinates": [
          74.00582051282052,
          14.986384615384615
        ]
      },
      "properties": {
        "layer": "interpolated_heatmap",
        "value": 0.4387,
        "label": "Interpolated anomaly intensity",
        "disclaimer": "Interpolated estimate \u2014 NOT a direct measurement",
        "data_provenance": "INFERRED"
      }
    },
    {
      "type": "Feature",
      "geometry": {
        "type": "Point",
        "coordinates": [
          74.00582051282052,
          14.986692307692309
        ]
      },
      "properties": {
        "layer": "interpolated_heatmap",
        "value": 0.4386,
        "label": "Interpolated anomaly intensity",
        "disclaimer": "Interpolated estimate \u2014 NOT a direct measurement",
        "data_provenance": "INFERRED"
      }
    },
    {
      "type": "Feature",
      "geometry": {
        "type": "Point",
        "coordinates": [
          74.00582051282052,
          14.987
        ]
      },
      "properties": {
        "layer": "interpolated_heatmap",
        "value": 0.4385,
        "label": "Interpolated anomaly intensity",
        "disclaimer": "Interpolated estimate \u2014 NOT a direct measurement",
        "data_provenance": "INFERRED"
      }
    },
    {
      "type": "Feature",
      "geometry": {
        "type": "Point",
        "coordinates": [
          74.00623076923078,
          14.975
        ]
      },
      "properties": {
        "layer": "interpolated_heatmap",
        "value": 0.4398,
        "label": "Interpolated anomaly intensity",
        "disclaimer": "Interpolated estimate \u2014 NOT a direct measurement",
        "data_provenance": "INFERRED"
      }
    },
    {
      "type": "Feature",
      "geometry": {
        "type": "Point",
        "coordinates": [
          74.00623076923078,
          14.975307692307691
        ]
      },
      "properties": {
        "layer": "interpolated_heatmap",
        "value": 0.4399,
        "label": "Interpolated anomaly intensity",
        "disclaimer": "Interpolated estimate \u2014 NOT a direct measurement",
        "data_provenance": "INFERRED"
      }
    },
    {
      "type": "Feature",
      "geometry": {
        "type": "Point",
        "coordinates": [
          74.00623076923078,
          14.975615384615384
        ]
      },
      "properties": {
        "layer": "interpolated_heatmap",
        "value": 0.44,
        "label": "Interpolated anomaly intensity",
        "disclaimer": "Interpolated estimate \u2014 NOT a direct measurement",
        "data_provenance": "INFERRED"
      }
    },
    {
      "type": "Feature",
      "geometry": {
        "type": "Point",
        "coordinates": [
          74.00623076923078,
          14.975923076923076
        ]
      },
      "properties": {
        "layer": "interpolated_heatmap",
        "value": 0.4401,
        "label": "Interpolated anomaly intensity",
        "disclaimer": "Interpolated estimate \u2014 NOT a direct measurement",
        "data_provenance": "INFERRED"
      }
    },
    {
      "type": "Feature",
      "geometry": {
        "type": "Point",
        "coordinates": [
          74.00623076923078,
          14.976230769230769
        ]
      },
      "properties": {
        "layer": "interpolated_heatmap",
        "value": 0.4402,
        "label": "Interpolated anomaly intensity",
        "disclaimer": "Interpolated estimate \u2014 NOT a direct measurement",
        "data_provenance": "INFERRED"
      }
    },
    {
      "type": "Feature",
      "geometry": {
        "type": "Point",
        "coordinates": [
          74.00623076923078,
          14.97653846153846
        ]
      },
      "properties": {
        "layer": "interpolated_heatmap",
        "value": 0.4403,
        "label": "Interpolated anomaly intensity",
        "disclaimer": "Interpolated estimate \u2014 NOT a direct measurement",
        "data_provenance": "INFERRED"
      }
    },
    {
      "type": "Feature",
      "geometry": {
        "type": "Point",
        "coordinates": [
          74.00623076923078,
          14.976846153846154
        ]
      },
      "properties": {
        "layer": "interpolated_heatmap",
        "value": 0.4403,
        "label": "Interpolated anomaly intensity",
        "disclaimer": "Interpolated estimate \u2014 NOT a direct measurement",
        "data_provenance": "INFERRED"
      }
    },
    {
      "type": "Feature",
      "geometry": {
        "type": "Point",
        "coordinates": [
          74.00623076923078,
          14.977153846153845
        ]
      },
      "properties": {
        "layer": "interpolated_heatmap",
        "value": 0.4404,
        "label": "Interpolated anomaly intensity",
        "disclaimer": "Interpolated estimate \u2014 NOT a direct measurement",
        "data_provenance": "INFERRED"
      }
    },
    {
      "type": "Feature",
      "geometry": {
        "type": "Point",
        "coordinates": [
          74.00623076923078,
          14.977461538461538
        ]
      },
      "properties": {
        "layer": "interpolated_heatmap",
        "value": 0.4405,
        "label": "Interpolated anomaly intensity",
        "disclaimer": "Interpolated estimate \u2014 NOT a direct measurement",
        "data_provenance": "INFERRED"
      }
    },
    {
      "type": "Feature",
      "geometry": {
        "type": "Point",
        "coordinates": [
          74.00623076923078,
          14.97776923076923
        ]
      },
      "properties": {
        "layer": "interpolated_heatmap",
        "value": 0.4406,
        "label": "Interpolated anomaly intensity",
        "disclaimer": "Interpolated estimate \u2014 NOT a direct measurement",
        "data_provenance": "INFERRED"
      }
    },
    {
      "type": "Feature",
      "geometry": {
        "type": "Point",
        "coordinates": [
          74.00623076923078,
          14.978076923076923
        ]
      },
      "properties": {
        "layer": "interpolated_heatmap",
        "value": 0.4406,
        "label": "Interpolated anomaly intensity",
        "disclaimer": "Interpolated estimate \u2014 NOT a direct measurement",
        "data_provenance": "INFERRED"
      }
    },
    {
      "type": "Feature",
      "geometry": {
        "type": "Point",
        "coordinates": [
          74.00623076923078,
          14.978384615384615
        ]
      },
      "properties": {
        "layer": "interpolated_heatmap",
        "value": 0.4407,
        "label": "Interpolated anomaly intensity",
        "disclaimer": "Interpolated estimate \u2014 NOT a direct measurement",
        "data_provenance": "INFERRED"
      }
    },
    {
      "type": "Feature",
      "geometry": {
        "type": "Point",
        "coordinates": [
          74.00623076923078,
          14.978692307692308
        ]
      },
      "properties": {
        "layer": "interpolated_heatmap",
        "value": 0.4407,
        "label": "Interpolated anomaly intensity",
        "disclaimer": "Interpolated estimate \u2014 NOT a direct measurement",
        "data_provenance": "INFERRED"
      }
    },
    {
      "type": "Feature",
      "geometry": {
        "type": "Point",
        "coordinates": [
          74.00623076923078,
          14.979
        ]
      },
      "properties": {
        "layer": "interpolated_heatmap",
        "value": 0.4408,
        "label": "Interpolated anomaly intensity",
        "disclaimer": "Interpolated estimate \u2014 NOT a direct measurement",
        "data_provenance": "INFERRED"
      }
    },
    {
      "type": "Feature",
      "geometry": {
        "type": "Point",
        "coordinates": [
          74.00623076923078,
          14.979307692307692
        ]
      },
      "properties": {
        "layer": "interpolated_heatmap",
        "value": 0.4408,
        "label": "Interpolated anomaly intensity",
        "disclaimer": "Interpolated estimate \u2014 NOT a direct measurement",
        "data_provenance": "INFERRED"
      }
    },
    {
      "type": "Feature",
      "geometry": {
        "type": "Point",
        "coordinates": [
          74.00623076923078,
          14.979615384615384
        ]
      },
      "properties": {
        "layer": "interpolated_heatmap",
        "value": 0.4408,
        "label": "Interpolated anomaly intensity",
        "disclaimer": "Interpolated estimate \u2014 NOT a direct measurement",
        "data_provenance": "INFERRED"
      }
    },
    {
      "type": "Feature",
      "geometry": {
        "type": "Point",
        "coordinates": [
          74.00623076923078,
          14.979923076923077
        ]
      },
      "properties": {
        "layer": "interpolated_heatmap",
        "value": 0.4408,
        "label": "Interpolated anomaly intensity",
        "disclaimer": "Interpolated estimate \u2014 NOT a direct measurement",
        "data_provenance": "INFERRED"
      }
    },
    {
      "type": "Feature",
      "geometry": {
        "type": "Point",
        "coordinates": [
          74.00623076923078,
          14.980230769230769
        ]
      },
      "properties": {
        "layer": "interpolated_heatmap",
        "value": 0.4407,
        "label": "Interpolated anomaly intensity",
        "disclaimer": "Interpolated estimate \u2014 NOT a direct measurement",
        "data_provenance": "INFERRED"
      }
    },
    {
      "type": "Feature",
      "geometry": {
        "type": "Point",
        "coordinates": [
          74.00623076923078,
          14.980538461538462
        ]
      },
      "properties": {
        "layer": "interpolated_heatmap",
        "value": 0.4407,
        "label": "Interpolated anomaly intensity",
        "disclaimer": "Interpolated estimate \u2014 NOT a direct measurement",
        "data_provenance": "INFERRED"
      }
    },
    {
      "type": "Feature",
      "geometry": {
        "type": "Point",
        "coordinates": [
          74.00623076923078,
          14.980846153846153
        ]
      },
      "properties": {
        "layer": "interpolated_heatmap",
        "value": 0.4406,
        "label": "Interpolated anomaly intensity",
        "disclaimer": "Interpolated estimate \u2014 NOT a direct measurement",
        "data_provenance": "INFERRED"
      }
    },
    {
      "type": "Feature",
      "geometry": {
        "type": "Point",
        "coordinates": [
          74.00623076923078,
          14.981153846153846
        ]
      },
      "properties": {
        "layer": "interpolated_heatmap",
        "value": 0.4405,
        "label": "Interpolated anomaly intensity",
        "disclaimer": "Interpolated estimate \u2014 NOT a direct measurement",
        "data_provenance": "INFERRED"
      }
    },
    {
      "type": "Feature",
      "geometry": {
        "type": "Point",
        "coordinates": [
          74.00623076923078,
          14.981461538461538
        ]
      },
      "properties": {
        "layer": "interpolated_heatmap",
        "value": 0.4404,
        "label": "Interpolated anomaly intensity",
        "disclaimer": "Interpolated estimate \u2014 NOT a direct measurement",
        "data_provenance": "INFERRED"
      }
    },
    {
      "type": "Feature",
      "geometry": {
        "type": "Point",
        "coordinates": [
          74.00623076923078,
          14.981769230769231
        ]
      },
      "properties": {
        "layer": "interpolated_heatmap",
        "value": 0.4403,
        "label": "Interpolated anomaly intensity",
        "disclaimer": "Interpolated estimate \u2014 NOT a direct measurement",
        "data_provenance": "INFERRED"
      }
    },
    {
      "type": "Feature",
      "geometry": {
        "type": "Point",
        "coordinates": [
          74.00623076923078,
          14.982076923076923
        ]
      },
      "properties": {
        "layer": "interpolated_heatmap",
        "value": 0.4402,
        "label": "Interpolated anomaly intensity",
        "disclaimer": "Interpolated estimate \u2014 NOT a direct measurement",
        "data_provenance": "INFERRED"
      }
    },
    {
      "type": "Feature",
      "geometry": {
        "type": "Point",
        "coordinates": [
          74.00623076923078,
          14.982384615384616
        ]
      },
      "properties": {
        "layer": "interpolated_heatmap",
        "value": 0.4401,
        "label": "Interpolated anomaly intensity",
        "disclaimer": "Interpolated estimate \u2014 NOT a direct measurement",
        "data_provenance": "INFERRED"
      }
    },
    {
      "type": "Feature",
      "geometry": {
        "type": "Point",
        "coordinates": [
          74.00623076923078,
          14.982692307692307
        ]
      },
      "properties": {
        "layer": "interpolated_heatmap",
        "value": 0.44,
        "label": "Interpolated anomaly intensity",
        "disclaimer": "Interpolated estimate \u2014 NOT a direct measurement",
        "data_provenance": "INFERRED"
      }
    },
    {
      "type": "Feature",
      "geometry": {
        "type": "Point",
        "coordinates": [
          74.00623076923078,
          14.983
        ]
      },
      "properties": {
        "layer": "interpolated_heatmap",
        "value": 0.4398,
        "label": "Interpolated anomaly intensity",
        "disclaimer": "Interpolated estimate \u2014 NOT a direct measurement",
        "data_provenance": "INFERRED"
      }
    },
    {
      "type": "Feature",
      "geometry": {
        "type": "Point",
        "coordinates": [
          74.00623076923078,
          14.983307692307692
        ]
      },
      "properties": {
        "layer": "interpolated_heatmap",
        "value": 0.4397,
        "label": "Interpolated anomaly intensity",
        "disclaimer": "Interpolated estimate \u2014 NOT a direct measurement",
        "data_provenance": "INFERRED"
      }
    },
    {
      "type": "Feature",
      "geometry": {
        "type": "Point",
        "coordinates": [
          74.00623076923078,
          14.983615384615385
        ]
      },
      "properties": {
        "layer": "interpolated_heatmap",
        "value": 0.4396,
        "label": "Interpolated anomaly intensity",
        "disclaimer": "Interpolated estimate \u2014 NOT a direct measurement",
        "data_provenance": "INFERRED"
      }
    },
    {
      "type": "Feature",
      "geometry": {
        "type": "Point",
        "coordinates": [
          74.00623076923078,
          14.983923076923077
        ]
      },
      "properties": {
        "layer": "interpolated_heatmap",
        "value": 0.4394,
        "label": "Interpolated anomaly intensity",
        "disclaimer": "Interpolated estimate \u2014 NOT a direct measurement",
        "data_provenance": "INFERRED"
      }
    },
    {
      "type": "Feature",
      "geometry": {
        "type": "Point",
        "coordinates": [
          74.00623076923078,
          14.98423076923077
        ]
      },
      "properties": {
        "layer": "interpolated_heatmap",
        "value": 0.4393,
        "label": "Interpolated anomaly intensity",
        "disclaimer": "Interpolated estimate \u2014 NOT a direct measurement",
        "data_provenance": "INFERRED"
      }
    },
    {
      "type": "Feature",
      "geometry": {
        "type": "Point",
        "coordinates": [
          74.00623076923078,
          14.984538461538461
        ]
      },
      "properties": {
        "layer": "interpolated_heatmap",
        "value": 0.4392,
        "label": "Interpolated anomaly intensity",
        "disclaimer": "Interpolated estimate \u2014 NOT a direct measurement",
        "data_provenance": "INFERRED"
      }
    },
    {
      "type": "Feature",
      "geometry": {
        "type": "Point",
        "coordinates": [
          74.00623076923078,
          14.984846153846155
        ]
      },
      "properties": {
        "layer": "interpolated_heatmap",
        "value": 0.4391,
        "label": "Interpolated anomaly intensity",
        "disclaimer": "Interpolated estimate \u2014 NOT a direct measurement",
        "data_provenance": "INFERRED"
      }
    },
    {
      "type": "Feature",
      "geometry": {
        "type": "Point",
        "coordinates": [
          74.00623076923078,
          14.985153846153846
        ]
      },
      "properties": {
        "layer": "interpolated_heatmap",
        "value": 0.439,
        "label": "Interpolated anomaly intensity",
        "disclaimer": "Interpolated estimate \u2014 NOT a direct measurement",
        "data_provenance": "INFERRED"
      }
    },
    {
      "type": "Feature",
      "geometry": {
        "type": "Point",
        "coordinates": [
          74.00623076923078,
          14.98546153846154
        ]
      },
      "properties": {
        "layer": "interpolated_heatmap",
        "value": 0.4389,
        "label": "Interpolated anomaly intensity",
        "disclaimer": "Interpolated estimate \u2014 NOT a direct measurement",
        "data_provenance": "INFERRED"
      }
    },
    {
      "type": "Feature",
      "geometry": {
        "type": "Point",
        "coordinates": [
          74.00623076923078,
          14.98576923076923
        ]
      },
      "properties": {
        "layer": "interpolated_heatmap",
        "value": 0.4388,
        "label": "Interpolated anomaly intensity",
        "disclaimer": "Interpolated estimate \u2014 NOT a direct measurement",
        "data_provenance": "INFERRED"
      }
    },
    {
      "type": "Feature",
      "geometry": {
        "type": "Point",
        "coordinates": [
          74.00623076923078,
          14.986076923076924
        ]
      },
      "properties": {
        "layer": "interpolated_heatmap",
        "value": 0.4387,
        "label": "Interpolated anomaly intensity",
        "disclaimer": "Interpolated estimate \u2014 NOT a direct measurement",
        "data_provenance": "INFERRED"
      }
    },
    {
      "type": "Feature",
      "geometry": {
        "type": "Point",
        "coordinates": [
          74.00623076923078,
          14.986384615384615
        ]
      },
      "properties": {
        "layer": "interpolated_heatmap",
        "value": 0.4386,
        "label": "Interpolated anomaly intensity",
        "disclaimer": "Interpolated estimate \u2014 NOT a direct measurement",
        "data_provenance": "INFERRED"
      }
    },
    {
      "type": "Feature",
      "geometry": {
        "type": "Point",
        "coordinates": [
          74.00623076923078,
          14.986692307692309
        ]
      },
      "properties": {
        "layer": "interpolated_heatmap",
        "value": 0.4385,
        "label": "Interpolated anomaly intensity",
        "disclaimer": "Interpolated estimate \u2014 NOT a direct measurement",
        "data_provenance": "INFERRED"
      }
    },
    {
      "type": "Feature",
      "geometry": {
        "type": "Point",
        "coordinates": [
          74.00623076923078,
          14.987
        ]
      },
      "properties": {
        "layer": "interpolated_heatmap",
        "value": 0.4385,
        "label": "Interpolated anomaly intensity",
        "disclaimer": "Interpolated estimate \u2014 NOT a direct measurement",
        "data_provenance": "INFERRED"
      }
    },
    {
      "type": "Feature",
      "geometry": {
        "type": "Point",
        "coordinates": [
          74.00664102564103,
          14.975
        ]
      },
      "properties": {
        "layer": "interpolated_heatmap",
        "value": 0.4399,
        "label": "Interpolated anomaly intensity",
        "disclaimer": "Interpolated estimate \u2014 NOT a direct measurement",
        "data_provenance": "INFERRED"
      }
    },
    {
      "type": "Feature",
      "geometry": {
        "type": "Point",
        "coordinates": [
          74.00664102564103,
          14.975307692307691
        ]
      },
      "properties": {
        "layer": "interpolated_heatmap",
        "value": 0.44,
        "label": "Interpolated anomaly intensity",
        "disclaimer": "Interpolated estimate \u2014 NOT a direct measurement",
        "data_provenance": "INFERRED"
      }
    },
    {
      "type": "Feature",
      "geometry": {
        "type": "Point",
        "coordinates": [
          74.00664102564103,
          14.975615384615384
        ]
      },
      "properties": {
        "layer": "interpolated_heatmap",
        "value": 0.4401,
        "label": "Interpolated anomaly intensity",
        "disclaimer": "Interpolated estimate \u2014 NOT a direct measurement",
        "data_provenance": "INFERRED"
      }
    },
    {
      "type": "Feature",
      "geometry": {
        "type": "Point",
        "coordinates": [
          74.00664102564103,
          14.975923076923076
        ]
      },
      "properties": {
        "layer": "interpolated_heatmap",
        "value": 0.4402,
        "label": "Interpolated anomaly intensity",
        "disclaimer": "Interpolated estimate \u2014 NOT a direct measurement",
        "data_provenance": "INFERRED"
      }
    },
    {
      "type": "Feature",
      "geometry": {
        "type": "Point",
        "coordinates": [
          74.00664102564103,
          14.976230769230769
        ]
      },
      "properties": {
        "layer": "interpolated_heatmap",
        "value": 0.4403,
        "label": "Interpolated anomaly intensity",
        "disclaimer": "Interpolated estimate \u2014 NOT a direct measurement",
        "data_provenance": "INFERRED"
      }
    },
    {
      "type": "Feature",
      "geometry": {
        "type": "Point",
        "coordinates": [
          74.00664102564103,
          14.97653846153846
        ]
      },
      "properties": {
        "layer": "interpolated_heatmap",
        "value": 0.4403,
        "label": "Interpolated anomaly intensity",
        "disclaimer": "Interpolated estimate \u2014 NOT a direct measurement",
        "data_provenance": "INFERRED"
      }
    },
    {
      "type": "Feature",
      "geometry": {
        "type": "Point",
        "coordinates": [
          74.00664102564103,
          14.976846153846154
        ]
      },
      "properties": {
        "layer": "interpolated_heatmap",
        "value": 0.4404,
        "label": "Interpolated anomaly intensity",
        "disclaimer": "Interpolated estimate \u2014 NOT a direct measurement",
        "data_provenance": "INFERRED"
      }
    },
    {
      "type": "Feature",
      "geometry": {
        "type": "Point",
        "coordinates": [
          74.00664102564103,
          14.977153846153845
        ]
      },
      "properties": {
        "layer": "interpolated_heatmap",
        "value": 0.4405,
        "label": "Interpolated anomaly intensity",
        "disclaimer": "Interpolated estimate \u2014 NOT a direct measurement",
        "data_provenance": "INFERRED"
      }
    },
    {
      "type": "Feature",
      "geometry": {
        "type": "Point",
        "coordinates": [
          74.00664102564103,
          14.977461538461538
        ]
      },
      "properties": {
        "layer": "interpolated_heatmap",
        "value": 0.4406,
        "label": "Interpolated anomaly intensity",
        "disclaimer": "Interpolated estimate \u2014 NOT a direct measurement",
        "data_provenance": "INFERRED"
      }
    },
    {
      "type": "Feature",
      "geometry": {
        "type": "Point",
        "coordinates": [
          74.00664102564103,
          14.97776923076923
        ]
      },
      "properties": {
        "layer": "interpolated_heatmap",
        "value": 0.4407,
        "label": "Interpolated anomaly intensity",
        "disclaimer": "Interpolated estimate \u2014 NOT a direct measurement",
        "data_provenance": "INFERRED"
      }
    },
    {
      "type": "Feature",
      "geometry": {
        "type": "Point",
        "coordinates": [
          74.00664102564103,
          14.978076923076923
        ]
      },
      "properties": {
        "layer": "interpolated_heatmap",
        "value": 0.4408,
        "label": "Interpolated anomaly intensity",
        "disclaimer": "Interpolated estimate \u2014 NOT a direct measurement",
        "data_provenance": "INFERRED"
      }
    },
    {
      "type": "Feature",
      "geometry": {
        "type": "Point",
        "coordinates": [
          74.00664102564103,
          14.978384615384615
        ]
      },
      "properties": {
        "layer": "interpolated_heatmap",
        "value": 0.4409,
        "label": "Interpolated anomaly intensity",
        "disclaimer": "Interpolated estimate \u2014 NOT a direct measurement",
        "data_provenance": "INFERRED"
      }
    },
    {
      "type": "Feature",
      "geometry": {
        "type": "Point",
        "coordinates": [
          74.00664102564103,
          14.978692307692308
        ]
      },
      "properties": {
        "layer": "interpolated_heatmap",
        "value": 0.4409,
        "label": "Interpolated anomaly intensity",
        "disclaimer": "Interpolated estimate \u2014 NOT a direct measurement",
        "data_provenance": "INFERRED"
      }
    },
    {
      "type": "Feature",
      "geometry": {
        "type": "Point",
        "coordinates": [
          74.00664102564103,
          14.979
        ]
      },
      "properties": {
        "layer": "interpolated_heatmap",
        "value": 0.441,
        "label": "Interpolated anomaly intensity",
        "disclaimer": "Interpolated estimate \u2014 NOT a direct measurement",
        "data_provenance": "INFERRED"
      }
    },
    {
      "type": "Feature",
      "geometry": {
        "type": "Point",
        "coordinates": [
          74.00664102564103,
          14.979307692307692
        ]
      },
      "properties": {
        "layer": "interpolated_heatmap",
        "value": 0.441,
        "label": "Interpolated anomaly intensity",
        "disclaimer": "Interpolated estimate \u2014 NOT a direct measurement",
        "data_provenance": "INFERRED"
      }
    },
    {
      "type": "Feature",
      "geometry": {
        "type": "Point",
        "coordinates": [
          74.00664102564103,
          14.979615384615384
        ]
      },
      "properties": {
        "layer": "interpolated_heatmap",
        "value": 0.441,
        "label": "Interpolated anomaly intensity",
        "disclaimer": "Interpolated estimate \u2014 NOT a direct measurement",
        "data_provenance": "INFERRED"
      }
    },
    {
      "type": "Feature",
      "geometry": {
        "type": "Point",
        "coordinates": [
          74.00664102564103,
          14.979923076923077
        ]
      },
      "properties": {
        "layer": "interpolated_heatmap",
        "value": 0.441,
        "label": "Interpolated anomaly intensity",
        "disclaimer": "Interpolated estimate \u2014 NOT a direct measurement",
        "data_provenance": "INFERRED"
      }
    },
    {
      "type": "Feature",
      "geometry": {
        "type": "Point",
        "coordinates": [
          74.00664102564103,
          14.980230769230769
        ]
      },
      "properties": {
        "layer": "interpolated_heatmap",
        "value": 0.4409,
        "label": "Interpolated anomaly intensity",
        "disclaimer": "Interpolated estimate \u2014 NOT a direct measurement",
        "data_provenance": "INFERRED"
      }
    },
    {
      "type": "Feature",
      "geometry": {
        "type": "Point",
        "coordinates": [
          74.00664102564103,
          14.980538461538462
        ]
      },
      "properties": {
        "layer": "interpolated_heatmap",
        "value": 0.4409,
        "label": "Interpolated anomaly intensity",
        "disclaimer": "Interpolated estimate \u2014 NOT a direct measurement",
        "data_provenance": "INFERRED"
      }
    },
    {
      "type": "Feature",
      "geometry": {
        "type": "Point",
        "coordinates": [
          74.00664102564103,
          14.980846153846153
        ]
      },
      "properties": {
        "layer": "interpolated_heatmap",
        "value": 0.4408,
        "label": "Interpolated anomaly intensity",
        "disclaimer": "Interpolated estimate \u2014 NOT a direct measurement",
        "data_provenance": "INFERRED"
      }
    },
    {
      "type": "Feature",
      "geometry": {
        "type": "Point",
        "coordinates": [
          74.00664102564103,
          14.981153846153846
        ]
      },
      "properties": {
        "layer": "interpolated_heatmap",
        "value": 0.4407,
        "label": "Interpolated anomaly intensity",
        "disclaimer": "Interpolated estimate \u2014 NOT a direct measurement",
        "data_provenance": "INFERRED"
      }
    },
    {
      "type": "Feature",
      "geometry": {
        "type": "Point",
        "coordinates": [
          74.00664102564103,
          14.981461538461538
        ]
      },
      "properties": {
        "layer": "interpolated_heatmap",
        "value": 0.4406,
        "label": "Interpolated anomaly intensity",
        "disclaimer": "Interpolated estimate \u2014 NOT a direct measurement",
        "data_provenance": "INFERRED"
      }
    },
    {
      "type": "Feature",
      "geometry": {
        "type": "Point",
        "coordinates": [
          74.00664102564103,
          14.981769230769231
        ]
      },
      "properties": {
        "layer": "interpolated_heatmap",
        "value": 0.4405,
        "label": "Interpolated anomaly intensity",
        "disclaimer": "Interpolated estimate \u2014 NOT a direct measurement",
        "data_provenance": "INFERRED"
      }
    },
    {
      "type": "Feature",
      "geometry": {
        "type": "Point",
        "coordinates": [
          74.00664102564103,
          14.982076923076923
        ]
      },
      "properties": {
        "layer": "interpolated_heatmap",
        "value": 0.4403,
        "label": "Interpolated anomaly intensity",
        "disclaimer": "Interpolated estimate \u2014 NOT a direct measurement",
        "data_provenance": "INFERRED"
      }
    },
    {
      "type": "Feature",
      "geometry": {
        "type": "Point",
        "coordinates": [
          74.00664102564103,
          14.982384615384616
        ]
      },
      "properties": {
        "layer": "interpolated_heatmap",
        "value": 0.4402,
        "label": "Interpolated anomaly intensity",
        "disclaimer": "Interpolated estimate \u2014 NOT a direct measurement",
        "data_provenance": "INFERRED"
      }
    },
    {
      "type": "Feature",
      "geometry": {
        "type": "Point",
        "coordinates": [
          74.00664102564103,
          14.982692307692307
        ]
      },
      "properties": {
        "layer": "interpolated_heatmap",
        "value": 0.44,
        "label": "Interpolated anomaly intensity",
        "disclaimer": "Interpolated estimate \u2014 NOT a direct measurement",
        "data_provenance": "INFERRED"
      }
    },
    {
      "type": "Feature",
      "geometry": {
        "type": "Point",
        "coordinates": [
          74.00664102564103,
          14.983
        ]
      },
      "properties": {
        "layer": "interpolated_heatmap",
        "value": 0.4399,
        "label": "Interpolated anomaly intensity",
        "disclaimer": "Interpolated estimate \u2014 NOT a direct measurement",
        "data_provenance": "INFERRED"
      }
    },
    {
      "type": "Feature",
      "geometry": {
        "type": "Point",
        "coordinates": [
          74.00664102564103,
          14.983307692307692
        ]
      },
      "properties": {
        "layer": "interpolated_heatmap",
        "value": 0.4397,
        "label": "Interpolated anomaly intensity",
        "disclaimer": "Interpolated estimate \u2014 NOT a direct measurement",
        "data_provenance": "INFERRED"
      }
    },
    {
      "type": "Feature",
      "geometry": {
        "type": "Point",
        "coordinates": [
          74.00664102564103,
          14.983615384615385
        ]
      },
      "properties": {
        "layer": "interpolated_heatmap",
        "value": 0.4396,
        "label": "Interpolated anomaly intensity",
        "disclaimer": "Interpolated estimate \u2014 NOT a direct measurement",
        "data_provenance": "INFERRED"
      }
    },
    {
      "type": "Feature",
      "geometry": {
        "type": "Point",
        "coordinates": [
          74.00664102564103,
          14.983923076923077
        ]
      },
      "properties": {
        "layer": "interpolated_heatmap",
        "value": 0.4394,
        "label": "Interpolated anomaly intensity",
        "disclaimer": "Interpolated estimate \u2014 NOT a direct measurement",
        "data_provenance": "INFERRED"
      }
    },
    {
      "type": "Feature",
      "geometry": {
        "type": "Point",
        "coordinates": [
          74.00664102564103,
          14.98423076923077
        ]
      },
      "properties": {
        "layer": "interpolated_heatmap",
        "value": 0.4393,
        "label": "Interpolated anomaly intensity",
        "disclaimer": "Interpolated estimate \u2014 NOT a direct measurement",
        "data_provenance": "INFERRED"
      }
    },
    {
      "type": "Feature",
      "geometry": {
        "type": "Point",
        "coordinates": [
          74.00664102564103,
          14.984538461538461
        ]
      },
      "properties": {
        "layer": "interpolated_heatmap",
        "value": 0.4392,
        "label": "Interpolated anomaly intensity",
        "disclaimer": "Interpolated estimate \u2014 NOT a direct measurement",
        "data_provenance": "INFERRED"
      }
    },
    {
      "type": "Feature",
      "geometry": {
        "type": "Point",
        "coordinates": [
          74.00664102564103,
          14.984846153846155
        ]
      },
      "properties": {
        "layer": "interpolated_heatmap",
        "value": 0.4391,
        "label": "Interpolated anomaly intensity",
        "disclaimer": "Interpolated estimate \u2014 NOT a direct measurement",
        "data_provenance": "INFERRED"
      }
    },
    {
      "type": "Feature",
      "geometry": {
        "type": "Point",
        "coordinates": [
          74.00664102564103,
          14.985153846153846
        ]
      },
      "properties": {
        "layer": "interpolated_heatmap",
        "value": 0.4389,
        "label": "Interpolated anomaly intensity",
        "disclaimer": "Interpolated estimate \u2014 NOT a direct measurement",
        "data_provenance": "INFERRED"
      }
    },
    {
      "type": "Feature",
      "geometry": {
        "type": "Point",
        "coordinates": [
          74.00664102564103,
          14.98546153846154
        ]
      },
      "properties": {
        "layer": "interpolated_heatmap",
        "value": 0.4388,
        "label": "Interpolated anomaly intensity",
        "disclaimer": "Interpolated estimate \u2014 NOT a direct measurement",
        "data_provenance": "INFERRED"
      }
    },
    {
      "type": "Feature",
      "geometry": {
        "type": "Point",
        "coordinates": [
          74.00664102564103,
          14.98576923076923
        ]
      },
      "properties": {
        "layer": "interpolated_heatmap",
        "value": 0.4387,
        "label": "Interpolated anomaly intensity",
        "disclaimer": "Interpolated estimate \u2014 NOT a direct measurement",
        "data_provenance": "INFERRED"
      }
    },
    {
      "type": "Feature",
      "geometry": {
        "type": "Point",
        "coordinates": [
          74.00664102564103,
          14.986076923076924
        ]
      },
      "properties": {
        "layer": "interpolated_heatmap",
        "value": 0.4386,
        "label": "Interpolated anomaly intensity",
        "disclaimer": "Interpolated estimate \u2014 NOT a direct measurement",
        "data_provenance": "INFERRED"
      }
    },
    {
      "type": "Feature",
      "geometry": {
        "type": "Point",
        "coordinates": [
          74.00664102564103,
          14.986384615384615
        ]
      },
      "properties": {
        "layer": "interpolated_heatmap",
        "value": 0.4386,
        "label": "Interpolated anomaly intensity",
        "disclaimer": "Interpolated estimate \u2014 NOT a direct measurement",
        "data_provenance": "INFERRED"
      }
    },
    {
      "type": "Feature",
      "geometry": {
        "type": "Point",
        "coordinates": [
          74.00664102564103,
          14.986692307692309
        ]
      },
      "properties": {
        "layer": "interpolated_heatmap",
        "value": 0.4385,
        "label": "Interpolated anomaly intensity",
        "disclaimer": "Interpolated estimate \u2014 NOT a direct measurement",
        "data_provenance": "INFERRED"
      }
    },
    {
      "type": "Feature",
      "geometry": {
        "type": "Point",
        "coordinates": [
          74.00664102564103,
          14.987
        ]
      },
      "properties": {
        "layer": "interpolated_heatmap",
        "value": 0.4384,
        "label": "Interpolated anomaly intensity",
        "disclaimer": "Interpolated estimate \u2014 NOT a direct measurement",
        "data_provenance": "INFERRED"
      }
    },
    {
      "type": "Feature",
      "geometry": {
        "type": "Point",
        "coordinates": [
          74.0070512820513,
          14.975
        ]
      },
      "properties": {
        "layer": "interpolated_heatmap",
        "value": 0.4399,
        "label": "Interpolated anomaly intensity",
        "disclaimer": "Interpolated estimate \u2014 NOT a direct measurement",
        "data_provenance": "INFERRED"
      }
    },
    {
      "type": "Feature",
      "geometry": {
        "type": "Point",
        "coordinates": [
          74.0070512820513,
          14.975307692307691
        ]
      },
      "properties": {
        "layer": "interpolated_heatmap",
        "value": 0.44,
        "label": "Interpolated anomaly intensity",
        "disclaimer": "Interpolated estimate \u2014 NOT a direct measurement",
        "data_provenance": "INFERRED"
      }
    },
    {
      "type": "Feature",
      "geometry": {
        "type": "Point",
        "coordinates": [
          74.0070512820513,
          14.975615384615384
        ]
      },
      "properties": {
        "layer": "interpolated_heatmap",
        "value": 0.4401,
        "label": "Interpolated anomaly intensity",
        "disclaimer": "Interpolated estimate \u2014 NOT a direct measurement",
        "data_provenance": "INFERRED"
      }
    },
    {
      "type": "Feature",
      "geometry": {
        "type": "Point",
        "coordinates": [
          74.0070512820513,
          14.975923076923076
        ]
      },
      "properties": {
        "layer": "interpolated_heatmap",
        "value": 0.4402,
        "label": "Interpolated anomaly intensity",
        "disclaimer": "Interpolated estimate \u2014 NOT a direct measurement",
        "data_provenance": "INFERRED"
      }
    },
    {
      "type": "Feature",
      "geometry": {
        "type": "Point",
        "coordinates": [
          74.0070512820513,
          14.976230769230769
        ]
      },
      "properties": {
        "layer": "interpolated_heatmap",
        "value": 0.4403,
        "label": "Interpolated anomaly intensity",
        "disclaimer": "Interpolated estimate \u2014 NOT a direct measurement",
        "data_provenance": "INFERRED"
      }
    },
    {
      "type": "Feature",
      "geometry": {
        "type": "Point",
        "coordinates": [
          74.0070512820513,
          14.97653846153846
        ]
      },
      "properties": {
        "layer": "interpolated_heatmap",
        "value": 0.4404,
        "label": "Interpolated anomaly intensity",
        "disclaimer": "Interpolated estimate \u2014 NOT a direct measurement",
        "data_provenance": "INFERRED"
      }
    },
    {
      "type": "Feature",
      "geometry": {
        "type": "Point",
        "coordinates": [
          74.0070512820513,
          14.976846153846154
        ]
      },
      "properties": {
        "layer": "interpolated_heatmap",
        "value": 0.4405,
        "label": "Interpolated anomaly intensity",
        "disclaimer": "Interpolated estimate \u2014 NOT a direct measurement",
        "data_provenance": "INFERRED"
      }
    },
    {
      "type": "Feature",
      "geometry": {
        "type": "Point",
        "coordinates": [
          74.0070512820513,
          14.977153846153845
        ]
      },
      "properties": {
        "layer": "interpolated_heatmap",
        "value": 0.4406,
        "label": "Interpolated anomaly intensity",
        "disclaimer": "Interpolated estimate \u2014 NOT a direct measurement",
        "data_provenance": "INFERRED"
      }
    },
    {
      "type": "Feature",
      "geometry": {
        "type": "Point",
        "coordinates": [
          74.0070512820513,
          14.977461538461538
        ]
      },
      "properties": {
        "layer": "interpolated_heatmap",
        "value": 0.4408,
        "label": "Interpolated anomaly intensity",
        "disclaimer": "Interpolated estimate \u2014 NOT a direct measurement",
        "data_provenance": "INFERRED"
      }
    },
    {
      "type": "Feature",
      "geometry": {
        "type": "Point",
        "coordinates": [
          74.0070512820513,
          14.97776923076923
        ]
      },
      "properties": {
        "layer": "interpolated_heatmap",
        "value": 0.4409,
        "label": "Interpolated anomaly intensity",
        "disclaimer": "Interpolated estimate \u2014 NOT a direct measurement",
        "data_provenance": "INFERRED"
      }
    },
    {
      "type": "Feature",
      "geometry": {
        "type": "Point",
        "coordinates": [
          74.0070512820513,
          14.978076923076923
        ]
      },
      "properties": {
        "layer": "interpolated_heatmap",
        "value": 0.4409,
        "label": "Interpolated anomaly intensity",
        "disclaimer": "Interpolated estimate \u2014 NOT a direct measurement",
        "data_provenance": "INFERRED"
      }
    },
    {
      "type": "Feature",
      "geometry": {
        "type": "Point",
        "coordinates": [
          74.0070512820513,
          14.978384615384615
        ]
      },
      "properties": {
        "layer": "interpolated_heatmap",
        "value": 0.441,
        "label": "Interpolated anomaly intensity",
        "disclaimer": "Interpolated estimate \u2014 NOT a direct measurement",
        "data_provenance": "INFERRED"
      }
    },
    {
      "type": "Feature",
      "geometry": {
        "type": "Point",
        "coordinates": [
          74.0070512820513,
          14.978692307692308
        ]
      },
      "properties": {
        "layer": "interpolated_heatmap",
        "value": 0.4411,
        "label": "Interpolated anomaly intensity",
        "disclaimer": "Interpolated estimate \u2014 NOT a direct measurement",
        "data_provenance": "INFERRED"
      }
    },
    {
      "type": "Feature",
      "geometry": {
        "type": "Point",
        "coordinates": [
          74.0070512820513,
          14.979
        ]
      },
      "properties": {
        "layer": "interpolated_heatmap",
        "value": 0.4411,
        "label": "Interpolated anomaly intensity",
        "disclaimer": "Interpolated estimate \u2014 NOT a direct measurement",
        "data_provenance": "INFERRED"
      }
    },
    {
      "type": "Feature",
      "geometry": {
        "type": "Point",
        "coordinates": [
          74.0070512820513,
          14.979307692307692
        ]
      },
      "properties": {
        "layer": "interpolated_heatmap",
        "value": 0.4412,
        "label": "Interpolated anomaly intensity",
        "disclaimer": "Interpolated estimate \u2014 NOT a direct measurement",
        "data_provenance": "INFERRED"
      }
    },
    {
      "type": "Feature",
      "geometry": {
        "type": "Point",
        "coordinates": [
          74.0070512820513,
          14.979615384615384
        ]
      },
      "properties": {
        "layer": "interpolated_heatmap",
        "value": 0.4412,
        "label": "Interpolated anomaly intensity",
        "disclaimer": "Interpolated estimate \u2014 NOT a direct measurement",
        "data_provenance": "INFERRED"
      }
    },
    {
      "type": "Feature",
      "geometry": {
        "type": "Point",
        "coordinates": [
          74.0070512820513,
          14.979923076923077
        ]
      },
      "properties": {
        "layer": "interpolated_heatmap",
        "value": 0.4412,
        "label": "Interpolated anomaly intensity",
        "disclaimer": "Interpolated estimate \u2014 NOT a direct measurement",
        "data_provenance": "INFERRED"
      }
    },
    {
      "type": "Feature",
      "geometry": {
        "type": "Point",
        "coordinates": [
          74.0070512820513,
          14.980230769230769
        ]
      },
      "properties": {
        "layer": "interpolated_heatmap",
        "value": 0.4411,
        "label": "Interpolated anomaly intensity",
        "disclaimer": "Interpolated estimate \u2014 NOT a direct measurement",
        "data_provenance": "INFERRED"
      }
    },
    {
      "type": "Feature",
      "geometry": {
        "type": "Point",
        "coordinates": [
          74.0070512820513,
          14.980538461538462
        ]
      },
      "properties": {
        "layer": "interpolated_heatmap",
        "value": 0.4411,
        "label": "Interpolated anomaly intensity",
        "disclaimer": "Interpolated estimate \u2014 NOT a direct measurement",
        "data_provenance": "INFERRED"
      }
    },
    {
      "type": "Feature",
      "geometry": {
        "type": "Point",
        "coordinates": [
          74.0070512820513,
          14.980846153846153
        ]
      },
      "properties": {
        "layer": "interpolated_heatmap",
        "value": 0.441,
        "label": "Interpolated anomaly intensity",
        "disclaimer": "Interpolated estimate \u2014 NOT a direct measurement",
        "data_provenance": "INFERRED"
      }
    },
    {
      "type": "Feature",
      "geometry": {
        "type": "Point",
        "coordinates": [
          74.0070512820513,
          14.981153846153846
        ]
      },
      "properties": {
        "layer": "interpolated_heatmap",
        "value": 0.4409,
        "label": "Interpolated anomaly intensity",
        "disclaimer": "Interpolated estimate \u2014 NOT a direct measurement",
        "data_provenance": "INFERRED"
      }
    },
    {
      "type": "Feature",
      "geometry": {
        "type": "Point",
        "coordinates": [
          74.0070512820513,
          14.981461538461538
        ]
      },
      "properties": {
        "layer": "interpolated_heatmap",
        "value": 0.4408,
        "label": "Interpolated anomaly intensity",
        "disclaimer": "Interpolated estimate \u2014 NOT a direct measurement",
        "data_provenance": "INFERRED"
      }
    },
    {
      "type": "Feature",
      "geometry": {
        "type": "Point",
        "coordinates": [
          74.0070512820513,
          14.981769230769231
        ]
      },
      "properties": {
        "layer": "interpolated_heatmap",
        "value": 0.4406,
        "label": "Interpolated anomaly intensity",
        "disclaimer": "Interpolated estimate \u2014 NOT a direct measurement",
        "data_provenance": "INFERRED"
      }
    },
    {
      "type": "Feature",
      "geometry": {
        "type": "Point",
        "coordinates": [
          74.0070512820513,
          14.982076923076923
        ]
      },
      "properties": {
        "layer": "interpolated_heatmap",
        "value": 0.4404,
        "label": "Interpolated anomaly intensity",
        "disclaimer": "Interpolated estimate \u2014 NOT a direct measurement",
        "data_provenance": "INFERRED"
      }
    },
    {
      "type": "Feature",
      "geometry": {
        "type": "Point",
        "coordinates": [
          74.0070512820513,
          14.982384615384616
        ]
      },
      "properties": {
        "layer": "interpolated_heatmap",
        "value": 0.4403,
        "label": "Interpolated anomaly intensity",
        "disclaimer": "Interpolated estimate \u2014 NOT a direct measurement",
        "data_provenance": "INFERRED"
      }
    },
    {
      "type": "Feature",
      "geometry": {
        "type": "Point",
        "coordinates": [
          74.0070512820513,
          14.982692307692307
        ]
      },
      "properties": {
        "layer": "interpolated_heatmap",
        "value": 0.4401,
        "label": "Interpolated anomaly intensity",
        "disclaimer": "Interpolated estimate \u2014 NOT a direct measurement",
        "data_provenance": "INFERRED"
      }
    },
    {
      "type": "Feature",
      "geometry": {
        "type": "Point",
        "coordinates": [
          74.0070512820513,
          14.983
        ]
      },
      "properties": {
        "layer": "interpolated_heatmap",
        "value": 0.4399,
        "label": "Interpolated anomaly intensity",
        "disclaimer": "Interpolated estimate \u2014 NOT a direct measurement",
        "data_provenance": "INFERRED"
      }
    },
    {
      "type": "Feature",
      "geometry": {
        "type": "Point",
        "coordinates": [
          74.0070512820513,
          14.983307692307692
        ]
      },
      "properties": {
        "layer": "interpolated_heatmap",
        "value": 0.4398,
        "label": "Interpolated anomaly intensity",
        "disclaimer": "Interpolated estimate \u2014 NOT a direct measurement",
        "data_provenance": "INFERRED"
      }
    },
    {
      "type": "Feature",
      "geometry": {
        "type": "Point",
        "coordinates": [
          74.0070512820513,
          14.983615384615385
        ]
      },
      "properties": {
        "layer": "interpolated_heatmap",
        "value": 0.4396,
        "label": "Interpolated anomaly intensity",
        "disclaimer": "Interpolated estimate \u2014 NOT a direct measurement",
        "data_provenance": "INFERRED"
      }
    },
    {
      "type": "Feature",
      "geometry": {
        "type": "Point",
        "coordinates": [
          74.0070512820513,
          14.983923076923077
        ]
      },
      "properties": {
        "layer": "interpolated_heatmap",
        "value": 0.4394,
        "label": "Interpolated anomaly intensity",
        "disclaimer": "Interpolated estimate \u2014 NOT a direct measurement",
        "data_provenance": "INFERRED"
      }
    },
    {
      "type": "Feature",
      "geometry": {
        "type": "Point",
        "coordinates": [
          74.0070512820513,
          14.98423076923077
        ]
      },
      "properties": {
        "layer": "interpolated_heatmap",
        "value": 0.4393,
        "label": "Interpolated anomaly intensity",
        "disclaimer": "Interpolated estimate \u2014 NOT a direct measurement",
        "data_provenance": "INFERRED"
      }
    },
    {
      "type": "Feature",
      "geometry": {
        "type": "Point",
        "coordinates": [
          74.0070512820513,
          14.984538461538461
        ]
      },
      "properties": {
        "layer": "interpolated_heatmap",
        "value": 0.4392,
        "label": "Interpolated anomaly intensity",
        "disclaimer": "Interpolated estimate \u2014 NOT a direct measurement",
        "data_provenance": "INFERRED"
      }
    },
    {
      "type": "Feature",
      "geometry": {
        "type": "Point",
        "coordinates": [
          74.0070512820513,
          14.984846153846155
        ]
      },
      "properties": {
        "layer": "interpolated_heatmap",
        "value": 0.439,
        "label": "Interpolated anomaly intensity",
        "disclaimer": "Interpolated estimate \u2014 NOT a direct measurement",
        "data_provenance": "INFERRED"
      }
    },
    {
      "type": "Feature",
      "geometry": {
        "type": "Point",
        "coordinates": [
          74.0070512820513,
          14.985153846153846
        ]
      },
      "properties": {
        "layer": "interpolated_heatmap",
        "value": 0.4389,
        "label": "Interpolated anomaly intensity",
        "disclaimer": "Interpolated estimate \u2014 NOT a direct measurement",
        "data_provenance": "INFERRED"
      }
    },
    {
      "type": "Feature",
      "geometry": {
        "type": "Point",
        "coordinates": [
          74.0070512820513,
          14.98546153846154
        ]
      },
      "properties": {
        "layer": "interpolated_heatmap",
        "value": 0.4388,
        "label": "Interpolated anomaly intensity",
        "disclaimer": "Interpolated estimate \u2014 NOT a direct measurement",
        "data_provenance": "INFERRED"
      }
    },
    {
      "type": "Feature",
      "geometry": {
        "type": "Point",
        "coordinates": [
          74.0070512820513,
          14.98576923076923
        ]
      },
      "properties": {
        "layer": "interpolated_heatmap",
        "value": 0.4387,
        "label": "Interpolated anomaly intensity",
        "disclaimer": "Interpolated estimate \u2014 NOT a direct measurement",
        "data_provenance": "INFERRED"
      }
    },
    {
      "type": "Feature",
      "geometry": {
        "type": "Point",
        "coordinates": [
          74.0070512820513,
          14.986076923076924
        ]
      },
      "properties": {
        "layer": "interpolated_heatmap",
        "value": 0.4386,
        "label": "Interpolated anomaly intensity",
        "disclaimer": "Interpolated estimate \u2014 NOT a direct measurement",
        "data_provenance": "INFERRED"
      }
    },
    {
      "type": "Feature",
      "geometry": {
        "type": "Point",
        "coordinates": [
          74.0070512820513,
          14.986384615384615
        ]
      },
      "properties": {
        "layer": "interpolated_heatmap",
        "value": 0.4385,
        "label": "Interpolated anomaly intensity",
        "disclaimer": "Interpolated estimate \u2014 NOT a direct measurement",
        "data_provenance": "INFERRED"
      }
    },
    {
      "type": "Feature",
      "geometry": {
        "type": "Point",
        "coordinates": [
          74.0070512820513,
          14.986692307692309
        ]
      },
      "properties": {
        "layer": "interpolated_heatmap",
        "value": 0.4384,
        "label": "Interpolated anomaly intensity",
        "disclaimer": "Interpolated estimate \u2014 NOT a direct measurement",
        "data_provenance": "INFERRED"
      }
    },
    {
      "type": "Feature",
      "geometry": {
        "type": "Point",
        "coordinates": [
          74.0070512820513,
          14.987
        ]
      },
      "properties": {
        "layer": "interpolated_heatmap",
        "value": 0.4383,
        "label": "Interpolated anomaly intensity",
        "disclaimer": "Interpolated estimate \u2014 NOT a direct measurement",
        "data_provenance": "INFERRED"
      }
    },
    {
      "type": "Feature",
      "geometry": {
        "type": "Point",
        "coordinates": [
          74.00746153846154,
          14.975
        ]
      },
      "properties": {
        "layer": "interpolated_heatmap",
        "value": 0.4399,
        "label": "Interpolated anomaly intensity",
        "disclaimer": "Interpolated estimate \u2014 NOT a direct measurement",
        "data_provenance": "INFERRED"
      }
    },
    {
      "type": "Feature",
      "geometry": {
        "type": "Point",
        "coordinates": [
          74.00746153846154,
          14.975307692307691
        ]
      },
      "properties": {
        "layer": "interpolated_heatmap",
        "value": 0.44,
        "label": "Interpolated anomaly intensity",
        "disclaimer": "Interpolated estimate \u2014 NOT a direct measurement",
        "data_provenance": "INFERRED"
      }
    },
    {
      "type": "Feature",
      "geometry": {
        "type": "Point",
        "coordinates": [
          74.00746153846154,
          14.975615384615384
        ]
      },
      "properties": {
        "layer": "interpolated_heatmap",
        "value": 0.4401,
        "label": "Interpolated anomaly intensity",
        "disclaimer": "Interpolated estimate \u2014 NOT a direct measurement",
        "data_provenance": "INFERRED"
      }
    },
    {
      "type": "Feature",
      "geometry": {
        "type": "Point",
        "coordinates": [
          74.00746153846154,
          14.975923076923076
        ]
      },
      "properties": {
        "layer": "interpolated_heatmap",
        "value": 0.4403,
        "label": "Interpolated anomaly intensity",
        "disclaimer": "Interpolated estimate \u2014 NOT a direct measurement",
        "data_provenance": "INFERRED"
      }
    },
    {
      "type": "Feature",
      "geometry": {
        "type": "Point",
        "coordinates": [
          74.00746153846154,
          14.976230769230769
        ]
      },
      "properties": {
        "layer": "interpolated_heatmap",
        "value": 0.4404,
        "label": "Interpolated anomaly intensity",
        "disclaimer": "Interpolated estimate \u2014 NOT a direct measurement",
        "data_provenance": "INFERRED"
      }
    },
    {
      "type": "Feature",
      "geometry": {
        "type": "Point",
        "coordinates": [
          74.00746153846154,
          14.97653846153846
        ]
      },
      "properties": {
        "layer": "interpolated_heatmap",
        "value": 0.4405,
        "label": "Interpolated anomaly intensity",
        "disclaimer": "Interpolated estimate \u2014 NOT a direct measurement",
        "data_provenance": "INFERRED"
      }
    },
    {
      "type": "Feature",
      "geometry": {
        "type": "Point",
        "coordinates": [
          74.00746153846154,
          14.976846153846154
        ]
      },
      "properties": {
        "layer": "interpolated_heatmap",
        "value": 0.4406,
        "label": "Interpolated anomaly intensity",
        "disclaimer": "Interpolated estimate \u2014 NOT a direct measurement",
        "data_provenance": "INFERRED"
      }
    },
    {
      "type": "Feature",
      "geometry": {
        "type": "Point",
        "coordinates": [
          74.00746153846154,
          14.977153846153845
        ]
      },
      "properties": {
        "layer": "interpolated_heatmap",
        "value": 0.4407,
        "label": "Interpolated anomaly intensity",
        "disclaimer": "Interpolated estimate \u2014 NOT a direct measurement",
        "data_provenance": "INFERRED"
      }
    },
    {
      "type": "Feature",
      "geometry": {
        "type": "Point",
        "coordinates": [
          74.00746153846154,
          14.977461538461538
        ]
      },
      "properties": {
        "layer": "interpolated_heatmap",
        "value": 0.4409,
        "label": "Interpolated anomaly intensity",
        "disclaimer": "Interpolated estimate \u2014 NOT a direct measurement",
        "data_provenance": "INFERRED"
      }
    },
    {
      "type": "Feature",
      "geometry": {
        "type": "Point",
        "coordinates": [
          74.00746153846154,
          14.97776923076923
        ]
      },
      "properties": {
        "layer": "interpolated_heatmap",
        "value": 0.441,
        "label": "Interpolated anomaly intensity",
        "disclaimer": "Interpolated estimate \u2014 NOT a direct measurement",
        "data_provenance": "INFERRED"
      }
    },
    {
      "type": "Feature",
      "geometry": {
        "type": "Point",
        "coordinates": [
          74.00746153846154,
          14.978076923076923
        ]
      },
      "properties": {
        "layer": "interpolated_heatmap",
        "value": 0.4411,
        "label": "Interpolated anomaly intensity",
        "disclaimer": "Interpolated estimate \u2014 NOT a direct measurement",
        "data_provenance": "INFERRED"
      }
    },
    {
      "type": "Feature",
      "geometry": {
        "type": "Point",
        "coordinates": [
          74.00746153846154,
          14.978384615384615
        ]
      },
      "properties": {
        "layer": "interpolated_heatmap",
        "value": 0.4412,
        "label": "Interpolated anomaly intensity",
        "disclaimer": "Interpolated estimate \u2014 NOT a direct measurement",
        "data_provenance": "INFERRED"
      }
    },
    {
      "type": "Feature",
      "geometry": {
        "type": "Point",
        "coordinates": [
          74.00746153846154,
          14.978692307692308
        ]
      },
      "properties": {
        "layer": "interpolated_heatmap",
        "value": 0.4413,
        "label": "Interpolated anomaly intensity",
        "disclaimer": "Interpolated estimate \u2014 NOT a direct measurement",
        "data_provenance": "INFERRED"
      }
    },
    {
      "type": "Feature",
      "geometry": {
        "type": "Point",
        "coordinates": [
          74.00746153846154,
          14.979
        ]
      },
      "properties": {
        "layer": "interpolated_heatmap",
        "value": 0.4414,
        "label": "Interpolated anomaly intensity",
        "disclaimer": "Interpolated estimate \u2014 NOT a direct measurement",
        "data_provenance": "INFERRED"
      }
    },
    {
      "type": "Feature",
      "geometry": {
        "type": "Point",
        "coordinates": [
          74.00746153846154,
          14.979307692307692
        ]
      },
      "properties": {
        "layer": "interpolated_heatmap",
        "value": 0.4414,
        "label": "Interpolated anomaly intensity",
        "disclaimer": "Interpolated estimate \u2014 NOT a direct measurement",
        "data_provenance": "INFERRED"
      }
    },
    {
      "type": "Feature",
      "geometry": {
        "type": "Point",
        "coordinates": [
          74.00746153846154,
          14.979615384615384
        ]
      },
      "properties": {
        "layer": "interpolated_heatmap",
        "value": 0.4414,
        "label": "Interpolated anomaly intensity",
        "disclaimer": "Interpolated estimate \u2014 NOT a direct measurement",
        "data_provenance": "INFERRED"
      }
    },
    {
      "type": "Feature",
      "geometry": {
        "type": "Point",
        "coordinates": [
          74.00746153846154,
          14.979923076923077
        ]
      },
      "properties": {
        "layer": "interpolated_heatmap",
        "value": 0.4414,
        "label": "Interpolated anomaly intensity",
        "disclaimer": "Interpolated estimate \u2014 NOT a direct measurement",
        "data_provenance": "INFERRED"
      }
    },
    {
      "type": "Feature",
      "geometry": {
        "type": "Point",
        "coordinates": [
          74.00746153846154,
          14.980230769230769
        ]
      },
      "properties": {
        "layer": "interpolated_heatmap",
        "value": 0.4414,
        "label": "Interpolated anomaly intensity",
        "disclaimer": "Interpolated estimate \u2014 NOT a direct measurement",
        "data_provenance": "INFERRED"
      }
    },
    {
      "type": "Feature",
      "geometry": {
        "type": "Point",
        "coordinates": [
          74.00746153846154,
          14.980538461538462
        ]
      },
      "properties": {
        "layer": "interpolated_heatmap",
        "value": 0.4413,
        "label": "Interpolated anomaly intensity",
        "disclaimer": "Interpolated estimate \u2014 NOT a direct measurement",
        "data_provenance": "INFERRED"
      }
    },
    {
      "type": "Feature",
      "geometry": {
        "type": "Point",
        "coordinates": [
          74.00746153846154,
          14.980846153846153
        ]
      },
      "properties": {
        "layer": "interpolated_heatmap",
        "value": 0.4412,
        "label": "Interpolated anomaly intensity",
        "disclaimer": "Interpolated estimate \u2014 NOT a direct measurement",
        "data_provenance": "INFERRED"
      }
    },
    {
      "type": "Feature",
      "geometry": {
        "type": "Point",
        "coordinates": [
          74.00746153846154,
          14.981153846153846
        ]
      },
      "properties": {
        "layer": "interpolated_heatmap",
        "value": 0.4411,
        "label": "Interpolated anomaly intensity",
        "disclaimer": "Interpolated estimate \u2014 NOT a direct measurement",
        "data_provenance": "INFERRED"
      }
    },
    {
      "type": "Feature",
      "geometry": {
        "type": "Point",
        "coordinates": [
          74.00746153846154,
          14.981461538461538
        ]
      },
      "properties": {
        "layer": "interpolated_heatmap",
        "value": 0.4409,
        "label": "Interpolated anomaly intensity",
        "disclaimer": "Interpolated estimate \u2014 NOT a direct measurement",
        "data_provenance": "INFERRED"
      }
    },
    {
      "type": "Feature",
      "geometry": {
        "type": "Point",
        "coordinates": [
          74.00746153846154,
          14.981769230769231
        ]
      },
      "properties": {
        "layer": "interpolated_heatmap",
        "value": 0.4407,
        "label": "Interpolated anomaly intensity",
        "disclaimer": "Interpolated estimate \u2014 NOT a direct measurement",
        "data_provenance": "INFERRED"
      }
    },
    {
      "type": "Feature",
      "geometry": {
        "type": "Point",
        "coordinates": [
          74.00746153846154,
          14.982076923076923
        ]
      },
      "properties": {
        "layer": "interpolated_heatmap",
        "value": 0.4406,
        "label": "Interpolated anomaly intensity",
        "disclaimer": "Interpolated estimate \u2014 NOT a direct measurement",
        "data_provenance": "INFERRED"
      }
    },
    {
      "type": "Feature",
      "geometry": {
        "type": "Point",
        "coordinates": [
          74.00746153846154,
          14.982384615384616
        ]
      },
      "properties": {
        "layer": "interpolated_heatmap",
        "value": 0.4404,
        "label": "Interpolated anomaly intensity",
        "disclaimer": "Interpolated estimate \u2014 NOT a direct measurement",
        "data_provenance": "INFERRED"
      }
    },
    {
      "type": "Feature",
      "geometry": {
        "type": "Point",
        "coordinates": [
          74.00746153846154,
          14.982692307692307
        ]
      },
      "properties": {
        "layer": "interpolated_heatmap",
        "value": 0.4402,
        "label": "Interpolated anomaly intensity",
        "disclaimer": "Interpolated estimate \u2014 NOT a direct measurement",
        "data_provenance": "INFERRED"
      }
    },
    {
      "type": "Feature",
      "geometry": {
        "type": "Point",
        "coordinates": [
          74.00746153846154,
          14.983
        ]
      },
      "properties": {
        "layer": "interpolated_heatmap",
        "value": 0.44,
        "label": "Interpolated anomaly intensity",
        "disclaimer": "Interpolated estimate \u2014 NOT a direct measurement",
        "data_provenance": "INFERRED"
      }
    },
    {
      "type": "Feature",
      "geometry": {
        "type": "Point",
        "coordinates": [
          74.00746153846154,
          14.983307692307692
        ]
      },
      "properties": {
        "layer": "interpolated_heatmap",
        "value": 0.4398,
        "label": "Interpolated anomaly intensity",
        "disclaimer": "Interpolated estimate \u2014 NOT a direct measurement",
        "data_provenance": "INFERRED"
      }
    },
    {
      "type": "Feature",
      "geometry": {
        "type": "Point",
        "coordinates": [
          74.00746153846154,
          14.983615384615385
        ]
      },
      "properties": {
        "layer": "interpolated_heatmap",
        "value": 0.4396,
        "label": "Interpolated anomaly intensity",
        "disclaimer": "Interpolated estimate \u2014 NOT a direct measurement",
        "data_provenance": "INFERRED"
      }
    },
    {
      "type": "Feature",
      "geometry": {
        "type": "Point",
        "coordinates": [
          74.00746153846154,
          14.983923076923077
        ]
      },
      "properties": {
        "layer": "interpolated_heatmap",
        "value": 0.4394,
        "label": "Interpolated anomaly intensity",
        "disclaimer": "Interpolated estimate \u2014 NOT a direct measurement",
        "data_provenance": "INFERRED"
      }
    },
    {
      "type": "Feature",
      "geometry": {
        "type": "Point",
        "coordinates": [
          74.00746153846154,
          14.98423076923077
        ]
      },
      "properties": {
        "layer": "interpolated_heatmap",
        "value": 0.4392,
        "label": "Interpolated anomaly intensity",
        "disclaimer": "Interpolated estimate \u2014 NOT a direct measurement",
        "data_provenance": "INFERRED"
      }
    },
    {
      "type": "Feature",
      "geometry": {
        "type": "Point",
        "coordinates": [
          74.00746153846154,
          14.984538461538461
        ]
      },
      "properties": {
        "layer": "interpolated_heatmap",
        "value": 0.4391,
        "label": "Interpolated anomaly intensity",
        "disclaimer": "Interpolated estimate \u2014 NOT a direct measurement",
        "data_provenance": "INFERRED"
      }
    },
    {
      "type": "Feature",
      "geometry": {
        "type": "Point",
        "coordinates": [
          74.00746153846154,
          14.984846153846155
        ]
      },
      "properties": {
        "layer": "interpolated_heatmap",
        "value": 0.439,
        "label": "Interpolated anomaly intensity",
        "disclaimer": "Interpolated estimate \u2014 NOT a direct measurement",
        "data_provenance": "INFERRED"
      }
    },
    {
      "type": "Feature",
      "geometry": {
        "type": "Point",
        "coordinates": [
          74.00746153846154,
          14.985153846153846
        ]
      },
      "properties": {
        "layer": "interpolated_heatmap",
        "value": 0.4388,
        "label": "Interpolated anomaly intensity",
        "disclaimer": "Interpolated estimate \u2014 NOT a direct measurement",
        "data_provenance": "INFERRED"
      }
    },
    {
      "type": "Feature",
      "geometry": {
        "type": "Point",
        "coordinates": [
          74.00746153846154,
          14.98546153846154
        ]
      },
      "properties": {
        "layer": "interpolated_heatmap",
        "value": 0.4387,
        "label": "Interpolated anomaly intensity",
        "disclaimer": "Interpolated estimate \u2014 NOT a direct measurement",
        "data_provenance": "INFERRED"
      }
    },
    {
      "type": "Feature",
      "geometry": {
        "type": "Point",
        "coordinates": [
          74.00746153846154,
          14.98576923076923
        ]
      },
      "properties": {
        "layer": "interpolated_heatmap",
        "value": 0.4386,
        "label": "Interpolated anomaly intensity",
        "disclaimer": "Interpolated estimate \u2014 NOT a direct measurement",
        "data_provenance": "INFERRED"
      }
    },
    {
      "type": "Feature",
      "geometry": {
        "type": "Point",
        "coordinates": [
          74.00746153846154,
          14.986076923076924
        ]
      },
      "properties": {
        "layer": "interpolated_heatmap",
        "value": 0.4385,
        "label": "Interpolated anomaly intensity",
        "disclaimer": "Interpolated estimate \u2014 NOT a direct measurement",
        "data_provenance": "INFERRED"
      }
    },
    {
      "type": "Feature",
      "geometry": {
        "type": "Point",
        "coordinates": [
          74.00746153846154,
          14.986384615384615
        ]
      },
      "properties": {
        "layer": "interpolated_heatmap",
        "value": 0.4384,
        "label": "Interpolated anomaly intensity",
        "disclaimer": "Interpolated estimate \u2014 NOT a direct measurement",
        "data_provenance": "INFERRED"
      }
    },
    {
      "type": "Feature",
      "geometry": {
        "type": "Point",
        "coordinates": [
          74.00746153846154,
          14.986692307692309
        ]
      },
      "properties": {
        "layer": "interpolated_heatmap",
        "value": 0.4383,
        "label": "Interpolated anomaly intensity",
        "disclaimer": "Interpolated estimate \u2014 NOT a direct measurement",
        "data_provenance": "INFERRED"
      }
    },
    {
      "type": "Feature",
      "geometry": {
        "type": "Point",
        "coordinates": [
          74.00746153846154,
          14.987
        ]
      },
      "properties": {
        "layer": "interpolated_heatmap",
        "value": 0.4383,
        "label": "Interpolated anomaly intensity",
        "disclaimer": "Interpolated estimate \u2014 NOT a direct measurement",
        "data_provenance": "INFERRED"
      }
    },
    {
      "type": "Feature",
      "geometry": {
        "type": "Point",
        "coordinates": [
          74.0078717948718,
          14.975
        ]
      },
      "properties": {
        "layer": "interpolated_heatmap",
        "value": 0.4399,
        "label": "Interpolated anomaly intensity",
        "disclaimer": "Interpolated estimate \u2014 NOT a direct measurement",
        "data_provenance": "INFERRED"
      }
    },
    {
      "type": "Feature",
      "geometry": {
        "type": "Point",
        "coordinates": [
          74.0078717948718,
          14.975307692307691
        ]
      },
      "properties": {
        "layer": "interpolated_heatmap",
        "value": 0.44,
        "label": "Interpolated anomaly intensity",
        "disclaimer": "Interpolated estimate \u2014 NOT a direct measurement",
        "data_provenance": "INFERRED"
      }
    },
    {
      "type": "Feature",
      "geometry": {
        "type": "Point",
        "coordinates": [
          74.0078717948718,
          14.975615384615384
        ]
      },
      "properties": {
        "layer": "interpolated_heatmap",
        "value": 0.4402,
        "label": "Interpolated anomaly intensity",
        "disclaimer": "Interpolated estimate \u2014 NOT a direct measurement",
        "data_provenance": "INFERRED"
      }
    },
    {
      "type": "Feature",
      "geometry": {
        "type": "Point",
        "coordinates": [
          74.0078717948718,
          14.975923076923076
        ]
      },
      "properties": {
        "layer": "interpolated_heatmap",
        "value": 0.4403,
        "label": "Interpolated anomaly intensity",
        "disclaimer": "Interpolated estimate \u2014 NOT a direct measurement",
        "data_provenance": "INFERRED"
      }
    },
    {
      "type": "Feature",
      "geometry": {
        "type": "Point",
        "coordinates": [
          74.0078717948718,
          14.976230769230769
        ]
      },
      "properties": {
        "layer": "interpolated_heatmap",
        "value": 0.4404,
        "label": "Interpolated anomaly intensity",
        "disclaimer": "Interpolated estimate \u2014 NOT a direct measurement",
        "data_provenance": "INFERRED"
      }
    },
    {
      "type": "Feature",
      "geometry": {
        "type": "Point",
        "coordinates": [
          74.0078717948718,
          14.97653846153846
        ]
      },
      "properties": {
        "layer": "interpolated_heatmap",
        "value": 0.4406,
        "label": "Interpolated anomaly intensity",
        "disclaimer": "Interpolated estimate \u2014 NOT a direct measurement",
        "data_provenance": "INFERRED"
      }
    },
    {
      "type": "Feature",
      "geometry": {
        "type": "Point",
        "coordinates": [
          74.0078717948718,
          14.976846153846154
        ]
      },
      "properties": {
        "layer": "interpolated_heatmap",
        "value": 0.4407,
        "label": "Interpolated anomaly intensity",
        "disclaimer": "Interpolated estimate \u2014 NOT a direct measurement",
        "data_provenance": "INFERRED"
      }
    },
    {
      "type": "Feature",
      "geometry": {
        "type": "Point",
        "coordinates": [
          74.0078717948718,
          14.977153846153845
        ]
      },
      "properties": {
        "layer": "interpolated_heatmap",
        "value": 0.4408,
        "label": "Interpolated anomaly intensity",
        "disclaimer": "Interpolated estimate \u2014 NOT a direct measurement",
        "data_provenance": "INFERRED"
      }
    },
    {
      "type": "Feature",
      "geometry": {
        "type": "Point",
        "coordinates": [
          74.0078717948718,
          14.977461538461538
        ]
      },
      "properties": {
        "layer": "interpolated_heatmap",
        "value": 0.441,
        "label": "Interpolated anomaly intensity",
        "disclaimer": "Interpolated estimate \u2014 NOT a direct measurement",
        "data_provenance": "INFERRED"
      }
    },
    {
      "type": "Feature",
      "geometry": {
        "type": "Point",
        "coordinates": [
          74.0078717948718,
          14.97776923076923
        ]
      },
      "properties": {
        "layer": "interpolated_heatmap",
        "value": 0.4411,
        "label": "Interpolated anomaly intensity",
        "disclaimer": "Interpolated estimate \u2014 NOT a direct measurement",
        "data_provenance": "INFERRED"
      }
    },
    {
      "type": "Feature",
      "geometry": {
        "type": "Point",
        "coordinates": [
          74.0078717948718,
          14.978076923076923
        ]
      },
      "properties": {
        "layer": "interpolated_heatmap",
        "value": 0.4413,
        "label": "Interpolated anomaly intensity",
        "disclaimer": "Interpolated estimate \u2014 NOT a direct measurement",
        "data_provenance": "INFERRED"
      }
    },
    {
      "type": "Feature",
      "geometry": {
        "type": "Point",
        "coordinates": [
          74.0078717948718,
          14.978384615384615
        ]
      },
      "properties": {
        "layer": "interpolated_heatmap",
        "value": 0.4414,
        "label": "Interpolated anomaly intensity",
        "disclaimer": "Interpolated estimate \u2014 NOT a direct measurement",
        "data_provenance": "INFERRED"
      }
    },
    {
      "type": "Feature",
      "geometry": {
        "type": "Point",
        "coordinates": [
          74.0078717948718,
          14.978692307692308
        ]
      },
      "properties": {
        "layer": "interpolated_heatmap",
        "value": 0.4415,
        "label": "Interpolated anomaly intensity",
        "disclaimer": "Interpolated estimate \u2014 NOT a direct measurement",
        "data_provenance": "INFERRED"
      }
    },
    {
      "type": "Feature",
      "geometry": {
        "type": "Point",
        "coordinates": [
          74.0078717948718,
          14.979
        ]
      },
      "properties": {
        "layer": "interpolated_heatmap",
        "value": 0.4416,
        "label": "Interpolated anomaly intensity",
        "disclaimer": "Interpolated estimate \u2014 NOT a direct measurement",
        "data_provenance": "INFERRED"
      }
    },
    {
      "type": "Feature",
      "geometry": {
        "type": "Point",
        "coordinates": [
          74.0078717948718,
          14.979307692307692
        ]
      },
      "properties": {
        "layer": "interpolated_heatmap",
        "value": 0.4416,
        "label": "Interpolated anomaly intensity",
        "disclaimer": "Interpolated estimate \u2014 NOT a direct measurement",
        "data_provenance": "INFERRED"
      }
    },
    {
      "type": "Feature",
      "geometry": {
        "type": "Point",
        "coordinates": [
          74.0078717948718,
          14.979615384615384
        ]
      },
      "properties": {
        "layer": "interpolated_heatmap",
        "value": 0.4417,
        "label": "Interpolated anomaly intensity",
        "disclaimer": "Interpolated estimate \u2014 NOT a direct measurement",
        "data_provenance": "INFERRED"
      }
    },
    {
      "type": "Feature",
      "geometry": {
        "type": "Point",
        "coordinates": [
          74.0078717948718,
          14.979923076923077
        ]
      },
      "properties": {
        "layer": "interpolated_heatmap",
        "value": 0.4417,
        "label": "Interpolated anomaly intensity",
        "disclaimer": "Interpolated estimate \u2014 NOT a direct measurement",
        "data_provenance": "INFERRED"
      }
    },
    {
      "type": "Feature",
      "geometry": {
        "type": "Point",
        "coordinates": [
          74.0078717948718,
          14.980230769230769
        ]
      },
      "properties": {
        "layer": "interpolated_heatmap",
        "value": 0.4416,
        "label": "Interpolated anomaly intensity",
        "disclaimer": "Interpolated estimate \u2014 NOT a direct measurement",
        "data_provenance": "INFERRED"
      }
    },
    {
      "type": "Feature",
      "geometry": {
        "type": "Point",
        "coordinates": [
          74.0078717948718,
          14.980538461538462
        ]
      },
      "properties": {
        "layer": "interpolated_heatmap",
        "value": 0.4416,
        "label": "Interpolated anomaly intensity",
        "disclaimer": "Interpolated estimate \u2014 NOT a direct measurement",
        "data_provenance": "INFERRED"
      }
    },
    {
      "type": "Feature",
      "geometry": {
        "type": "Point",
        "coordinates": [
          74.0078717948718,
          14.980846153846153
        ]
      },
      "properties": {
        "layer": "interpolated_heatmap",
        "value": 0.4414,
        "label": "Interpolated anomaly intensity",
        "disclaimer": "Interpolated estimate \u2014 NOT a direct measurement",
        "data_provenance": "INFERRED"
      }
    },
    {
      "type": "Feature",
      "geometry": {
        "type": "Point",
        "coordinates": [
          74.0078717948718,
          14.981153846153846
        ]
      },
      "properties": {
        "layer": "interpolated_heatmap",
        "value": 0.4413,
        "label": "Interpolated anomaly intensity",
        "disclaimer": "Interpolated estimate \u2014 NOT a direct measurement",
        "data_provenance": "INFERRED"
      }
    },
    {
      "type": "Feature",
      "geometry": {
        "type": "Point",
        "coordinates": [
          74.0078717948718,
          14.981461538461538
        ]
      },
      "properties": {
        "layer": "interpolated_heatmap",
        "value": 0.4411,
        "label": "Interpolated anomaly intensity",
        "disclaimer": "Interpolated estimate \u2014 NOT a direct measurement",
        "data_provenance": "INFERRED"
      }
    },
    {
      "type": "Feature",
      "geometry": {
        "type": "Point",
        "coordinates": [
          74.0078717948718,
          14.981769230769231
        ]
      },
      "properties": {
        "layer": "interpolated_heatmap",
        "value": 0.4409,
        "label": "Interpolated anomaly intensity",
        "disclaimer": "Interpolated estimate \u2014 NOT a direct measurement",
        "data_provenance": "INFERRED"
      }
    },
    {
      "type": "Feature",
      "geometry": {
        "type": "Point",
        "coordinates": [
          74.0078717948718,
          14.982076923076923
        ]
      },
      "properties": {
        "layer": "interpolated_heatmap",
        "value": 0.4407,
        "label": "Interpolated anomaly intensity",
        "disclaimer": "Interpolated estimate \u2014 NOT a direct measurement",
        "data_provenance": "INFERRED"
      }
    },
    {
      "type": "Feature",
      "geometry": {
        "type": "Point",
        "coordinates": [
          74.0078717948718,
          14.982384615384616
        ]
      },
      "properties": {
        "layer": "interpolated_heatmap",
        "value": 0.4404,
        "label": "Interpolated anomaly intensity",
        "disclaimer": "Interpolated estimate \u2014 NOT a direct measurement",
        "data_provenance": "INFERRED"
      }
    },
    {
      "type": "Feature",
      "geometry": {
        "type": "Point",
        "coordinates": [
          74.0078717948718,
          14.982692307692307
        ]
      },
      "properties": {
        "layer": "interpolated_heatmap",
        "value": 0.4402,
        "label": "Interpolated anomaly intensity",
        "disclaimer": "Interpolated estimate \u2014 NOT a direct measurement",
        "data_provenance": "INFERRED"
      }
    },
    {
      "type": "Feature",
      "geometry": {
        "type": "Point",
        "coordinates": [
          74.0078717948718,
          14.983
        ]
      },
      "properties": {
        "layer": "interpolated_heatmap",
        "value": 0.44,
        "label": "Interpolated anomaly intensity",
        "disclaimer": "Interpolated estimate \u2014 NOT a direct measurement",
        "data_provenance": "INFERRED"
      }
    },
    {
      "type": "Feature",
      "geometry": {
        "type": "Point",
        "coordinates": [
          74.0078717948718,
          14.983307692307692
        ]
      },
      "properties": {
        "layer": "interpolated_heatmap",
        "value": 0.4398,
        "label": "Interpolated anomaly intensity",
        "disclaimer": "Interpolated estimate \u2014 NOT a direct measurement",
        "data_provenance": "INFERRED"
      }
    },
    {
      "type": "Feature",
      "geometry": {
        "type": "Point",
        "coordinates": [
          74.0078717948718,
          14.983615384615385
        ]
      },
      "properties": {
        "layer": "interpolated_heatmap",
        "value": 0.4395,
        "label": "Interpolated anomaly intensity",
        "disclaimer": "Interpolated estimate \u2014 NOT a direct measurement",
        "data_provenance": "INFERRED"
      }
    },
    {
      "type": "Feature",
      "geometry": {
        "type": "Point",
        "coordinates": [
          74.0078717948718,
          14.983923076923077
        ]
      },
      "properties": {
        "layer": "interpolated_heatmap",
        "value": 0.4394,
        "label": "Interpolated anomaly intensity",
        "disclaimer": "Interpolated estimate \u2014 NOT a direct measurement",
        "data_provenance": "INFERRED"
      }
    },
    {
      "type": "Feature",
      "geometry": {
        "type": "Point",
        "coordinates": [
          74.0078717948718,
          14.98423076923077
        ]
      },
      "properties": {
        "layer": "interpolated_heatmap",
        "value": 0.4392,
        "label": "Interpolated anomaly intensity",
        "disclaimer": "Interpolated estimate \u2014 NOT a direct measurement",
        "data_provenance": "INFERRED"
      }
    },
    {
      "type": "Feature",
      "geometry": {
        "type": "Point",
        "coordinates": [
          74.0078717948718,
          14.984538461538461
        ]
      },
      "properties": {
        "layer": "interpolated_heatmap",
        "value": 0.439,
        "label": "Interpolated anomaly intensity",
        "disclaimer": "Interpolated estimate \u2014 NOT a direct measurement",
        "data_provenance": "INFERRED"
      }
    },
    {
      "type": "Feature",
      "geometry": {
        "type": "Point",
        "coordinates": [
          74.0078717948718,
          14.984846153846155
        ]
      },
      "properties": {
        "layer": "interpolated_heatmap",
        "value": 0.4389,
        "label": "Interpolated anomaly intensity",
        "disclaimer": "Interpolated estimate \u2014 NOT a direct measurement",
        "data_provenance": "INFERRED"
      }
    },
    {
      "type": "Feature",
      "geometry": {
        "type": "Point",
        "coordinates": [
          74.0078717948718,
          14.985153846153846
        ]
      },
      "properties": {
        "layer": "interpolated_heatmap",
        "value": 0.4387,
        "label": "Interpolated anomaly intensity",
        "disclaimer": "Interpolated estimate \u2014 NOT a direct measurement",
        "data_provenance": "INFERRED"
      }
    },
    {
      "type": "Feature",
      "geometry": {
        "type": "Point",
        "coordinates": [
          74.0078717948718,
          14.98546153846154
        ]
      },
      "properties": {
        "layer": "interpolated_heatmap",
        "value": 0.4386,
        "label": "Interpolated anomaly intensity",
        "disclaimer": "Interpolated estimate \u2014 NOT a direct measurement",
        "data_provenance": "INFERRED"
      }
    },
    {
      "type": "Feature",
      "geometry": {
        "type": "Point",
        "coordinates": [
          74.0078717948718,
          14.98576923076923
        ]
      },
      "properties": {
        "layer": "interpolated_heatmap",
        "value": 0.4385,
        "label": "Interpolated anomaly intensity",
        "disclaimer": "Interpolated estimate \u2014 NOT a direct measurement",
        "data_provenance": "INFERRED"
      }
    },
    {
      "type": "Feature",
      "geometry": {
        "type": "Point",
        "coordinates": [
          74.0078717948718,
          14.986076923076924
        ]
      },
      "properties": {
        "layer": "interpolated_heatmap",
        "value": 0.4384,
        "label": "Interpolated anomaly intensity",
        "disclaimer": "Interpolated estimate \u2014 NOT a direct measurement",
        "data_provenance": "INFERRED"
      }
    },
    {
      "type": "Feature",
      "geometry": {
        "type": "Point",
        "coordinates": [
          74.0078717948718,
          14.986384615384615
        ]
      },
      "properties": {
        "layer": "interpolated_heatmap",
        "value": 0.4383,
        "label": "Interpolated anomaly intensity",
        "disclaimer": "Interpolated estimate \u2014 NOT a direct measurement",
        "data_provenance": "INFERRED"
      }
    },
    {
      "type": "Feature",
      "geometry": {
        "type": "Point",
        "coordinates": [
          74.0078717948718,
          14.986692307692309
        ]
      },
      "properties": {
        "layer": "interpolated_heatmap",
        "value": 0.4383,
        "label": "Interpolated anomaly intensity",
        "disclaimer": "Interpolated estimate \u2014 NOT a direct measurement",
        "data_provenance": "INFERRED"
      }
    },
    {
      "type": "Feature",
      "geometry": {
        "type": "Point",
        "coordinates": [
          74.0078717948718,
          14.987
        ]
      },
      "properties": {
        "layer": "interpolated_heatmap",
        "value": 0.4382,
        "label": "Interpolated anomaly intensity",
        "disclaimer": "Interpolated estimate \u2014 NOT a direct measurement",
        "data_provenance": "INFERRED"
      }
    },
    {
      "type": "Feature",
      "geometry": {
        "type": "Point",
        "coordinates": [
          74.00828205128207,
          14.975
        ]
      },
      "properties": {
        "layer": "interpolated_heatmap",
        "value": 0.4399,
        "label": "Interpolated anomaly intensity",
        "disclaimer": "Interpolated estimate \u2014 NOT a direct measurement",
        "data_provenance": "INFERRED"
      }
    },
    {
      "type": "Feature",
      "geometry": {
        "type": "Point",
        "coordinates": [
          74.00828205128207,
          14.975307692307691
        ]
      },
      "properties": {
        "layer": "interpolated_heatmap",
        "value": 0.44,
        "label": "Interpolated anomaly intensity",
        "disclaimer": "Interpolated estimate \u2014 NOT a direct measurement",
        "data_provenance": "INFERRED"
      }
    },
    {
      "type": "Feature",
      "geometry": {
        "type": "Point",
        "coordinates": [
          74.00828205128207,
          14.975615384615384
        ]
      },
      "properties": {
        "layer": "interpolated_heatmap",
        "value": 0.4402,
        "label": "Interpolated anomaly intensity",
        "disclaimer": "Interpolated estimate \u2014 NOT a direct measurement",
        "data_provenance": "INFERRED"
      }
    },
    {
      "type": "Feature",
      "geometry": {
        "type": "Point",
        "coordinates": [
          74.00828205128207,
          14.975923076923076
        ]
      },
      "properties": {
        "layer": "interpolated_heatmap",
        "value": 0.4403,
        "label": "Interpolated anomaly intensity",
        "disclaimer": "Interpolated estimate \u2014 NOT a direct measurement",
        "data_provenance": "INFERRED"
      }
    },
    {
      "type": "Feature",
      "geometry": {
        "type": "Point",
        "coordinates": [
          74.00828205128207,
          14.976230769230769
        ]
      },
      "properties": {
        "layer": "interpolated_heatmap",
        "value": 0.4404,
        "label": "Interpolated anomaly intensity",
        "disclaimer": "Interpolated estimate \u2014 NOT a direct measurement",
        "data_provenance": "INFERRED"
      }
    },
    {
      "type": "Feature",
      "geometry": {
        "type": "Point",
        "coordinates": [
          74.00828205128207,
          14.97653846153846
        ]
      },
      "properties": {
        "layer": "interpolated_heatmap",
        "value": 0.4406,
        "label": "Interpolated anomaly intensity",
        "disclaimer": "Interpolated estimate \u2014 NOT a direct measurement",
        "data_provenance": "INFERRED"
      }
    },
    {
      "type": "Feature",
      "geometry": {
        "type": "Point",
        "coordinates": [
          74.00828205128207,
          14.976846153846154
        ]
      },
      "properties": {
        "layer": "interpolated_heatmap",
        "value": 0.4408,
        "label": "Interpolated anomaly intensity",
        "disclaimer": "Interpolated estimate \u2014 NOT a direct measurement",
        "data_provenance": "INFERRED"
      }
    },
    {
      "type": "Feature",
      "geometry": {
        "type": "Point",
        "coordinates": [
          74.00828205128207,
          14.977153846153845
        ]
      },
      "properties": {
        "layer": "interpolated_heatmap",
        "value": 0.4409,
        "label": "Interpolated anomaly intensity",
        "disclaimer": "Interpolated estimate \u2014 NOT a direct measurement",
        "data_provenance": "INFERRED"
      }
    },
    {
      "type": "Feature",
      "geometry": {
        "type": "Point",
        "coordinates": [
          74.00828205128207,
          14.977461538461538
        ]
      },
      "properties": {
        "layer": "interpolated_heatmap",
        "value": 0.4411,
        "label": "Interpolated anomaly intensity",
        "disclaimer": "Interpolated estimate \u2014 NOT a direct measurement",
        "data_provenance": "INFERRED"
      }
    },
    {
      "type": "Feature",
      "geometry": {
        "type": "Point",
        "coordinates": [
          74.00828205128207,
          14.97776923076923
        ]
      },
      "properties": {
        "layer": "interpolated_heatmap",
        "value": 0.4412,
        "label": "Interpolated anomaly intensity",
        "disclaimer": "Interpolated estimate \u2014 NOT a direct measurement",
        "data_provenance": "INFERRED"
      }
    },
    {
      "type": "Feature",
      "geometry": {
        "type": "Point",
        "coordinates": [
          74.00828205128207,
          14.978076923076923
        ]
      },
      "properties": {
        "layer": "interpolated_heatmap",
        "value": 0.4414,
        "label": "Interpolated anomaly intensity",
        "disclaimer": "Interpolated estimate \u2014 NOT a direct measurement",
        "data_provenance": "INFERRED"
      }
    },
    {
      "type": "Feature",
      "geometry": {
        "type": "Point",
        "coordinates": [
          74.00828205128207,
          14.978384615384615
        ]
      },
      "properties": {
        "layer": "interpolated_heatmap",
        "value": 0.4416,
        "label": "Interpolated anomaly intensity",
        "disclaimer": "Interpolated estimate \u2014 NOT a direct measurement",
        "data_provenance": "INFERRED"
      }
    },
    {
      "type": "Feature",
      "geometry": {
        "type": "Point",
        "coordinates": [
          74.00828205128207,
          14.978692307692308
        ]
      },
      "properties": {
        "layer": "interpolated_heatmap",
        "value": 0.4417,
        "label": "Interpolated anomaly intensity",
        "disclaimer": "Interpolated estimate \u2014 NOT a direct measurement",
        "data_provenance": "INFERRED"
      }
    },
    {
      "type": "Feature",
      "geometry": {
        "type": "Point",
        "coordinates": [
          74.00828205128207,
          14.979
        ]
      },
      "properties": {
        "layer": "interpolated_heatmap",
        "value": 0.4418,
        "label": "Interpolated anomaly intensity",
        "disclaimer": "Interpolated estimate \u2014 NOT a direct measurement",
        "data_provenance": "INFERRED"
      }
    },
    {
      "type": "Feature",
      "geometry": {
        "type": "Point",
        "coordinates": [
          74.00828205128207,
          14.979307692307692
        ]
      },
      "properties": {
        "layer": "interpolated_heatmap",
        "value": 0.4419,
        "label": "Interpolated anomaly intensity",
        "disclaimer": "Interpolated estimate \u2014 NOT a direct measurement",
        "data_provenance": "INFERRED"
      }
    },
    {
      "type": "Feature",
      "geometry": {
        "type": "Point",
        "coordinates": [
          74.00828205128207,
          14.979615384615384
        ]
      },
      "properties": {
        "layer": "interpolated_heatmap",
        "value": 0.4419,
        "label": "Interpolated anomaly intensity",
        "disclaimer": "Interpolated estimate \u2014 NOT a direct measurement",
        "data_provenance": "INFERRED"
      }
    },
    {
      "type": "Feature",
      "geometry": {
        "type": "Point",
        "coordinates": [
          74.00828205128207,
          14.979923076923077
        ]
      },
      "properties": {
        "layer": "interpolated_heatmap",
        "value": 0.442,
        "label": "Interpolated anomaly intensity",
        "disclaimer": "Interpolated estimate \u2014 NOT a direct measurement",
        "data_provenance": "INFERRED"
      }
    },
    {
      "type": "Feature",
      "geometry": {
        "type": "Point",
        "coordinates": [
          74.00828205128207,
          14.980230769230769
        ]
      },
      "properties": {
        "layer": "interpolated_heatmap",
        "value": 0.4419,
        "label": "Interpolated anomaly intensity",
        "disclaimer": "Interpolated estimate \u2014 NOT a direct measurement",
        "data_provenance": "INFERRED"
      }
    },
    {
      "type": "Feature",
      "geometry": {
        "type": "Point",
        "coordinates": [
          74.00828205128207,
          14.980538461538462
        ]
      },
      "properties": {
        "layer": "interpolated_heatmap",
        "value": 0.4418,
        "label": "Interpolated anomaly intensity",
        "disclaimer": "Interpolated estimate \u2014 NOT a direct measurement",
        "data_provenance": "INFERRED"
      }
    },
    {
      "type": "Feature",
      "geometry": {
        "type": "Point",
        "coordinates": [
          74.00828205128207,
          14.980846153846153
        ]
      },
      "properties": {
        "layer": "interpolated_heatmap",
        "value": 0.4417,
        "label": "Interpolated anomaly intensity",
        "disclaimer": "Interpolated estimate \u2014 NOT a direct measurement",
        "data_provenance": "INFERRED"
      }
    },
    {
      "type": "Feature",
      "geometry": {
        "type": "Point",
        "coordinates": [
          74.00828205128207,
          14.981153846153846
        ]
      },
      "properties": {
        "layer": "interpolated_heatmap",
        "value": 0.4415,
        "label": "Interpolated anomaly intensity",
        "disclaimer": "Interpolated estimate \u2014 NOT a direct measurement",
        "data_provenance": "INFERRED"
      }
    },
    {
      "type": "Feature",
      "geometry": {
        "type": "Point",
        "coordinates": [
          74.00828205128207,
          14.981461538461538
        ]
      },
      "properties": {
        "layer": "interpolated_heatmap",
        "value": 0.4413,
        "label": "Interpolated anomaly intensity",
        "disclaimer": "Interpolated estimate \u2014 NOT a direct measurement",
        "data_provenance": "INFERRED"
      }
    },
    {
      "type": "Feature",
      "geometry": {
        "type": "Point",
        "coordinates": [
          74.00828205128207,
          14.981769230769231
        ]
      },
      "properties": {
        "layer": "interpolated_heatmap",
        "value": 0.441,
        "label": "Interpolated anomaly intensity",
        "disclaimer": "Interpolated estimate \u2014 NOT a direct measurement",
        "data_provenance": "INFERRED"
      }
    },
    {
      "type": "Feature",
      "geometry": {
        "type": "Point",
        "coordinates": [
          74.00828205128207,
          14.982076923076923
        ]
      },
      "properties": {
        "layer": "interpolated_heatmap",
        "value": 0.4407,
        "label": "Interpolated anomaly intensity",
        "disclaimer": "Interpolated estimate \u2014 NOT a direct measurement",
        "data_provenance": "INFERRED"
      }
    },
    {
      "type": "Feature",
      "geometry": {
        "type": "Point",
        "coordinates": [
          74.00828205128207,
          14.982384615384616
        ]
      },
      "properties": {
        "layer": "interpolated_heatmap",
        "value": 0.4405,
        "label": "Interpolated anomaly intensity",
        "disclaimer": "Interpolated estimate \u2014 NOT a direct measurement",
        "data_provenance": "INFERRED"
      }
    },
    {
      "type": "Feature",
      "geometry": {
        "type": "Point",
        "coordinates": [
          74.00828205128207,
          14.982692307692307
        ]
      },
      "properties": {
        "layer": "interpolated_heatmap",
        "value": 0.4402,
        "label": "Interpolated anomaly intensity",
        "disclaimer": "Interpolated estimate \u2014 NOT a direct measurement",
        "data_provenance": "INFERRED"
      }
    },
    {
      "type": "Feature",
      "geometry": {
        "type": "Point",
        "coordinates": [
          74.00828205128207,
          14.983
        ]
      },
      "properties": {
        "layer": "interpolated_heatmap",
        "value": 0.4399,
        "label": "Interpolated anomaly intensity",
        "disclaimer": "Interpolated estimate \u2014 NOT a direct measurement",
        "data_provenance": "INFERRED"
      }
    },
    {
      "type": "Feature",
      "geometry": {
        "type": "Point",
        "coordinates": [
          74.00828205128207,
          14.983307692307692
        ]
      },
      "properties": {
        "layer": "interpolated_heatmap",
        "value": 0.4397,
        "label": "Interpolated anomaly intensity",
        "disclaimer": "Interpolated estimate \u2014 NOT a direct measurement",
        "data_provenance": "INFERRED"
      }
    },
    {
      "type": "Feature",
      "geometry": {
        "type": "Point",
        "coordinates": [
          74.00828205128207,
          14.983615384615385
        ]
      },
      "properties": {
        "layer": "interpolated_heatmap",
        "value": 0.4395,
        "label": "Interpolated anomaly intensity",
        "disclaimer": "Interpolated estimate \u2014 NOT a direct measurement",
        "data_provenance": "INFERRED"
      }
    },
    {
      "type": "Feature",
      "geometry": {
        "type": "Point",
        "coordinates": [
          74.00828205128207,
          14.983923076923077
        ]
      },
      "properties": {
        "layer": "interpolated_heatmap",
        "value": 0.4393,
        "label": "Interpolated anomaly intensity",
        "disclaimer": "Interpolated estimate \u2014 NOT a direct measurement",
        "data_provenance": "INFERRED"
      }
    },
    {
      "type": "Feature",
      "geometry": {
        "type": "Point",
        "coordinates": [
          74.00828205128207,
          14.98423076923077
        ]
      },
      "properties": {
        "layer": "interpolated_heatmap",
        "value": 0.4391,
        "label": "Interpolated anomaly intensity",
        "disclaimer": "Interpolated estimate \u2014 NOT a direct measurement",
        "data_provenance": "INFERRED"
      }
    },
    {
      "type": "Feature",
      "geometry": {
        "type": "Point",
        "coordinates": [
          74.00828205128207,
          14.984538461538461
        ]
      },
      "properties": {
        "layer": "interpolated_heatmap",
        "value": 0.4389,
        "label": "Interpolated anomaly intensity",
        "disclaimer": "Interpolated estimate \u2014 NOT a direct measurement",
        "data_provenance": "INFERRED"
      }
    },
    {
      "type": "Feature",
      "geometry": {
        "type": "Point",
        "coordinates": [
          74.00828205128207,
          14.984846153846155
        ]
      },
      "properties": {
        "layer": "interpolated_heatmap",
        "value": 0.4388,
        "label": "Interpolated anomaly intensity",
        "disclaimer": "Interpolated estimate \u2014 NOT a direct measurement",
        "data_provenance": "INFERRED"
      }
    },
    {
      "type": "Feature",
      "geometry": {
        "type": "Point",
        "coordinates": [
          74.00828205128207,
          14.985153846153846
        ]
      },
      "properties": {
        "layer": "interpolated_heatmap",
        "value": 0.4386,
        "label": "Interpolated anomaly intensity",
        "disclaimer": "Interpolated estimate \u2014 NOT a direct measurement",
        "data_provenance": "INFERRED"
      }
    },
    {
      "type": "Feature",
      "geometry": {
        "type": "Point",
        "coordinates": [
          74.00828205128207,
          14.98546153846154
        ]
      },
      "properties": {
        "layer": "interpolated_heatmap",
        "value": 0.4385,
        "label": "Interpolated anomaly intensity",
        "disclaimer": "Interpolated estimate \u2014 NOT a direct measurement",
        "data_provenance": "INFERRED"
      }
    },
    {
      "type": "Feature",
      "geometry": {
        "type": "Point",
        "coordinates": [
          74.00828205128207,
          14.98576923076923
        ]
      },
      "properties": {
        "layer": "interpolated_heatmap",
        "value": 0.4384,
        "label": "Interpolated anomaly intensity",
        "disclaimer": "Interpolated estimate \u2014 NOT a direct measurement",
        "data_provenance": "INFERRED"
      }
    },
    {
      "type": "Feature",
      "geometry": {
        "type": "Point",
        "coordinates": [
          74.00828205128207,
          14.986076923076924
        ]
      },
      "properties": {
        "layer": "interpolated_heatmap",
        "value": 0.4383,
        "label": "Interpolated anomaly intensity",
        "disclaimer": "Interpolated estimate \u2014 NOT a direct measurement",
        "data_provenance": "INFERRED"
      }
    },
    {
      "type": "Feature",
      "geometry": {
        "type": "Point",
        "coordinates": [
          74.00828205128207,
          14.986384615384615
        ]
      },
      "properties": {
        "layer": "interpolated_heatmap",
        "value": 0.4382,
        "label": "Interpolated anomaly intensity",
        "disclaimer": "Interpolated estimate \u2014 NOT a direct measurement",
        "data_provenance": "INFERRED"
      }
    },
    {
      "type": "Feature",
      "geometry": {
        "type": "Point",
        "coordinates": [
          74.00828205128207,
          14.986692307692309
        ]
      },
      "properties": {
        "layer": "interpolated_heatmap",
        "value": 0.4382,
        "label": "Interpolated anomaly intensity",
        "disclaimer": "Interpolated estimate \u2014 NOT a direct measurement",
        "data_provenance": "INFERRED"
      }
    },
    {
      "type": "Feature",
      "geometry": {
        "type": "Point",
        "coordinates": [
          74.00828205128207,
          14.987
        ]
      },
      "properties": {
        "layer": "interpolated_heatmap",
        "value": 0.4381,
        "label": "Interpolated anomaly intensity",
        "disclaimer": "Interpolated estimate \u2014 NOT a direct measurement",
        "data_provenance": "INFERRED"
      }
    },
    {
      "type": "Feature",
      "geometry": {
        "type": "Point",
        "coordinates": [
          74.00869230769231,
          14.975
        ]
      },
      "properties": {
        "layer": "interpolated_heatmap",
        "value": 0.4399,
        "label": "Interpolated anomaly intensity",
        "disclaimer": "Interpolated estimate \u2014 NOT a direct measurement",
        "data_provenance": "INFERRED"
      }
    },
    {
      "type": "Feature",
      "geometry": {
        "type": "Point",
        "coordinates": [
          74.00869230769231,
          14.975307692307691
        ]
      },
      "properties": {
        "layer": "interpolated_heatmap",
        "value": 0.44,
        "label": "Interpolated anomaly intensity",
        "disclaimer": "Interpolated estimate \u2014 NOT a direct measurement",
        "data_provenance": "INFERRED"
      }
    },
    {
      "type": "Feature",
      "geometry": {
        "type": "Point",
        "coordinates": [
          74.00869230769231,
          14.975615384615384
        ]
      },
      "properties": {
        "layer": "interpolated_heatmap",
        "value": 0.4401,
        "label": "Interpolated anomaly intensity",
        "disclaimer": "Interpolated estimate \u2014 NOT a direct measurement",
        "data_provenance": "INFERRED"
      }
    },
    {
      "type": "Feature",
      "geometry": {
        "type": "Point",
        "coordinates": [
          74.00869230769231,
          14.975923076923076
        ]
      },
      "properties": {
        "layer": "interpolated_heatmap",
        "value": 0.4403,
        "label": "Interpolated anomaly intensity",
        "disclaimer": "Interpolated estimate \u2014 NOT a direct measurement",
        "data_provenance": "INFERRED"
      }
    },
    {
      "type": "Feature",
      "geometry": {
        "type": "Point",
        "coordinates": [
          74.00869230769231,
          14.976230769230769
        ]
      },
      "properties": {
        "layer": "interpolated_heatmap",
        "value": 0.4404,
        "label": "Interpolated anomaly intensity",
        "disclaimer": "Interpolated estimate \u2014 NOT a direct measurement",
        "data_provenance": "INFERRED"
      }
    },
    {
      "type": "Feature",
      "geometry": {
        "type": "Point",
        "coordinates": [
          74.00869230769231,
          14.97653846153846
        ]
      },
      "properties": {
        "layer": "interpolated_heatmap",
        "value": 0.4406,
        "label": "Interpolated anomaly intensity",
        "disclaimer": "Interpolated estimate \u2014 NOT a direct measurement",
        "data_provenance": "INFERRED"
      }
    },
    {
      "type": "Feature",
      "geometry": {
        "type": "Point",
        "coordinates": [
          74.00869230769231,
          14.976846153846154
        ]
      },
      "properties": {
        "layer": "interpolated_heatmap",
        "value": 0.4408,
        "label": "Interpolated anomaly intensity",
        "disclaimer": "Interpolated estimate \u2014 NOT a direct measurement",
        "data_provenance": "INFERRED"
      }
    },
    {
      "type": "Feature",
      "geometry": {
        "type": "Point",
        "coordinates": [
          74.00869230769231,
          14.977153846153845
        ]
      },
      "properties": {
        "layer": "interpolated_heatmap",
        "value": 0.441,
        "label": "Interpolated anomaly intensity",
        "disclaimer": "Interpolated estimate \u2014 NOT a direct measurement",
        "data_provenance": "INFERRED"
      }
    },
    {
      "type": "Feature",
      "geometry": {
        "type": "Point",
        "coordinates": [
          74.00869230769231,
          14.977461538461538
        ]
      },
      "properties": {
        "layer": "interpolated_heatmap",
        "value": 0.4411,
        "label": "Interpolated anomaly intensity",
        "disclaimer": "Interpolated estimate \u2014 NOT a direct measurement",
        "data_provenance": "INFERRED"
      }
    },
    {
      "type": "Feature",
      "geometry": {
        "type": "Point",
        "coordinates": [
          74.00869230769231,
          14.97776923076923
        ]
      },
      "properties": {
        "layer": "interpolated_heatmap",
        "value": 0.4413,
        "label": "Interpolated anomaly intensity",
        "disclaimer": "Interpolated estimate \u2014 NOT a direct measurement",
        "data_provenance": "INFERRED"
      }
    },
    {
      "type": "Feature",
      "geometry": {
        "type": "Point",
        "coordinates": [
          74.00869230769231,
          14.978076923076923
        ]
      },
      "properties": {
        "layer": "interpolated_heatmap",
        "value": 0.4415,
        "label": "Interpolated anomaly intensity",
        "disclaimer": "Interpolated estimate \u2014 NOT a direct measurement",
        "data_provenance": "INFERRED"
      }
    },
    {
      "type": "Feature",
      "geometry": {
        "type": "Point",
        "coordinates": [
          74.00869230769231,
          14.978384615384615
        ]
      },
      "properties": {
        "layer": "interpolated_heatmap",
        "value": 0.4417,
        "label": "Interpolated anomaly intensity",
        "disclaimer": "Interpolated estimate \u2014 NOT a direct measurement",
        "data_provenance": "INFERRED"
      }
    },
    {
      "type": "Feature",
      "geometry": {
        "type": "Point",
        "coordinates": [
          74.00869230769231,
          14.978692307692308
        ]
      },
      "properties": {
        "layer": "interpolated_heatmap",
        "value": 0.4419,
        "label": "Interpolated anomaly intensity",
        "disclaimer": "Interpolated estimate \u2014 NOT a direct measurement",
        "data_provenance": "INFERRED"
      }
    },
    {
      "type": "Feature",
      "geometry": {
        "type": "Point",
        "coordinates": [
          74.00869230769231,
          14.979
        ]
      },
      "properties": {
        "layer": "interpolated_heatmap",
        "value": 0.442,
        "label": "Interpolated anomaly intensity",
        "disclaimer": "Interpolated estimate \u2014 NOT a direct measurement",
        "data_provenance": "INFERRED"
      }
    },
    {
      "type": "Feature",
      "geometry": {
        "type": "Point",
        "coordinates": [
          74.00869230769231,
          14.979307692307692
        ]
      },
      "properties": {
        "layer": "interpolated_heatmap",
        "value": 0.4421,
        "label": "Interpolated anomaly intensity",
        "disclaimer": "Interpolated estimate \u2014 NOT a direct measurement",
        "data_provenance": "INFERRED"
      }
    },
    {
      "type": "Feature",
      "geometry": {
        "type": "Point",
        "coordinates": [
          74.00869230769231,
          14.979615384615384
        ]
      },
      "properties": {
        "layer": "interpolated_heatmap",
        "value": 0.4422,
        "label": "Interpolated anomaly intensity",
        "disclaimer": "Interpolated estimate \u2014 NOT a direct measurement",
        "data_provenance": "INFERRED"
      }
    },
    {
      "type": "Feature",
      "geometry": {
        "type": "Point",
        "coordinates": [
          74.00869230769231,
          14.979923076923077
        ]
      },
      "properties": {
        "layer": "interpolated_heatmap",
        "value": 0.4422,
        "label": "Interpolated anomaly intensity",
        "disclaimer": "Interpolated estimate \u2014 NOT a direct measurement",
        "data_provenance": "INFERRED"
      }
    },
    {
      "type": "Feature",
      "geometry": {
        "type": "Point",
        "coordinates": [
          74.00869230769231,
          14.980230769230769
        ]
      },
      "properties": {
        "layer": "interpolated_heatmap",
        "value": 0.4422,
        "label": "Interpolated anomaly intensity",
        "disclaimer": "Interpolated estimate \u2014 NOT a direct measurement",
        "data_provenance": "INFERRED"
      }
    },
    {
      "type": "Feature",
      "geometry": {
        "type": "Point",
        "coordinates": [
          74.00869230769231,
          14.980538461538462
        ]
      },
      "properties": {
        "layer": "interpolated_heatmap",
        "value": 0.4421,
        "label": "Interpolated anomaly intensity",
        "disclaimer": "Interpolated estimate \u2014 NOT a direct measurement",
        "data_provenance": "INFERRED"
      }
    },
    {
      "type": "Feature",
      "geometry": {
        "type": "Point",
        "coordinates": [
          74.00869230769231,
          14.980846153846153
        ]
      },
      "properties": {
        "layer": "interpolated_heatmap",
        "value": 0.4419,
        "label": "Interpolated anomaly intensity",
        "disclaimer": "Interpolated estimate \u2014 NOT a direct measurement",
        "data_provenance": "INFERRED"
      }
    },
    {
      "type": "Feature",
      "geometry": {
        "type": "Point",
        "coordinates": [
          74.00869230769231,
          14.981153846153846
        ]
      },
      "properties": {
        "layer": "interpolated_heatmap",
        "value": 0.4417,
        "label": "Interpolated anomaly intensity",
        "disclaimer": "Interpolated estimate \u2014 NOT a direct measurement",
        "data_provenance": "INFERRED"
      }
    },
    {
      "type": "Feature",
      "geometry": {
        "type": "Point",
        "coordinates": [
          74.00869230769231,
          14.981461538461538
        ]
      },
      "properties": {
        "layer": "interpolated_heatmap",
        "value": 0.4414,
        "label": "Interpolated anomaly intensity",
        "disclaimer": "Interpolated estimate \u2014 NOT a direct measurement",
        "data_provenance": "INFERRED"
      }
    },
    {
      "type": "Feature",
      "geometry": {
        "type": "Point",
        "coordinates": [
          74.00869230769231,
          14.981769230769231
        ]
      },
      "properties": {
        "layer": "interpolated_heatmap",
        "value": 0.4411,
        "label": "Interpolated anomaly intensity",
        "disclaimer": "Interpolated estimate \u2014 NOT a direct measurement",
        "data_provenance": "INFERRED"
      }
    },
    {
      "type": "Feature",
      "geometry": {
        "type": "Point",
        "coordinates": [
          74.00869230769231,
          14.982076923076923
        ]
      },
      "properties": {
        "layer": "interpolated_heatmap",
        "value": 0.4408,
        "label": "Interpolated anomaly intensity",
        "disclaimer": "Interpolated estimate \u2014 NOT a direct measurement",
        "data_provenance": "INFERRED"
      }
    },
    {
      "type": "Feature",
      "geometry": {
        "type": "Point",
        "coordinates": [
          74.00869230769231,
          14.982384615384616
        ]
      },
      "properties": {
        "layer": "interpolated_heatmap",
        "value": 0.4405,
        "label": "Interpolated anomaly intensity",
        "disclaimer": "Interpolated estimate \u2014 NOT a direct measurement",
        "data_provenance": "INFERRED"
      }
    },
    {
      "type": "Feature",
      "geometry": {
        "type": "Point",
        "coordinates": [
          74.00869230769231,
          14.982692307692307
        ]
      },
      "properties": {
        "layer": "interpolated_heatmap",
        "value": 0.4402,
        "label": "Interpolated anomaly intensity",
        "disclaimer": "Interpolated estimate \u2014 NOT a direct measurement",
        "data_provenance": "INFERRED"
      }
    },
    {
      "type": "Feature",
      "geometry": {
        "type": "Point",
        "coordinates": [
          74.00869230769231,
          14.983
        ]
      },
      "properties": {
        "layer": "interpolated_heatmap",
        "value": 0.4399,
        "label": "Interpolated anomaly intensity",
        "disclaimer": "Interpolated estimate \u2014 NOT a direct measurement",
        "data_provenance": "INFERRED"
      }
    },
    {
      "type": "Feature",
      "geometry": {
        "type": "Point",
        "coordinates": [
          74.00869230769231,
          14.983307692307692
        ]
      },
      "properties": {
        "layer": "interpolated_heatmap",
        "value": 0.4396,
        "label": "Interpolated anomaly intensity",
        "disclaimer": "Interpolated estimate \u2014 NOT a direct measurement",
        "data_provenance": "INFERRED"
      }
    },
    {
      "type": "Feature",
      "geometry": {
        "type": "Point",
        "coordinates": [
          74.00869230769231,
          14.983615384615385
        ]
      },
      "properties": {
        "layer": "interpolated_heatmap",
        "value": 0.4394,
        "label": "Interpolated anomaly intensity",
        "disclaimer": "Interpolated estimate \u2014 NOT a direct measurement",
        "data_provenance": "INFERRED"
      }
    },
    {
      "type": "Feature",
      "geometry": {
        "type": "Point",
        "coordinates": [
          74.00869230769231,
          14.983923076923077
        ]
      },
      "properties": {
        "layer": "interpolated_heatmap",
        "value": 0.4391,
        "label": "Interpolated anomaly intensity",
        "disclaimer": "Interpolated estimate \u2014 NOT a direct measurement",
        "data_provenance": "INFERRED"
      }
    },
    {
      "type": "Feature",
      "geometry": {
        "type": "Point",
        "coordinates": [
          74.00869230769231,
          14.98423076923077
        ]
      },
      "properties": {
        "layer": "interpolated_heatmap",
        "value": 0.4389,
        "label": "Interpolated anomaly intensity",
        "disclaimer": "Interpolated estimate \u2014 NOT a direct measurement",
        "data_provenance": "INFERRED"
      }
    },
    {
      "type": "Feature",
      "geometry": {
        "type": "Point",
        "coordinates": [
          74.00869230769231,
          14.984538461538461
        ]
      },
      "properties": {
        "layer": "interpolated_heatmap",
        "value": 0.4388,
        "label": "Interpolated anomaly intensity",
        "disclaimer": "Interpolated estimate \u2014 NOT a direct measurement",
        "data_provenance": "INFERRED"
      }
    },
    {
      "type": "Feature",
      "geometry": {
        "type": "Point",
        "coordinates": [
          74.00869230769231,
          14.984846153846155
        ]
      },
      "properties": {
        "layer": "interpolated_heatmap",
        "value": 0.4386,
        "label": "Interpolated anomaly intensity",
        "disclaimer": "Interpolated estimate \u2014 NOT a direct measurement",
        "data_provenance": "INFERRED"
      }
    },
    {
      "type": "Feature",
      "geometry": {
        "type": "Point",
        "coordinates": [
          74.00869230769231,
          14.985153846153846
        ]
      },
      "properties": {
        "layer": "interpolated_heatmap",
        "value": 0.4385,
        "label": "Interpolated anomaly intensity",
        "disclaimer": "Interpolated estimate \u2014 NOT a direct measurement",
        "data_provenance": "INFERRED"
      }
    },
    {
      "type": "Feature",
      "geometry": {
        "type": "Point",
        "coordinates": [
          74.00869230769231,
          14.98546153846154
        ]
      },
      "properties": {
        "layer": "interpolated_heatmap",
        "value": 0.4384,
        "label": "Interpolated anomaly intensity",
        "disclaimer": "Interpolated estimate \u2014 NOT a direct measurement",
        "data_provenance": "INFERRED"
      }
    },
    {
      "type": "Feature",
      "geometry": {
        "type": "Point",
        "coordinates": [
          74.00869230769231,
          14.98576923076923
        ]
      },
      "properties": {
        "layer": "interpolated_heatmap",
        "value": 0.4383,
        "label": "Interpolated anomaly intensity",
        "disclaimer": "Interpolated estimate \u2014 NOT a direct measurement",
        "data_provenance": "INFERRED"
      }
    },
    {
      "type": "Feature",
      "geometry": {
        "type": "Point",
        "coordinates": [
          74.00869230769231,
          14.986076923076924
        ]
      },
      "properties": {
        "layer": "interpolated_heatmap",
        "value": 0.4382,
        "label": "Interpolated anomaly intensity",
        "disclaimer": "Interpolated estimate \u2014 NOT a direct measurement",
        "data_provenance": "INFERRED"
      }
    },
    {
      "type": "Feature",
      "geometry": {
        "type": "Point",
        "coordinates": [
          74.00869230769231,
          14.986384615384615
        ]
      },
      "properties": {
        "layer": "interpolated_heatmap",
        "value": 0.4381,
        "label": "Interpolated anomaly intensity",
        "disclaimer": "Interpolated estimate \u2014 NOT a direct measurement",
        "data_provenance": "INFERRED"
      }
    },
    {
      "type": "Feature",
      "geometry": {
        "type": "Point",
        "coordinates": [
          74.00869230769231,
          14.986692307692309
        ]
      },
      "properties": {
        "layer": "interpolated_heatmap",
        "value": 0.438,
        "label": "Interpolated anomaly intensity",
        "disclaimer": "Interpolated estimate \u2014 NOT a direct measurement",
        "data_provenance": "INFERRED"
      }
    },
    {
      "type": "Feature",
      "geometry": {
        "type": "Point",
        "coordinates": [
          74.00869230769231,
          14.987
        ]
      },
      "properties": {
        "layer": "interpolated_heatmap",
        "value": 0.438,
        "label": "Interpolated anomaly intensity",
        "disclaimer": "Interpolated estimate \u2014 NOT a direct measurement",
        "data_provenance": "INFERRED"
      }
    },
    {
      "type": "Feature",
      "geometry": {
        "type": "Point",
        "coordinates": [
          74.00910256410258,
          14.975
        ]
      },
      "properties": {
        "layer": "interpolated_heatmap",
        "value": 0.4398,
        "label": "Interpolated anomaly intensity",
        "disclaimer": "Interpolated estimate \u2014 NOT a direct measurement",
        "data_provenance": "INFERRED"
      }
    },
    {
      "type": "Feature",
      "geometry": {
        "type": "Point",
        "coordinates": [
          74.00910256410258,
          14.975307692307691
        ]
      },
      "properties": {
        "layer": "interpolated_heatmap",
        "value": 0.44,
        "label": "Interpolated anomaly intensity",
        "disclaimer": "Interpolated estimate \u2014 NOT a direct measurement",
        "data_provenance": "INFERRED"
      }
    },
    {
      "type": "Feature",
      "geometry": {
        "type": "Point",
        "coordinates": [
          74.00910256410258,
          14.975615384615384
        ]
      },
      "properties": {
        "layer": "interpolated_heatmap",
        "value": 0.4401,
        "label": "Interpolated anomaly intensity",
        "disclaimer": "Interpolated estimate \u2014 NOT a direct measurement",
        "data_provenance": "INFERRED"
      }
    },
    {
      "type": "Feature",
      "geometry": {
        "type": "Point",
        "coordinates": [
          74.00910256410258,
          14.975923076923076
        ]
      },
      "properties": {
        "layer": "interpolated_heatmap",
        "value": 0.4403,
        "label": "Interpolated anomaly intensity",
        "disclaimer": "Interpolated estimate \u2014 NOT a direct measurement",
        "data_provenance": "INFERRED"
      }
    },
    {
      "type": "Feature",
      "geometry": {
        "type": "Point",
        "coordinates": [
          74.00910256410258,
          14.976230769230769
        ]
      },
      "properties": {
        "layer": "interpolated_heatmap",
        "value": 0.4404,
        "label": "Interpolated anomaly intensity",
        "disclaimer": "Interpolated estimate \u2014 NOT a direct measurement",
        "data_provenance": "INFERRED"
      }
    },
    {
      "type": "Feature",
      "geometry": {
        "type": "Point",
        "coordinates": [
          74.00910256410258,
          14.97653846153846
        ]
      },
      "properties": {
        "layer": "interpolated_heatmap",
        "value": 0.4406,
        "label": "Interpolated anomaly intensity",
        "disclaimer": "Interpolated estimate \u2014 NOT a direct measurement",
        "data_provenance": "INFERRED"
      }
    },
    {
      "type": "Feature",
      "geometry": {
        "type": "Point",
        "coordinates": [
          74.00910256410258,
          14.976846153846154
        ]
      },
      "properties": {
        "layer": "interpolated_heatmap",
        "value": 0.4408,
        "label": "Interpolated anomaly intensity",
        "disclaimer": "Interpolated estimate \u2014 NOT a direct measurement",
        "data_provenance": "INFERRED"
      }
    },
    {
      "type": "Feature",
      "geometry": {
        "type": "Point",
        "coordinates": [
          74.00910256410258,
          14.977153846153845
        ]
      },
      "properties": {
        "layer": "interpolated_heatmap",
        "value": 0.441,
        "label": "Interpolated anomaly intensity",
        "disclaimer": "Interpolated estimate \u2014 NOT a direct measurement",
        "data_provenance": "INFERRED"
      }
    },
    {
      "type": "Feature",
      "geometry": {
        "type": "Point",
        "coordinates": [
          74.00910256410258,
          14.977461538461538
        ]
      },
      "properties": {
        "layer": "interpolated_heatmap",
        "value": 0.4412,
        "label": "Interpolated anomaly intensity",
        "disclaimer": "Interpolated estimate \u2014 NOT a direct measurement",
        "data_provenance": "INFERRED"
      }
    },
    {
      "type": "Feature",
      "geometry": {
        "type": "Point",
        "coordinates": [
          74.00910256410258,
          14.97776923076923
        ]
      },
      "properties": {
        "layer": "interpolated_heatmap",
        "value": 0.4414,
        "label": "Interpolated anomaly intensity",
        "disclaimer": "Interpolated estimate \u2014 NOT a direct measurement",
        "data_provenance": "INFERRED"
      }
    },
    {
      "type": "Feature",
      "geometry": {
        "type": "Point",
        "coordinates": [
          74.00910256410258,
          14.978076923076923
        ]
      },
      "properties": {
        "layer": "interpolated_heatmap",
        "value": 0.4416,
        "label": "Interpolated anomaly intensity",
        "disclaimer": "Interpolated estimate \u2014 NOT a direct measurement",
        "data_provenance": "INFERRED"
      }
    },
    {
      "type": "Feature",
      "geometry": {
        "type": "Point",
        "coordinates": [
          74.00910256410258,
          14.978384615384615
        ]
      },
      "properties": {
        "layer": "interpolated_heatmap",
        "value": 0.4418,
        "label": "Interpolated anomaly intensity",
        "disclaimer": "Interpolated estimate \u2014 NOT a direct measurement",
        "data_provenance": "INFERRED"
      }
    },
    {
      "type": "Feature",
      "geometry": {
        "type": "Point",
        "coordinates": [
          74.00910256410258,
          14.978692307692308
        ]
      },
      "properties": {
        "layer": "interpolated_heatmap",
        "value": 0.442,
        "label": "Interpolated anomaly intensity",
        "disclaimer": "Interpolated estimate \u2014 NOT a direct measurement",
        "data_provenance": "INFERRED"
      }
    },
    {
      "type": "Feature",
      "geometry": {
        "type": "Point",
        "coordinates": [
          74.00910256410258,
          14.979
        ]
      },
      "properties": {
        "layer": "interpolated_heatmap",
        "value": 0.4422,
        "label": "Interpolated anomaly intensity",
        "disclaimer": "Interpolated estimate \u2014 NOT a direct measurement",
        "data_provenance": "INFERRED"
      }
    },
    {
      "type": "Feature",
      "geometry": {
        "type": "Point",
        "coordinates": [
          74.00910256410258,
          14.979307692307692
        ]
      },
      "properties": {
        "layer": "interpolated_heatmap",
        "value": 0.4424,
        "label": "Interpolated anomaly intensity",
        "disclaimer": "Interpolated estimate \u2014 NOT a direct measurement",
        "data_provenance": "INFERRED"
      }
    },
    {
      "type": "Feature",
      "geometry": {
        "type": "Point",
        "coordinates": [
          74.00910256410258,
          14.979615384615384
        ]
      },
      "properties": {
        "layer": "interpolated_heatmap",
        "value": 0.4425,
        "label": "Interpolated anomaly intensity",
        "disclaimer": "Interpolated estimate \u2014 NOT a direct measurement",
        "data_provenance": "INFERRED"
      }
    },
    {
      "type": "Feature",
      "geometry": {
        "type": "Point",
        "coordinates": [
          74.00910256410258,
          14.979923076923077
        ]
      },
      "properties": {
        "layer": "interpolated_heatmap",
        "value": 0.4425,
        "label": "Interpolated anomaly intensity",
        "disclaimer": "Interpolated estimate \u2014 NOT a direct measurement",
        "data_provenance": "INFERRED"
      }
    },
    {
      "type": "Feature",
      "geometry": {
        "type": "Point",
        "coordinates": [
          74.00910256410258,
          14.980230769230769
        ]
      },
      "properties": {
        "layer": "interpolated_heatmap",
        "value": 0.4425,
        "label": "Interpolated anomaly intensity",
        "disclaimer": "Interpolated estimate \u2014 NOT a direct measurement",
        "data_provenance": "INFERRED"
      }
    },
    {
      "type": "Feature",
      "geometry": {
        "type": "Point",
        "coordinates": [
          74.00910256410258,
          14.980538461538462
        ]
      },
      "properties": {
        "layer": "interpolated_heatmap",
        "value": 0.4424,
        "label": "Interpolated anomaly intensity",
        "disclaimer": "Interpolated estimate \u2014 NOT a direct measurement",
        "data_provenance": "INFERRED"
      }
    },
    {
      "type": "Feature",
      "geometry": {
        "type": "Point",
        "coordinates": [
          74.00910256410258,
          14.980846153846153
        ]
      },
      "properties": {
        "layer": "interpolated_heatmap",
        "value": 0.4421,
        "label": "Interpolated anomaly intensity",
        "disclaimer": "Interpolated estimate \u2014 NOT a direct measurement",
        "data_provenance": "INFERRED"
      }
    },
    {
      "type": "Feature",
      "geometry": {
        "type": "Point",
        "coordinates": [
          74.00910256410258,
          14.981153846153846
        ]
      },
      "properties": {
        "layer": "interpolated_heatmap",
        "value": 0.4419,
        "label": "Interpolated anomaly intensity",
        "disclaimer": "Interpolated estimate \u2014 NOT a direct measurement",
        "data_provenance": "INFERRED"
      }
    },
    {
      "type": "Feature",
      "geometry": {
        "type": "Point",
        "coordinates": [
          74.00910256410258,
          14.981461538461538
        ]
      },
      "properties": {
        "layer": "interpolated_heatmap",
        "value": 0.4415,
        "label": "Interpolated anomaly intensity",
        "disclaimer": "Interpolated estimate \u2014 NOT a direct measurement",
        "data_provenance": "INFERRED"
      }
    },
    {
      "type": "Feature",
      "geometry": {
        "type": "Point",
        "coordinates": [
          74.00910256410258,
          14.981769230769231
        ]
      },
      "properties": {
        "layer": "interpolated_heatmap",
        "value": 0.4412,
        "label": "Interpolated anomaly intensity",
        "disclaimer": "Interpolated estimate \u2014 NOT a direct measurement",
        "data_provenance": "INFERRED"
      }
    },
    {
      "type": "Feature",
      "geometry": {
        "type": "Point",
        "coordinates": [
          74.00910256410258,
          14.982076923076923
        ]
      },
      "properties": {
        "layer": "interpolated_heatmap",
        "value": 0.4408,
        "label": "Interpolated anomaly intensity",
        "disclaimer": "Interpolated estimate \u2014 NOT a direct measurement",
        "data_provenance": "INFERRED"
      }
    },
    {
      "type": "Feature",
      "geometry": {
        "type": "Point",
        "coordinates": [
          74.00910256410258,
          14.982384615384616
        ]
      },
      "properties": {
        "layer": "interpolated_heatmap",
        "value": 0.4404,
        "label": "Interpolated anomaly intensity",
        "disclaimer": "Interpolated estimate \u2014 NOT a direct measurement",
        "data_provenance": "INFERRED"
      }
    },
    {
      "type": "Feature",
      "geometry": {
        "type": "Point",
        "coordinates": [
          74.00910256410258,
          14.982692307692307
        ]
      },
      "properties": {
        "layer": "interpolated_heatmap",
        "value": 0.4401,
        "label": "Interpolated anomaly intensity",
        "disclaimer": "Interpolated estimate \u2014 NOT a direct measurement",
        "data_provenance": "INFERRED"
      }
    },
    {
      "type": "Feature",
      "geometry": {
        "type": "Point",
        "coordinates": [
          74.00910256410258,
          14.983
        ]
      },
      "properties": {
        "layer": "interpolated_heatmap",
        "value": 0.4397,
        "label": "Interpolated anomaly intensity",
        "disclaimer": "Interpolated estimate \u2014 NOT a direct measurement",
        "data_provenance": "INFERRED"
      }
    },
    {
      "type": "Feature",
      "geometry": {
        "type": "Point",
        "coordinates": [
          74.00910256410258,
          14.983307692307692
        ]
      },
      "properties": {
        "layer": "interpolated_heatmap",
        "value": 0.4394,
        "label": "Interpolated anomaly intensity",
        "disclaimer": "Interpolated estimate \u2014 NOT a direct measurement",
        "data_provenance": "INFERRED"
      }
    },
    {
      "type": "Feature",
      "geometry": {
        "type": "Point",
        "coordinates": [
          74.00910256410258,
          14.983615384615385
        ]
      },
      "properties": {
        "layer": "interpolated_heatmap",
        "value": 0.4392,
        "label": "Interpolated anomaly intensity",
        "disclaimer": "Interpolated estimate \u2014 NOT a direct measurement",
        "data_provenance": "INFERRED"
      }
    },
    {
      "type": "Feature",
      "geometry": {
        "type": "Point",
        "coordinates": [
          74.00910256410258,
          14.983923076923077
        ]
      },
      "properties": {
        "layer": "interpolated_heatmap",
        "value": 0.439,
        "label": "Interpolated anomaly intensity",
        "disclaimer": "Interpolated estimate \u2014 NOT a direct measurement",
        "data_provenance": "INFERRED"
      }
    },
    {
      "type": "Feature",
      "geometry": {
        "type": "Point",
        "coordinates": [
          74.00910256410258,
          14.98423076923077
        ]
      },
      "properties": {
        "layer": "interpolated_heatmap",
        "value": 0.4388,
        "label": "Interpolated anomaly intensity",
        "disclaimer": "Interpolated estimate \u2014 NOT a direct measurement",
        "data_provenance": "INFERRED"
      }
    },
    {
      "type": "Feature",
      "geometry": {
        "type": "Point",
        "coordinates": [
          74.00910256410258,
          14.984538461538461
        ]
      },
      "properties": {
        "layer": "interpolated_heatmap",
        "value": 0.4386,
        "label": "Interpolated anomaly intensity",
        "disclaimer": "Interpolated estimate \u2014 NOT a direct measurement",
        "data_provenance": "INFERRED"
      }
    },
    {
      "type": "Feature",
      "geometry": {
        "type": "Point",
        "coordinates": [
          74.00910256410258,
          14.984846153846155
        ]
      },
      "properties": {
        "layer": "interpolated_heatmap",
        "value": 0.4385,
        "label": "Interpolated anomaly intensity",
        "disclaimer": "Interpolated estimate \u2014 NOT a direct measurement",
        "data_provenance": "INFERRED"
      }
    },
    {
      "type": "Feature",
      "geometry": {
        "type": "Point",
        "coordinates": [
          74.00910256410258,
          14.985153846153846
        ]
      },
      "properties": {
        "layer": "interpolated_heatmap",
        "value": 0.4383,
        "label": "Interpolated anomaly intensity",
        "disclaimer": "Interpolated estimate \u2014 NOT a direct measurement",
        "data_provenance": "INFERRED"
      }
    },
    {
      "type": "Feature",
      "geometry": {
        "type": "Point",
        "coordinates": [
          74.00910256410258,
          14.98546153846154
        ]
      },
      "properties": {
        "layer": "interpolated_heatmap",
        "value": 0.4382,
        "label": "Interpolated anomaly intensity",
        "disclaimer": "Interpolated estimate \u2014 NOT a direct measurement",
        "data_provenance": "INFERRED"
      }
    },
    {
      "type": "Feature",
      "geometry": {
        "type": "Point",
        "coordinates": [
          74.00910256410258,
          14.98576923076923
        ]
      },
      "properties": {
        "layer": "interpolated_heatmap",
        "value": 0.4381,
        "label": "Interpolated anomaly intensity",
        "disclaimer": "Interpolated estimate \u2014 NOT a direct measurement",
        "data_provenance": "INFERRED"
      }
    },
    {
      "type": "Feature",
      "geometry": {
        "type": "Point",
        "coordinates": [
          74.00910256410258,
          14.986076923076924
        ]
      },
      "properties": {
        "layer": "interpolated_heatmap",
        "value": 0.438,
        "label": "Interpolated anomaly intensity",
        "disclaimer": "Interpolated estimate \u2014 NOT a direct measurement",
        "data_provenance": "INFERRED"
      }
    },
    {
      "type": "Feature",
      "geometry": {
        "type": "Point",
        "coordinates": [
          74.00910256410258,
          14.986384615384615
        ]
      },
      "properties": {
        "layer": "interpolated_heatmap",
        "value": 0.438,
        "label": "Interpolated anomaly intensity",
        "disclaimer": "Interpolated estimate \u2014 NOT a direct measurement",
        "data_provenance": "INFERRED"
      }
    },
    {
      "type": "Feature",
      "geometry": {
        "type": "Point",
        "coordinates": [
          74.00910256410258,
          14.986692307692309
        ]
      },
      "properties": {
        "layer": "interpolated_heatmap",
        "value": 0.4379,
        "label": "Interpolated anomaly intensity",
        "disclaimer": "Interpolated estimate \u2014 NOT a direct measurement",
        "data_provenance": "INFERRED"
      }
    },
    {
      "type": "Feature",
      "geometry": {
        "type": "Point",
        "coordinates": [
          74.00910256410258,
          14.987
        ]
      },
      "properties": {
        "layer": "interpolated_heatmap",
        "value": 0.4379,
        "label": "Interpolated anomaly intensity",
        "disclaimer": "Interpolated estimate \u2014 NOT a direct measurement",
        "data_provenance": "INFERRED"
      }
    },
    {
      "type": "Feature",
      "geometry": {
        "type": "Point",
        "coordinates": [
          74.00951282051282,
          14.975
        ]
      },
      "properties": {
        "layer": "interpolated_heatmap",
        "value": 0.4398,
        "label": "Interpolated anomaly intensity",
        "disclaimer": "Interpolated estimate \u2014 NOT a direct measurement",
        "data_provenance": "INFERRED"
      }
    },
    {
      "type": "Feature",
      "geometry": {
        "type": "Point",
        "coordinates": [
          74.00951282051282,
          14.975307692307691
        ]
      },
      "properties": {
        "layer": "interpolated_heatmap",
        "value": 0.4399,
        "label": "Interpolated anomaly intensity",
        "disclaimer": "Interpolated estimate \u2014 NOT a direct measurement",
        "data_provenance": "INFERRED"
      }
    },
    {
      "type": "Feature",
      "geometry": {
        "type": "Point",
        "coordinates": [
          74.00951282051282,
          14.975615384615384
        ]
      },
      "properties": {
        "layer": "interpolated_heatmap",
        "value": 0.44,
        "label": "Interpolated anomaly intensity",
        "disclaimer": "Interpolated estimate \u2014 NOT a direct measurement",
        "data_provenance": "INFERRED"
      }
    },
    {
      "type": "Feature",
      "geometry": {
        "type": "Point",
        "coordinates": [
          74.00951282051282,
          14.975923076923076
        ]
      },
      "properties": {
        "layer": "interpolated_heatmap",
        "value": 0.4402,
        "label": "Interpolated anomaly intensity",
        "disclaimer": "Interpolated estimate \u2014 NOT a direct measurement",
        "data_provenance": "INFERRED"
      }
    },
    {
      "type": "Feature",
      "geometry": {
        "type": "Point",
        "coordinates": [
          74.00951282051282,
          14.976230769230769
        ]
      },
      "properties": {
        "layer": "interpolated_heatmap",
        "value": 0.4404,
        "label": "Interpolated anomaly intensity",
        "disclaimer": "Interpolated estimate \u2014 NOT a direct measurement",
        "data_provenance": "INFERRED"
      }
    },
    {
      "type": "Feature",
      "geometry": {
        "type": "Point",
        "coordinates": [
          74.00951282051282,
          14.97653846153846
        ]
      },
      "properties": {
        "layer": "interpolated_heatmap",
        "value": 0.4405,
        "label": "Interpolated anomaly intensity",
        "disclaimer": "Interpolated estimate \u2014 NOT a direct measurement",
        "data_provenance": "INFERRED"
      }
    },
    {
      "type": "Feature",
      "geometry": {
        "type": "Point",
        "coordinates": [
          74.00951282051282,
          14.976846153846154
        ]
      },
      "properties": {
        "layer": "interpolated_heatmap",
        "value": 0.4407,
        "label": "Interpolated anomaly intensity",
        "disclaimer": "Interpolated estimate \u2014 NOT a direct measurement",
        "data_provenance": "INFERRED"
      }
    },
    {
      "type": "Feature",
      "geometry": {
        "type": "Point",
        "coordinates": [
          74.00951282051282,
          14.977153846153845
        ]
      },
      "properties": {
        "layer": "interpolated_heatmap",
        "value": 0.4409,
        "label": "Interpolated anomaly intensity",
        "disclaimer": "Interpolated estimate \u2014 NOT a direct measurement",
        "data_provenance": "INFERRED"
      }
    },
    {
      "type": "Feature",
      "geometry": {
        "type": "Point",
        "coordinates": [
          74.00951282051282,
          14.977461538461538
        ]
      },
      "properties": {
        "layer": "interpolated_heatmap",
        "value": 0.4412,
        "label": "Interpolated anomaly intensity",
        "disclaimer": "Interpolated estimate \u2014 NOT a direct measurement",
        "data_provenance": "INFERRED"
      }
    },
    {
      "type": "Feature",
      "geometry": {
        "type": "Point",
        "coordinates": [
          74.00951282051282,
          14.97776923076923
        ]
      },
      "properties": {
        "layer": "interpolated_heatmap",
        "value": 0.4414,
        "label": "Interpolated anomaly intensity",
        "disclaimer": "Interpolated estimate \u2014 NOT a direct measurement",
        "data_provenance": "INFERRED"
      }
    },
    {
      "type": "Feature",
      "geometry": {
        "type": "Point",
        "coordinates": [
          74.00951282051282,
          14.978076923076923
        ]
      },
      "properties": {
        "layer": "interpolated_heatmap",
        "value": 0.4416,
        "label": "Interpolated anomaly intensity",
        "disclaimer": "Interpolated estimate \u2014 NOT a direct measurement",
        "data_provenance": "INFERRED"
      }
    },
    {
      "type": "Feature",
      "geometry": {
        "type": "Point",
        "coordinates": [
          74.00951282051282,
          14.978384615384615
        ]
      },
      "properties": {
        "layer": "interpolated_heatmap",
        "value": 0.4419,
        "label": "Interpolated anomaly intensity",
        "disclaimer": "Interpolated estimate \u2014 NOT a direct measurement",
        "data_provenance": "INFERRED"
      }
    },
    {
      "type": "Feature",
      "geometry": {
        "type": "Point",
        "coordinates": [
          74.00951282051282,
          14.978692307692308
        ]
      },
      "properties": {
        "layer": "interpolated_heatmap",
        "value": 0.4421,
        "label": "Interpolated anomaly intensity",
        "disclaimer": "Interpolated estimate \u2014 NOT a direct measurement",
        "data_provenance": "INFERRED"
      }
    },
    {
      "type": "Feature",
      "geometry": {
        "type": "Point",
        "coordinates": [
          74.00951282051282,
          14.979
        ]
      },
      "properties": {
        "layer": "interpolated_heatmap",
        "value": 0.4423,
        "label": "Interpolated anomaly intensity",
        "disclaimer": "Interpolated estimate \u2014 NOT a direct measurement",
        "data_provenance": "INFERRED"
      }
    },
    {
      "type": "Feature",
      "geometry": {
        "type": "Point",
        "coordinates": [
          74.00951282051282,
          14.979307692307692
        ]
      },
      "properties": {
        "layer": "interpolated_heatmap",
        "value": 0.4425,
        "label": "Interpolated anomaly intensity",
        "disclaimer": "Interpolated estimate \u2014 NOT a direct measurement",
        "data_provenance": "INFERRED"
      }
    },
    {
      "type": "Feature",
      "geometry": {
        "type": "Point",
        "coordinates": [
          74.00951282051282,
          14.979615384615384
        ]
      },
      "properties": {
        "layer": "interpolated_heatmap",
        "value": 0.4427,
        "label": "Interpolated anomaly intensity",
        "disclaimer": "Interpolated estimate \u2014 NOT a direct measurement",
        "data_provenance": "INFERRED"
      }
    },
    {
      "type": "Feature",
      "geometry": {
        "type": "Point",
        "coordinates": [
          74.00951282051282,
          14.979923076923077
        ]
      },
      "properties": {
        "layer": "interpolated_heatmap",
        "value": 0.4427,
        "label": "Interpolated anomaly intensity",
        "disclaimer": "Interpolated estimate \u2014 NOT a direct measurement",
        "data_provenance": "INFERRED"
      }
    },
    {
      "type": "Feature",
      "geometry": {
        "type": "Point",
        "coordinates": [
          74.00951282051282,
          14.980230769230769
        ]
      },
      "properties": {
        "layer": "interpolated_heatmap",
        "value": 0.4427,
        "label": "Interpolated anomaly intensity",
        "disclaimer": "Interpolated estimate \u2014 NOT a direct measurement",
        "data_provenance": "INFERRED"
      }
    },
    {
      "type": "Feature",
      "geometry": {
        "type": "Point",
        "coordinates": [
          74.00951282051282,
          14.980538461538462
        ]
      },
      "properties": {
        "layer": "interpolated_heatmap",
        "value": 0.4426,
        "label": "Interpolated anomaly intensity",
        "disclaimer": "Interpolated estimate \u2014 NOT a direct measurement",
        "data_provenance": "INFERRED"
      }
    },
    {
      "type": "Feature",
      "geometry": {
        "type": "Point",
        "coordinates": [
          74.00951282051282,
          14.980846153846153
        ]
      },
      "properties": {
        "layer": "interpolated_heatmap",
        "value": 0.4423,
        "label": "Interpolated anomaly intensity",
        "disclaimer": "Interpolated estimate \u2014 NOT a direct measurement",
        "data_provenance": "INFERRED"
      }
    },
    {
      "type": "Feature",
      "geometry": {
        "type": "Point",
        "coordinates": [
          74.00951282051282,
          14.981153846153846
        ]
      },
      "properties": {
        "layer": "interpolated_heatmap",
        "value": 0.442,
        "label": "Interpolated anomaly intensity",
        "disclaimer": "Interpolated estimate \u2014 NOT a direct measurement",
        "data_provenance": "INFERRED"
      }
    },
    {
      "type": "Feature",
      "geometry": {
        "type": "Point",
        "coordinates": [
          74.00951282051282,
          14.981461538461538
        ]
      },
      "properties": {
        "layer": "interpolated_heatmap",
        "value": 0.4416,
        "label": "Interpolated anomaly intensity",
        "disclaimer": "Interpolated estimate \u2014 NOT a direct measurement",
        "data_provenance": "INFERRED"
      }
    },
    {
      "type": "Feature",
      "geometry": {
        "type": "Point",
        "coordinates": [
          74.00951282051282,
          14.981769230769231
        ]
      },
      "properties": {
        "layer": "interpolated_heatmap",
        "value": 0.4411,
        "label": "Interpolated anomaly intensity",
        "disclaimer": "Interpolated estimate \u2014 NOT a direct measurement",
        "data_provenance": "INFERRED"
      }
    },
    {
      "type": "Feature",
      "geometry": {
        "type": "Point",
        "coordinates": [
          74.00951282051282,
          14.982076923076923
        ]
      },
      "properties": {
        "layer": "interpolated_heatmap",
        "value": 0.4407,
        "label": "Interpolated anomaly intensity",
        "disclaimer": "Interpolated estimate \u2014 NOT a direct measurement",
        "data_provenance": "INFERRED"
      }
    },
    {
      "type": "Feature",
      "geometry": {
        "type": "Point",
        "coordinates": [
          74.00951282051282,
          14.982384615384616
        ]
      },
      "properties": {
        "layer": "interpolated_heatmap",
        "value": 0.4403,
        "label": "Interpolated anomaly intensity",
        "disclaimer": "Interpolated estimate \u2014 NOT a direct measurement",
        "data_provenance": "INFERRED"
      }
    },
    {
      "type": "Feature",
      "geometry": {
        "type": "Point",
        "coordinates": [
          74.00951282051282,
          14.982692307692307
        ]
      },
      "properties": {
        "layer": "interpolated_heatmap",
        "value": 0.4399,
        "label": "Interpolated anomaly intensity",
        "disclaimer": "Interpolated estimate \u2014 NOT a direct measurement",
        "data_provenance": "INFERRED"
      }
    },
    {
      "type": "Feature",
      "geometry": {
        "type": "Point",
        "coordinates": [
          74.00951282051282,
          14.983
        ]
      },
      "properties": {
        "layer": "interpolated_heatmap",
        "value": 0.4395,
        "label": "Interpolated anomaly intensity",
        "disclaimer": "Interpolated estimate \u2014 NOT a direct measurement",
        "data_provenance": "INFERRED"
      }
    },
    {
      "type": "Feature",
      "geometry": {
        "type": "Point",
        "coordinates": [
          74.00951282051282,
          14.983307692307692
        ]
      },
      "properties": {
        "layer": "interpolated_heatmap",
        "value": 0.4392,
        "label": "Interpolated anomaly intensity",
        "disclaimer": "Interpolated estimate \u2014 NOT a direct measurement",
        "data_provenance": "INFERRED"
      }
    },
    {
      "type": "Feature",
      "geometry": {
        "type": "Point",
        "coordinates": [
          74.00951282051282,
          14.983615384615385
        ]
      },
      "properties": {
        "layer": "interpolated_heatmap",
        "value": 0.4389,
        "label": "Interpolated anomaly intensity",
        "disclaimer": "Interpolated estimate \u2014 NOT a direct measurement",
        "data_provenance": "INFERRED"
      }
    },
    {
      "type": "Feature",
      "geometry": {
        "type": "Point",
        "coordinates": [
          74.00951282051282,
          14.983923076923077
        ]
      },
      "properties": {
        "layer": "interpolated_heatmap",
        "value": 0.4387,
        "label": "Interpolated anomaly intensity",
        "disclaimer": "Interpolated estimate \u2014 NOT a direct measurement",
        "data_provenance": "INFERRED"
      }
    },
    {
      "type": "Feature",
      "geometry": {
        "type": "Point",
        "coordinates": [
          74.00951282051282,
          14.98423076923077
        ]
      },
      "properties": {
        "layer": "interpolated_heatmap",
        "value": 0.4385,
        "label": "Interpolated anomaly intensity",
        "disclaimer": "Interpolated estimate \u2014 NOT a direct measurement",
        "data_provenance": "INFERRED"
      }
    },
    {
      "type": "Feature",
      "geometry": {
        "type": "Point",
        "coordinates": [
          74.00951282051282,
          14.984538461538461
        ]
      },
      "properties": {
        "layer": "interpolated_heatmap",
        "value": 0.4384,
        "label": "Interpolated anomaly intensity",
        "disclaimer": "Interpolated estimate \u2014 NOT a direct measurement",
        "data_provenance": "INFERRED"
      }
    },
    {
      "type": "Feature",
      "geometry": {
        "type": "Point",
        "coordinates": [
          74.00951282051282,
          14.984846153846155
        ]
      },
      "properties": {
        "layer": "interpolated_heatmap",
        "value": 0.4382,
        "label": "Interpolated anomaly intensity",
        "disclaimer": "Interpolated estimate \u2014 NOT a direct measurement",
        "data_provenance": "INFERRED"
      }
    },
    {
      "type": "Feature",
      "geometry": {
        "type": "Point",
        "coordinates": [
          74.00951282051282,
          14.985153846153846
        ]
      },
      "properties": {
        "layer": "interpolated_heatmap",
        "value": 0.4381,
        "label": "Interpolated anomaly intensity",
        "disclaimer": "Interpolated estimate \u2014 NOT a direct measurement",
        "data_provenance": "INFERRED"
      }
    },
    {
      "type": "Feature",
      "geometry": {
        "type": "Point",
        "coordinates": [
          74.00951282051282,
          14.98546153846154
        ]
      },
      "properties": {
        "layer": "interpolated_heatmap",
        "value": 0.438,
        "label": "Interpolated anomaly intensity",
        "disclaimer": "Interpolated estimate \u2014 NOT a direct measurement",
        "data_provenance": "INFERRED"
      }
    },
    {
      "type": "Feature",
      "geometry": {
        "type": "Point",
        "coordinates": [
          74.00951282051282,
          14.98576923076923
        ]
      },
      "properties": {
        "layer": "interpolated_heatmap",
        "value": 0.438,
        "label": "Interpolated anomaly intensity",
        "disclaimer": "Interpolated estimate \u2014 NOT a direct measurement",
        "data_provenance": "INFERRED"
      }
    },
    {
      "type": "Feature",
      "geometry": {
        "type": "Point",
        "coordinates": [
          74.00951282051282,
          14.986076923076924
        ]
      },
      "properties": {
        "layer": "interpolated_heatmap",
        "value": 0.4379,
        "label": "Interpolated anomaly intensity",
        "disclaimer": "Interpolated estimate \u2014 NOT a direct measurement",
        "data_provenance": "INFERRED"
      }
    },
    {
      "type": "Feature",
      "geometry": {
        "type": "Point",
        "coordinates": [
          74.00951282051282,
          14.986384615384615
        ]
      },
      "properties": {
        "layer": "interpolated_heatmap",
        "value": 0.4378,
        "label": "Interpolated anomaly intensity",
        "disclaimer": "Interpolated estimate \u2014 NOT a direct measurement",
        "data_provenance": "INFERRED"
      }
    },
    {
      "type": "Feature",
      "geometry": {
        "type": "Point",
        "coordinates": [
          74.00951282051282,
          14.986692307692309
        ]
      },
      "properties": {
        "layer": "interpolated_heatmap",
        "value": 0.4378,
        "label": "Interpolated anomaly intensity",
        "disclaimer": "Interpolated estimate \u2014 NOT a direct measurement",
        "data_provenance": "INFERRED"
      }
    },
    {
      "type": "Feature",
      "geometry": {
        "type": "Point",
        "coordinates": [
          74.00951282051282,
          14.987
        ]
      },
      "properties": {
        "layer": "interpolated_heatmap",
        "value": 0.4377,
        "label": "Interpolated anomaly intensity",
        "disclaimer": "Interpolated estimate \u2014 NOT a direct measurement",
        "data_provenance": "INFERRED"
      }
    },
    {
      "type": "Feature",
      "geometry": {
        "type": "Point",
        "coordinates": [
          74.00992307692309,
          14.975
        ]
      },
      "properties": {
        "layer": "interpolated_heatmap",
        "value": 0.4397,
        "label": "Interpolated anomaly intensity",
        "disclaimer": "Interpolated estimate \u2014 NOT a direct measurement",
        "data_provenance": "INFERRED"
      }
    },
    {
      "type": "Feature",
      "geometry": {
        "type": "Point",
        "coordinates": [
          74.00992307692309,
          14.975307692307691
        ]
      },
      "properties": {
        "layer": "interpolated_heatmap",
        "value": 0.4398,
        "label": "Interpolated anomaly intensity",
        "disclaimer": "Interpolated estimate \u2014 NOT a direct measurement",
        "data_provenance": "INFERRED"
      }
    },
    {
      "type": "Feature",
      "geometry": {
        "type": "Point",
        "coordinates": [
          74.00992307692309,
          14.975615384615384
        ]
      },
      "properties": {
        "layer": "interpolated_heatmap",
        "value": 0.4399,
        "label": "Interpolated anomaly intensity",
        "disclaimer": "Interpolated estimate \u2014 NOT a direct measurement",
        "data_provenance": "INFERRED"
      }
    },
    {
      "type": "Feature",
      "geometry": {
        "type": "Point",
        "coordinates": [
          74.00992307692309,
          14.975923076923076
        ]
      },
      "properties": {
        "layer": "interpolated_heatmap",
        "value": 0.4401,
        "label": "Interpolated anomaly intensity",
        "disclaimer": "Interpolated estimate \u2014 NOT a direct measurement",
        "data_provenance": "INFERRED"
      }
    },
    {
      "type": "Feature",
      "geometry": {
        "type": "Point",
        "coordinates": [
          74.00992307692309,
          14.976230769230769
        ]
      },
      "properties": {
        "layer": "interpolated_heatmap",
        "value": 0.4403,
        "label": "Interpolated anomaly intensity",
        "disclaimer": "Interpolated estimate \u2014 NOT a direct measurement",
        "data_provenance": "INFERRED"
      }
    },
    {
      "type": "Feature",
      "geometry": {
        "type": "Point",
        "coordinates": [
          74.00992307692309,
          14.97653846153846
        ]
      },
      "properties": {
        "layer": "interpolated_heatmap",
        "value": 0.4404,
        "label": "Interpolated anomaly intensity",
        "disclaimer": "Interpolated estimate \u2014 NOT a direct measurement",
        "data_provenance": "INFERRED"
      }
    },
    {
      "type": "Feature",
      "geometry": {
        "type": "Point",
        "coordinates": [
          74.00992307692309,
          14.976846153846154
        ]
      },
      "properties": {
        "layer": "interpolated_heatmap",
        "value": 0.4406,
        "label": "Interpolated anomaly intensity",
        "disclaimer": "Interpolated estimate \u2014 NOT a direct measurement",
        "data_provenance": "INFERRED"
      }
    },
    {
      "type": "Feature",
      "geometry": {
        "type": "Point",
        "coordinates": [
          74.00992307692309,
          14.977153846153845
        ]
      },
      "properties": {
        "layer": "interpolated_heatmap",
        "value": 0.4409,
        "label": "Interpolated anomaly intensity",
        "disclaimer": "Interpolated estimate \u2014 NOT a direct measurement",
        "data_provenance": "INFERRED"
      }
    },
    {
      "type": "Feature",
      "geometry": {
        "type": "Point",
        "coordinates": [
          74.00992307692309,
          14.977461538461538
        ]
      },
      "properties": {
        "layer": "interpolated_heatmap",
        "value": 0.4411,
        "label": "Interpolated anomaly intensity",
        "disclaimer": "Interpolated estimate \u2014 NOT a direct measurement",
        "data_provenance": "INFERRED"
      }
    },
    {
      "type": "Feature",
      "geometry": {
        "type": "Point",
        "coordinates": [
          74.00992307692309,
          14.97776923076923
        ]
      },
      "properties": {
        "layer": "interpolated_heatmap",
        "value": 0.4413,
        "label": "Interpolated anomaly intensity",
        "disclaimer": "Interpolated estimate \u2014 NOT a direct measurement",
        "data_provenance": "INFERRED"
      }
    },
    {
      "type": "Feature",
      "geometry": {
        "type": "Point",
        "coordinates": [
          74.00992307692309,
          14.978076923076923
        ]
      },
      "properties": {
        "layer": "interpolated_heatmap",
        "value": 0.4416,
        "label": "Interpolated anomaly intensity",
        "disclaimer": "Interpolated estimate \u2014 NOT a direct measurement",
        "data_provenance": "INFERRED"
      }
    },
    {
      "type": "Feature",
      "geometry": {
        "type": "Point",
        "coordinates": [
          74.00992307692309,
          14.978384615384615
        ]
      },
      "properties": {
        "layer": "interpolated_heatmap",
        "value": 0.4419,
        "label": "Interpolated anomaly intensity",
        "disclaimer": "Interpolated estimate \u2014 NOT a direct measurement",
        "data_provenance": "INFERRED"
      }
    },
    {
      "type": "Feature",
      "geometry": {
        "type": "Point",
        "coordinates": [
          74.00992307692309,
          14.978692307692308
        ]
      },
      "properties": {
        "layer": "interpolated_heatmap",
        "value": 0.4421,
        "label": "Interpolated anomaly intensity",
        "disclaimer": "Interpolated estimate \u2014 NOT a direct measurement",
        "data_provenance": "INFERRED"
      }
    },
    {
      "type": "Feature",
      "geometry": {
        "type": "Point",
        "coordinates": [
          74.00992307692309,
          14.979
        ]
      },
      "properties": {
        "layer": "interpolated_heatmap",
        "value": 0.4424,
        "label": "Interpolated anomaly intensity",
        "disclaimer": "Interpolated estimate \u2014 NOT a direct measurement",
        "data_provenance": "INFERRED"
      }
    },
    {
      "type": "Feature",
      "geometry": {
        "type": "Point",
        "coordinates": [
          74.00992307692309,
          14.979307692307692
        ]
      },
      "properties": {
        "layer": "interpolated_heatmap",
        "value": 0.4426,
        "label": "Interpolated anomaly intensity",
        "disclaimer": "Interpolated estimate \u2014 NOT a direct measurement",
        "data_provenance": "INFERRED"
      }
    },
    {
      "type": "Feature",
      "geometry": {
        "type": "Point",
        "coordinates": [
          74.00992307692309,
          14.979615384615384
        ]
      },
      "properties": {
        "layer": "interpolated_heatmap",
        "value": 0.4428,
        "label": "Interpolated anomaly intensity",
        "disclaimer": "Interpolated estimate \u2014 NOT a direct measurement",
        "data_provenance": "INFERRED"
      }
    },
    {
      "type": "Feature",
      "geometry": {
        "type": "Point",
        "coordinates": [
          74.00992307692309,
          14.979923076923077
        ]
      },
      "properties": {
        "layer": "interpolated_heatmap",
        "value": 0.4428,
        "label": "Interpolated anomaly intensity",
        "disclaimer": "Interpolated estimate \u2014 NOT a direct measurement",
        "data_provenance": "INFERRED"
      }
    },
    {
      "type": "Feature",
      "geometry": {
        "type": "Point",
        "coordinates": [
          74.00992307692309,
          14.980230769230769
        ]
      },
      "properties": {
        "layer": "interpolated_heatmap",
        "value": 0.4428,
        "label": "Interpolated anomaly intensity",
        "disclaimer": "Interpolated estimate \u2014 NOT a direct measurement",
        "data_provenance": "INFERRED"
      }
    },
    {
      "type": "Feature",
      "geometry": {
        "type": "Point",
        "coordinates": [
          74.00992307692309,
          14.980538461538462
        ]
      },
      "properties": {
        "layer": "interpolated_heatmap",
        "value": 0.4427,
        "label": "Interpolated anomaly intensity",
        "disclaimer": "Interpolated estimate \u2014 NOT a direct measurement",
        "data_provenance": "INFERRED"
      }
    },
    {
      "type": "Feature",
      "geometry": {
        "type": "Point",
        "coordinates": [
          74.00992307692309,
          14.980846153846153
        ]
      },
      "properties": {
        "layer": "interpolated_heatmap",
        "value": 0.4424,
        "label": "Interpolated anomaly intensity",
        "disclaimer": "Interpolated estimate \u2014 NOT a direct measurement",
        "data_provenance": "INFERRED"
      }
    },
    {
      "type": "Feature",
      "geometry": {
        "type": "Point",
        "coordinates": [
          74.00992307692309,
          14.981153846153846
        ]
      },
      "properties": {
        "layer": "interpolated_heatmap",
        "value": 0.4419,
        "label": "Interpolated anomaly intensity",
        "disclaimer": "Interpolated estimate \u2014 NOT a direct measurement",
        "data_provenance": "INFERRED"
      }
    },
    {
      "type": "Feature",
      "geometry": {
        "type": "Point",
        "coordinates": [
          74.00992307692309,
          14.981461538461538
        ]
      },
      "properties": {
        "layer": "interpolated_heatmap",
        "value": 0.4415,
        "label": "Interpolated anomaly intensity",
        "disclaimer": "Interpolated estimate \u2014 NOT a direct measurement",
        "data_provenance": "INFERRED"
      }
    },
    {
      "type": "Feature",
      "geometry": {
        "type": "Point",
        "coordinates": [
          74.00992307692309,
          14.981769230769231
        ]
      },
      "properties": {
        "layer": "interpolated_heatmap",
        "value": 0.4409,
        "label": "Interpolated anomaly intensity",
        "disclaimer": "Interpolated estimate \u2014 NOT a direct measurement",
        "data_provenance": "INFERRED"
      }
    },
    {
      "type": "Feature",
      "geometry": {
        "type": "Point",
        "coordinates": [
          74.00992307692309,
          14.982076923076923
        ]
      },
      "properties": {
        "layer": "interpolated_heatmap",
        "value": 0.4404,
        "label": "Interpolated anomaly intensity",
        "disclaimer": "Interpolated estimate \u2014 NOT a direct measurement",
        "data_provenance": "INFERRED"
      }
    },
    {
      "type": "Feature",
      "geometry": {
        "type": "Point",
        "coordinates": [
          74.00992307692309,
          14.982384615384616
        ]
      },
      "properties": {
        "layer": "interpolated_heatmap",
        "value": 0.44,
        "label": "Interpolated anomaly intensity",
        "disclaimer": "Interpolated estimate \u2014 NOT a direct measurement",
        "data_provenance": "INFERRED"
      }
    },
    {
      "type": "Feature",
      "geometry": {
        "type": "Point",
        "coordinates": [
          74.00992307692309,
          14.982692307692307
        ]
      },
      "properties": {
        "layer": "interpolated_heatmap",
        "value": 0.4395,
        "label": "Interpolated anomaly intensity",
        "disclaimer": "Interpolated estimate \u2014 NOT a direct measurement",
        "data_provenance": "INFERRED"
      }
    },
    {
      "type": "Feature",
      "geometry": {
        "type": "Point",
        "coordinates": [
          74.00992307692309,
          14.983
        ]
      },
      "properties": {
        "layer": "interpolated_heatmap",
        "value": 0.4392,
        "label": "Interpolated anomaly intensity",
        "disclaimer": "Interpolated estimate \u2014 NOT a direct measurement",
        "data_provenance": "INFERRED"
      }
    },
    {
      "type": "Feature",
      "geometry": {
        "type": "Point",
        "coordinates": [
          74.00992307692309,
          14.983307692307692
        ]
      },
      "properties": {
        "layer": "interpolated_heatmap",
        "value": 0.4389,
        "label": "Interpolated anomaly intensity",
        "disclaimer": "Interpolated estimate \u2014 NOT a direct measurement",
        "data_provenance": "INFERRED"
      }
    },
    {
      "type": "Feature",
      "geometry": {
        "type": "Point",
        "coordinates": [
          74.00992307692309,
          14.983615384615385
        ]
      },
      "properties": {
        "layer": "interpolated_heatmap",
        "value": 0.4386,
        "label": "Interpolated anomaly intensity",
        "disclaimer": "Interpolated estimate \u2014 NOT a direct measurement",
        "data_provenance": "INFERRED"
      }
    },
    {
      "type": "Feature",
      "geometry": {
        "type": "Point",
        "coordinates": [
          74.00992307692309,
          14.983923076923077
        ]
      },
      "properties": {
        "layer": "interpolated_heatmap",
        "value": 0.4384,
        "label": "Interpolated anomaly intensity",
        "disclaimer": "Interpolated estimate \u2014 NOT a direct measurement",
        "data_provenance": "INFERRED"
      }
    },
    {
      "type": "Feature",
      "geometry": {
        "type": "Point",
        "coordinates": [
          74.00992307692309,
          14.98423076923077
        ]
      },
      "properties": {
        "layer": "interpolated_heatmap",
        "value": 0.4383,
        "label": "Interpolated anomaly intensity",
        "disclaimer": "Interpolated estimate \u2014 NOT a direct measurement",
        "data_provenance": "INFERRED"
      }
    },
    {
      "type": "Feature",
      "geometry": {
        "type": "Point",
        "coordinates": [
          74.00992307692309,
          14.984538461538461
        ]
      },
      "properties": {
        "layer": "interpolated_heatmap",
        "value": 0.4381,
        "label": "Interpolated anomaly intensity",
        "disclaimer": "Interpolated estimate \u2014 NOT a direct measurement",
        "data_provenance": "INFERRED"
      }
    },
    {
      "type": "Feature",
      "geometry": {
        "type": "Point",
        "coordinates": [
          74.00992307692309,
          14.984846153846155
        ]
      },
      "properties": {
        "layer": "interpolated_heatmap",
        "value": 0.438,
        "label": "Interpolated anomaly intensity",
        "disclaimer": "Interpolated estimate \u2014 NOT a direct measurement",
        "data_provenance": "INFERRED"
      }
    },
    {
      "type": "Feature",
      "geometry": {
        "type": "Point",
        "coordinates": [
          74.00992307692309,
          14.985153846153846
        ]
      },
      "properties": {
        "layer": "interpolated_heatmap",
        "value": 0.4379,
        "label": "Interpolated anomaly intensity",
        "disclaimer": "Interpolated estimate \u2014 NOT a direct measurement",
        "data_provenance": "INFERRED"
      }
    },
    {
      "type": "Feature",
      "geometry": {
        "type": "Point",
        "coordinates": [
          74.00992307692309,
          14.98546153846154
        ]
      },
      "properties": {
        "layer": "interpolated_heatmap",
        "value": 0.4378,
        "label": "Interpolated anomaly intensity",
        "disclaimer": "Interpolated estimate \u2014 NOT a direct measurement",
        "data_provenance": "INFERRED"
      }
    },
    {
      "type": "Feature",
      "geometry": {
        "type": "Point",
        "coordinates": [
          74.00992307692309,
          14.98576923076923
        ]
      },
      "properties": {
        "layer": "interpolated_heatmap",
        "value": 0.4378,
        "label": "Interpolated anomaly intensity",
        "disclaimer": "Interpolated estimate \u2014 NOT a direct measurement",
        "data_provenance": "INFERRED"
      }
    },
    {
      "type": "Feature",
      "geometry": {
        "type": "Point",
        "coordinates": [
          74.00992307692309,
          14.986076923076924
        ]
      },
      "properties": {
        "layer": "interpolated_heatmap",
        "value": 0.4377,
        "label": "Interpolated anomaly intensity",
        "disclaimer": "Interpolated estimate \u2014 NOT a direct measurement",
        "data_provenance": "INFERRED"
      }
    },
    {
      "type": "Feature",
      "geometry": {
        "type": "Point",
        "coordinates": [
          74.00992307692309,
          14.986384615384615
        ]
      },
      "properties": {
        "layer": "interpolated_heatmap",
        "value": 0.4377,
        "label": "Interpolated anomaly intensity",
        "disclaimer": "Interpolated estimate \u2014 NOT a direct measurement",
        "data_provenance": "INFERRED"
      }
    },
    {
      "type": "Feature",
      "geometry": {
        "type": "Point",
        "coordinates": [
          74.00992307692309,
          14.986692307692309
        ]
      },
      "properties": {
        "layer": "interpolated_heatmap",
        "value": 0.4376,
        "label": "Interpolated anomaly intensity",
        "disclaimer": "Interpolated estimate \u2014 NOT a direct measurement",
        "data_provenance": "INFERRED"
      }
    },
    {
      "type": "Feature",
      "geometry": {
        "type": "Point",
        "coordinates": [
          74.00992307692309,
          14.987
        ]
      },
      "properties": {
        "layer": "interpolated_heatmap",
        "value": 0.4376,
        "label": "Interpolated anomaly intensity",
        "disclaimer": "Interpolated estimate \u2014 NOT a direct measurement",
        "data_provenance": "INFERRED"
      }
    },
    {
      "type": "Feature",
      "geometry": {
        "type": "Point",
        "coordinates": [
          74.01033333333334,
          14.975
        ]
      },
      "properties": {
        "layer": "interpolated_heatmap",
        "value": 0.4395,
        "label": "Interpolated anomaly intensity",
        "disclaimer": "Interpolated estimate \u2014 NOT a direct measurement",
        "data_provenance": "INFERRED"
      }
    },
    {
      "type": "Feature",
      "geometry": {
        "type": "Point",
        "coordinates": [
          74.01033333333334,
          14.975307692307691
        ]
      },
      "properties": {
        "layer": "interpolated_heatmap",
        "value": 0.4397,
        "label": "Interpolated anomaly intensity",
        "disclaimer": "Interpolated estimate \u2014 NOT a direct measurement",
        "data_provenance": "INFERRED"
      }
    },
    {
      "type": "Feature",
      "geometry": {
        "type": "Point",
        "coordinates": [
          74.01033333333334,
          14.975615384615384
        ]
      },
      "properties": {
        "layer": "interpolated_heatmap",
        "value": 0.4398,
        "label": "Interpolated anomaly intensity",
        "disclaimer": "Interpolated estimate \u2014 NOT a direct measurement",
        "data_provenance": "INFERRED"
      }
    },
    {
      "type": "Feature",
      "geometry": {
        "type": "Point",
        "coordinates": [
          74.01033333333334,
          14.975923076923076
        ]
      },
      "properties": {
        "layer": "interpolated_heatmap",
        "value": 0.4399,
        "label": "Interpolated anomaly intensity",
        "disclaimer": "Interpolated estimate \u2014 NOT a direct measurement",
        "data_provenance": "INFERRED"
      }
    },
    {
      "type": "Feature",
      "geometry": {
        "type": "Point",
        "coordinates": [
          74.01033333333334,
          14.976230769230769
        ]
      },
      "properties": {
        "layer": "interpolated_heatmap",
        "value": 0.4401,
        "label": "Interpolated anomaly intensity",
        "disclaimer": "Interpolated estimate \u2014 NOT a direct measurement",
        "data_provenance": "INFERRED"
      }
    },
    {
      "type": "Feature",
      "geometry": {
        "type": "Point",
        "coordinates": [
          74.01033333333334,
          14.97653846153846
        ]
      },
      "properties": {
        "layer": "interpolated_heatmap",
        "value": 0.4403,
        "label": "Interpolated anomaly intensity",
        "disclaimer": "Interpolated estimate \u2014 NOT a direct measurement",
        "data_provenance": "INFERRED"
      }
    },
    {
      "type": "Feature",
      "geometry": {
        "type": "Point",
        "coordinates": [
          74.01033333333334,
          14.976846153846154
        ]
      },
      "properties": {
        "layer": "interpolated_heatmap",
        "value": 0.4405,
        "label": "Interpolated anomaly intensity",
        "disclaimer": "Interpolated estimate \u2014 NOT a direct measurement",
        "data_provenance": "INFERRED"
      }
    },
    {
      "type": "Feature",
      "geometry": {
        "type": "Point",
        "coordinates": [
          74.01033333333334,
          14.977153846153845
        ]
      },
      "properties": {
        "layer": "interpolated_heatmap",
        "value": 0.4407,
        "label": "Interpolated anomaly intensity",
        "disclaimer": "Interpolated estimate \u2014 NOT a direct measurement",
        "data_provenance": "INFERRED"
      }
    },
    {
      "type": "Feature",
      "geometry": {
        "type": "Point",
        "coordinates": [
          74.01033333333334,
          14.977461538461538
        ]
      },
      "properties": {
        "layer": "interpolated_heatmap",
        "value": 0.4409,
        "label": "Interpolated anomaly intensity",
        "disclaimer": "Interpolated estimate \u2014 NOT a direct measurement",
        "data_provenance": "INFERRED"
      }
    },
    {
      "type": "Feature",
      "geometry": {
        "type": "Point",
        "coordinates": [
          74.01033333333334,
          14.97776923076923
        ]
      },
      "properties": {
        "layer": "interpolated_heatmap",
        "value": 0.4412,
        "label": "Interpolated anomaly intensity",
        "disclaimer": "Interpolated estimate \u2014 NOT a direct measurement",
        "data_provenance": "INFERRED"
      }
    },
    {
      "type": "Feature",
      "geometry": {
        "type": "Point",
        "coordinates": [
          74.01033333333334,
          14.978076923076923
        ]
      },
      "properties": {
        "layer": "interpolated_heatmap",
        "value": 0.4414,
        "label": "Interpolated anomaly intensity",
        "disclaimer": "Interpolated estimate \u2014 NOT a direct measurement",
        "data_provenance": "INFERRED"
      }
    },
    {
      "type": "Feature",
      "geometry": {
        "type": "Point",
        "coordinates": [
          74.01033333333334,
          14.978384615384615
        ]
      },
      "properties": {
        "layer": "interpolated_heatmap",
        "value": 0.4417,
        "label": "Interpolated anomaly intensity",
        "disclaimer": "Interpolated estimate \u2014 NOT a direct measurement",
        "data_provenance": "INFERRED"
      }
    },
    {
      "type": "Feature",
      "geometry": {
        "type": "Point",
        "coordinates": [
          74.01033333333334,
          14.978692307692308
        ]
      },
      "properties": {
        "layer": "interpolated_heatmap",
        "value": 0.442,
        "label": "Interpolated anomaly intensity",
        "disclaimer": "Interpolated estimate \u2014 NOT a direct measurement",
        "data_provenance": "INFERRED"
      }
    },
    {
      "type": "Feature",
      "geometry": {
        "type": "Point",
        "coordinates": [
          74.01033333333334,
          14.979
        ]
      },
      "properties": {
        "layer": "interpolated_heatmap",
        "value": 0.4423,
        "label": "Interpolated anomaly intensity",
        "disclaimer": "Interpolated estimate \u2014 NOT a direct measurement",
        "data_provenance": "INFERRED"
      }
    },
    {
      "type": "Feature",
      "geometry": {
        "type": "Point",
        "coordinates": [
          74.01033333333334,
          14.979307692307692
        ]
      },
      "properties": {
        "layer": "interpolated_heatmap",
        "value": 0.4425,
        "label": "Interpolated anomaly intensity",
        "disclaimer": "Interpolated estimate \u2014 NOT a direct measurement",
        "data_provenance": "INFERRED"
      }
    },
    {
      "type": "Feature",
      "geometry": {
        "type": "Point",
        "coordinates": [
          74.01033333333334,
          14.979615384615384
        ]
      },
      "properties": {
        "layer": "interpolated_heatmap",
        "value": 0.4427,
        "label": "Interpolated anomaly intensity",
        "disclaimer": "Interpolated estimate \u2014 NOT a direct measurement",
        "data_provenance": "INFERRED"
      }
    },
    {
      "type": "Feature",
      "geometry": {
        "type": "Point",
        "coordinates": [
          74.01033333333334,
          14.979923076923077
        ]
      },
      "properties": {
        "layer": "interpolated_heatmap",
        "value": 0.4428,
        "label": "Interpolated anomaly intensity",
        "disclaimer": "Interpolated estimate \u2014 NOT a direct measurement",
        "data_provenance": "INFERRED"
      }
    },
    {
      "type": "Feature",
      "geometry": {
        "type": "Point",
        "coordinates": [
          74.01033333333334,
          14.980230769230769
        ]
      },
      "properties": {
        "layer": "interpolated_heatmap",
        "value": 0.4427,
        "label": "Interpolated anomaly intensity",
        "disclaimer": "Interpolated estimate \u2014 NOT a direct measurement",
        "data_provenance": "INFERRED"
      }
    },
    {
      "type": "Feature",
      "geometry": {
        "type": "Point",
        "coordinates": [
          74.01033333333334,
          14.980538461538462
        ]
      },
      "properties": {
        "layer": "interpolated_heatmap",
        "value": 0.4425,
        "label": "Interpolated anomaly intensity",
        "disclaimer": "Interpolated estimate \u2014 NOT a direct measurement",
        "data_provenance": "INFERRED"
      }
    },
    {
      "type": "Feature",
      "geometry": {
        "type": "Point",
        "coordinates": [
          74.01033333333334,
          14.980846153846153
        ]
      },
      "properties": {
        "layer": "interpolated_heatmap",
        "value": 0.4422,
        "label": "Interpolated anomaly intensity",
        "disclaimer": "Interpolated estimate \u2014 NOT a direct measurement",
        "data_provenance": "INFERRED"
      }
    },
    {
      "type": "Feature",
      "geometry": {
        "type": "Point",
        "coordinates": [
          74.01033333333334,
          14.981153846153846
        ]
      },
      "properties": {
        "layer": "interpolated_heatmap",
        "value": 0.4417,
        "label": "Interpolated anomaly intensity",
        "disclaimer": "Interpolated estimate \u2014 NOT a direct measurement",
        "data_provenance": "INFERRED"
      }
    },
    {
      "type": "Feature",
      "geometry": {
        "type": "Point",
        "coordinates": [
          74.01033333333334,
          14.981461538461538
        ]
      },
      "properties": {
        "layer": "interpolated_heatmap",
        "value": 0.4411,
        "label": "Interpolated anomaly intensity",
        "disclaimer": "Interpolated estimate \u2014 NOT a direct measurement",
        "data_provenance": "INFERRED"
      }
    },
    {
      "type": "Feature",
      "geometry": {
        "type": "Point",
        "coordinates": [
          74.01033333333334,
          14.981769230769231
        ]
      },
      "properties": {
        "layer": "interpolated_heatmap",
        "value": 0.4405,
        "label": "Interpolated anomaly intensity",
        "disclaimer": "Interpolated estimate \u2014 NOT a direct measurement",
        "data_provenance": "INFERRED"
      }
    },
    {
      "type": "Feature",
      "geometry": {
        "type": "Point",
        "coordinates": [
          74.01033333333334,
          14.982076923076923
        ]
      },
      "properties": {
        "layer": "interpolated_heatmap",
        "value": 0.44,
        "label": "Interpolated anomaly intensity",
        "disclaimer": "Interpolated estimate \u2014 NOT a direct measurement",
        "data_provenance": "INFERRED"
      }
    },
    {
      "type": "Feature",
      "geometry": {
        "type": "Point",
        "coordinates": [
          74.01033333333334,
          14.982384615384616
        ]
      },
      "properties": {
        "layer": "interpolated_heatmap",
        "value": 0.4395,
        "label": "Interpolated anomaly intensity",
        "disclaimer": "Interpolated estimate \u2014 NOT a direct measurement",
        "data_provenance": "INFERRED"
      }
    },
    {
      "type": "Feature",
      "geometry": {
        "type": "Point",
        "coordinates": [
          74.01033333333334,
          14.982692307692307
        ]
      },
      "properties": {
        "layer": "interpolated_heatmap",
        "value": 0.4391,
        "label": "Interpolated anomaly intensity",
        "disclaimer": "Interpolated estimate \u2014 NOT a direct measurement",
        "data_provenance": "INFERRED"
      }
    },
    {
      "type": "Feature",
      "geometry": {
        "type": "Point",
        "coordinates": [
          74.01033333333334,
          14.983
        ]
      },
      "properties": {
        "layer": "interpolated_heatmap",
        "value": 0.4387,
        "label": "Interpolated anomaly intensity",
        "disclaimer": "Interpolated estimate \u2014 NOT a direct measurement",
        "data_provenance": "INFERRED"
      }
    },
    {
      "type": "Feature",
      "geometry": {
        "type": "Point",
        "coordinates": [
          74.01033333333334,
          14.983307692307692
        ]
      },
      "properties": {
        "layer": "interpolated_heatmap",
        "value": 0.4385,
        "label": "Interpolated anomaly intensity",
        "disclaimer": "Interpolated estimate \u2014 NOT a direct measurement",
        "data_provenance": "INFERRED"
      }
    },
    {
      "type": "Feature",
      "geometry": {
        "type": "Point",
        "coordinates": [
          74.01033333333334,
          14.983615384615385
        ]
      },
      "properties": {
        "layer": "interpolated_heatmap",
        "value": 0.4383,
        "label": "Interpolated anomaly intensity",
        "disclaimer": "Interpolated estimate \u2014 NOT a direct measurement",
        "data_provenance": "INFERRED"
      }
    },
    {
      "type": "Feature",
      "geometry": {
        "type": "Point",
        "coordinates": [
          74.01033333333334,
          14.983923076923077
        ]
      },
      "properties": {
        "layer": "interpolated_heatmap",
        "value": 0.4381,
        "label": "Interpolated anomaly intensity",
        "disclaimer": "Interpolated estimate \u2014 NOT a direct measurement",
        "data_provenance": "INFERRED"
      }
    },
    {
      "type": "Feature",
      "geometry": {
        "type": "Point",
        "coordinates": [
          74.01033333333334,
          14.98423076923077
        ]
      },
      "properties": {
        "layer": "interpolated_heatmap",
        "value": 0.4379,
        "label": "Interpolated anomaly intensity",
        "disclaimer": "Interpolated estimate \u2014 NOT a direct measurement",
        "data_provenance": "INFERRED"
      }
    },
    {
      "type": "Feature",
      "geometry": {
        "type": "Point",
        "coordinates": [
          74.01033333333334,
          14.984538461538461
        ]
      },
      "properties": {
        "layer": "interpolated_heatmap",
        "value": 0.4378,
        "label": "Interpolated anomaly intensity",
        "disclaimer": "Interpolated estimate \u2014 NOT a direct measurement",
        "data_provenance": "INFERRED"
      }
    },
    {
      "type": "Feature",
      "geometry": {
        "type": "Point",
        "coordinates": [
          74.01033333333334,
          14.984846153846155
        ]
      },
      "properties": {
        "layer": "interpolated_heatmap",
        "value": 0.4377,
        "label": "Interpolated anomaly intensity",
        "disclaimer": "Interpolated estimate \u2014 NOT a direct measurement",
        "data_provenance": "INFERRED"
      }
    },
    {
      "type": "Feature",
      "geometry": {
        "type": "Point",
        "coordinates": [
          74.01033333333334,
          14.985153846153846
        ]
      },
      "properties": {
        "layer": "interpolated_heatmap",
        "value": 0.4377,
        "label": "Interpolated anomaly intensity",
        "disclaimer": "Interpolated estimate \u2014 NOT a direct measurement",
        "data_provenance": "INFERRED"
      }
    },
    {
      "type": "Feature",
      "geometry": {
        "type": "Point",
        "coordinates": [
          74.01033333333334,
          14.98546153846154
        ]
      },
      "properties": {
        "layer": "interpolated_heatmap",
        "value": 0.4376,
        "label": "Interpolated anomaly intensity",
        "disclaimer": "Interpolated estimate \u2014 NOT a direct measurement",
        "data_provenance": "INFERRED"
      }
    },
    {
      "type": "Feature",
      "geometry": {
        "type": "Point",
        "coordinates": [
          74.01033333333334,
          14.98576923076923
        ]
      },
      "properties": {
        "layer": "interpolated_heatmap",
        "value": 0.4376,
        "label": "Interpolated anomaly intensity",
        "disclaimer": "Interpolated estimate \u2014 NOT a direct measurement",
        "data_provenance": "INFERRED"
      }
    },
    {
      "type": "Feature",
      "geometry": {
        "type": "Point",
        "coordinates": [
          74.01033333333334,
          14.986076923076924
        ]
      },
      "properties": {
        "layer": "interpolated_heatmap",
        "value": 0.4375,
        "label": "Interpolated anomaly intensity",
        "disclaimer": "Interpolated estimate \u2014 NOT a direct measurement",
        "data_provenance": "INFERRED"
      }
    },
    {
      "type": "Feature",
      "geometry": {
        "type": "Point",
        "coordinates": [
          74.01033333333334,
          14.986384615384615
        ]
      },
      "properties": {
        "layer": "interpolated_heatmap",
        "value": 0.4375,
        "label": "Interpolated anomaly intensity",
        "disclaimer": "Interpolated estimate \u2014 NOT a direct measurement",
        "data_provenance": "INFERRED"
      }
    },
    {
      "type": "Feature",
      "geometry": {
        "type": "Point",
        "coordinates": [
          74.01033333333334,
          14.986692307692309
        ]
      },
      "properties": {
        "layer": "interpolated_heatmap",
        "value": 0.4375,
        "label": "Interpolated anomaly intensity",
        "disclaimer": "Interpolated estimate \u2014 NOT a direct measurement",
        "data_provenance": "INFERRED"
      }
    },
    {
      "type": "Feature",
      "geometry": {
        "type": "Point",
        "coordinates": [
          74.01033333333334,
          14.987
        ]
      },
      "properties": {
        "layer": "interpolated_heatmap",
        "value": 0.4374,
        "label": "Interpolated anomaly intensity",
        "disclaimer": "Interpolated estimate \u2014 NOT a direct measurement",
        "data_provenance": "INFERRED"
      }
    },
    {
      "type": "Feature",
      "geometry": {
        "type": "Point",
        "coordinates": [
          74.0107435897436,
          14.975
        ]
      },
      "properties": {
        "layer": "interpolated_heatmap",
        "value": 0.4394,
        "label": "Interpolated anomaly intensity",
        "disclaimer": "Interpolated estimate \u2014 NOT a direct measurement",
        "data_provenance": "INFERRED"
      }
    },
    {
      "type": "Feature",
      "geometry": {
        "type": "Point",
        "coordinates": [
          74.0107435897436,
          14.975307692307691
        ]
      },
      "properties": {
        "layer": "interpolated_heatmap",
        "value": 0.4395,
        "label": "Interpolated anomaly intensity",
        "disclaimer": "Interpolated estimate \u2014 NOT a direct measurement",
        "data_provenance": "INFERRED"
      }
    },
    {
      "type": "Feature",
      "geometry": {
        "type": "Point",
        "coordinates": [
          74.0107435897436,
          14.975615384615384
        ]
      },
      "properties": {
        "layer": "interpolated_heatmap",
        "value": 0.4396,
        "label": "Interpolated anomaly intensity",
        "disclaimer": "Interpolated estimate \u2014 NOT a direct measurement",
        "data_provenance": "INFERRED"
      }
    },
    {
      "type": "Feature",
      "geometry": {
        "type": "Point",
        "coordinates": [
          74.0107435897436,
          14.975923076923076
        ]
      },
      "properties": {
        "layer": "interpolated_heatmap",
        "value": 0.4398,
        "label": "Interpolated anomaly intensity",
        "disclaimer": "Interpolated estimate \u2014 NOT a direct measurement",
        "data_provenance": "INFERRED"
      }
    },
    {
      "type": "Feature",
      "geometry": {
        "type": "Point",
        "coordinates": [
          74.0107435897436,
          14.976230769230769
        ]
      },
      "properties": {
        "layer": "interpolated_heatmap",
        "value": 0.4399,
        "label": "Interpolated anomaly intensity",
        "disclaimer": "Interpolated estimate \u2014 NOT a direct measurement",
        "data_provenance": "INFERRED"
      }
    },
    {
      "type": "Feature",
      "geometry": {
        "type": "Point",
        "coordinates": [
          74.0107435897436,
          14.97653846153846
        ]
      },
      "properties": {
        "layer": "interpolated_heatmap",
        "value": 0.4401,
        "label": "Interpolated anomaly intensity",
        "disclaimer": "Interpolated estimate \u2014 NOT a direct measurement",
        "data_provenance": "INFERRED"
      }
    },
    {
      "type": "Feature",
      "geometry": {
        "type": "Point",
        "coordinates": [
          74.0107435897436,
          14.976846153846154
        ]
      },
      "properties": {
        "layer": "interpolated_heatmap",
        "value": 0.4403,
        "label": "Interpolated anomaly intensity",
        "disclaimer": "Interpolated estimate \u2014 NOT a direct measurement",
        "data_provenance": "INFERRED"
      }
    },
    {
      "type": "Feature",
      "geometry": {
        "type": "Point",
        "coordinates": [
          74.0107435897436,
          14.977153846153845
        ]
      },
      "properties": {
        "layer": "interpolated_heatmap",
        "value": 0.4405,
        "label": "Interpolated anomaly intensity",
        "disclaimer": "Interpolated estimate \u2014 NOT a direct measurement",
        "data_provenance": "INFERRED"
      }
    },
    {
      "type": "Feature",
      "geometry": {
        "type": "Point",
        "coordinates": [
          74.0107435897436,
          14.977461538461538
        ]
      },
      "properties": {
        "layer": "interpolated_heatmap",
        "value": 0.4407,
        "label": "Interpolated anomaly intensity",
        "disclaimer": "Interpolated estimate \u2014 NOT a direct measurement",
        "data_provenance": "INFERRED"
      }
    },
    {
      "type": "Feature",
      "geometry": {
        "type": "Point",
        "coordinates": [
          74.0107435897436,
          14.97776923076923
        ]
      },
      "properties": {
        "layer": "interpolated_heatmap",
        "value": 0.4409,
        "label": "Interpolated anomaly intensity",
        "disclaimer": "Interpolated estimate \u2014 NOT a direct measurement",
        "data_provenance": "INFERRED"
      }
    },
    {
      "type": "Feature",
      "geometry": {
        "type": "Point",
        "coordinates": [
          74.0107435897436,
          14.978076923076923
        ]
      },
      "properties": {
        "layer": "interpolated_heatmap",
        "value": 0.4412,
        "label": "Interpolated anomaly intensity",
        "disclaimer": "Interpolated estimate \u2014 NOT a direct measurement",
        "data_provenance": "INFERRED"
      }
    },
    {
      "type": "Feature",
      "geometry": {
        "type": "Point",
        "coordinates": [
          74.0107435897436,
          14.978384615384615
        ]
      },
      "properties": {
        "layer": "interpolated_heatmap",
        "value": 0.4414,
        "label": "Interpolated anomaly intensity",
        "disclaimer": "Interpolated estimate \u2014 NOT a direct measurement",
        "data_provenance": "INFERRED"
      }
    },
    {
      "type": "Feature",
      "geometry": {
        "type": "Point",
        "coordinates": [
          74.0107435897436,
          14.978692307692308
        ]
      },
      "properties": {
        "layer": "interpolated_heatmap",
        "value": 0.4417,
        "label": "Interpolated anomaly intensity",
        "disclaimer": "Interpolated estimate \u2014 NOT a direct measurement",
        "data_provenance": "INFERRED"
      }
    },
    {
      "type": "Feature",
      "geometry": {
        "type": "Point",
        "coordinates": [
          74.0107435897436,
          14.979
        ]
      },
      "properties": {
        "layer": "interpolated_heatmap",
        "value": 0.4419,
        "label": "Interpolated anomaly intensity",
        "disclaimer": "Interpolated estimate \u2014 NOT a direct measurement",
        "data_provenance": "INFERRED"
      }
    },
    {
      "type": "Feature",
      "geometry": {
        "type": "Point",
        "coordinates": [
          74.0107435897436,
          14.979307692307692
        ]
      },
      "properties": {
        "layer": "interpolated_heatmap",
        "value": 0.4422,
        "label": "Interpolated anomaly intensity",
        "disclaimer": "Interpolated estimate \u2014 NOT a direct measurement",
        "data_provenance": "INFERRED"
      }
    },
    {
      "type": "Feature",
      "geometry": {
        "type": "Point",
        "coordinates": [
          74.0107435897436,
          14.979615384615384
        ]
      },
      "properties": {
        "layer": "interpolated_heatmap",
        "value": 0.4423,
        "label": "Interpolated anomaly intensity",
        "disclaimer": "Interpolated estimate \u2014 NOT a direct measurement",
        "data_provenance": "INFERRED"
      }
    },
    {
      "type": "Feature",
      "geometry": {
        "type": "Point",
        "coordinates": [
          74.0107435897436,
          14.979923076923077
        ]
      },
      "properties": {
        "layer": "interpolated_heatmap",
        "value": 0.4424,
        "label": "Interpolated anomaly intensity",
        "disclaimer": "Interpolated estimate \u2014 NOT a direct measurement",
        "data_provenance": "INFERRED"
      }
    },
    {
      "type": "Feature",
      "geometry": {
        "type": "Point",
        "coordinates": [
          74.0107435897436,
          14.980230769230769
        ]
      },
      "properties": {
        "layer": "interpolated_heatmap",
        "value": 0.4423,
        "label": "Interpolated anomaly intensity",
        "disclaimer": "Interpolated estimate \u2014 NOT a direct measurement",
        "data_provenance": "INFERRED"
      }
    },
    {
      "type": "Feature",
      "geometry": {
        "type": "Point",
        "coordinates": [
          74.0107435897436,
          14.980538461538462
        ]
      },
      "properties": {
        "layer": "interpolated_heatmap",
        "value": 0.4421,
        "label": "Interpolated anomaly intensity",
        "disclaimer": "Interpolated estimate \u2014 NOT a direct measurement",
        "data_provenance": "INFERRED"
      }
    },
    {
      "type": "Feature",
      "geometry": {
        "type": "Point",
        "coordinates": [
          74.0107435897436,
          14.980846153846153
        ]
      },
      "properties": {
        "layer": "interpolated_heatmap",
        "value": 0.4416,
        "label": "Interpolated anomaly intensity",
        "disclaimer": "Interpolated estimate \u2014 NOT a direct measurement",
        "data_provenance": "INFERRED"
      }
    },
    {
      "type": "Feature",
      "geometry": {
        "type": "Point",
        "coordinates": [
          74.0107435897436,
          14.981153846153846
        ]
      },
      "properties": {
        "layer": "interpolated_heatmap",
        "value": 0.4411,
        "label": "Interpolated anomaly intensity",
        "disclaimer": "Interpolated estimate \u2014 NOT a direct measurement",
        "data_provenance": "INFERRED"
      }
    },
    {
      "type": "Feature",
      "geometry": {
        "type": "Point",
        "coordinates": [
          74.0107435897436,
          14.981461538461538
        ]
      },
      "properties": {
        "layer": "interpolated_heatmap",
        "value": 0.4405,
        "label": "Interpolated anomaly intensity",
        "disclaimer": "Interpolated estimate \u2014 NOT a direct measurement",
        "data_provenance": "INFERRED"
      }
    },
    {
      "type": "Feature",
      "geometry": {
        "type": "Point",
        "coordinates": [
          74.0107435897436,
          14.981769230769231
        ]
      },
      "properties": {
        "layer": "interpolated_heatmap",
        "value": 0.4398,
        "label": "Interpolated anomaly intensity",
        "disclaimer": "Interpolated estimate \u2014 NOT a direct measurement",
        "data_provenance": "INFERRED"
      }
    },
    {
      "type": "Feature",
      "geometry": {
        "type": "Point",
        "coordinates": [
          74.0107435897436,
          14.982076923076923
        ]
      },
      "properties": {
        "layer": "interpolated_heatmap",
        "value": 0.4393,
        "label": "Interpolated anomaly intensity",
        "disclaimer": "Interpolated estimate \u2014 NOT a direct measurement",
        "data_provenance": "INFERRED"
      }
    },
    {
      "type": "Feature",
      "geometry": {
        "type": "Point",
        "coordinates": [
          74.0107435897436,
          14.982384615384616
        ]
      },
      "properties": {
        "layer": "interpolated_heatmap",
        "value": 0.4388,
        "label": "Interpolated anomaly intensity",
        "disclaimer": "Interpolated estimate \u2014 NOT a direct measurement",
        "data_provenance": "INFERRED"
      }
    },
    {
      "type": "Feature",
      "geometry": {
        "type": "Point",
        "coordinates": [
          74.0107435897436,
          14.982692307692307
        ]
      },
      "properties": {
        "layer": "interpolated_heatmap",
        "value": 0.4385,
        "label": "Interpolated anomaly intensity",
        "disclaimer": "Interpolated estimate \u2014 NOT a direct measurement",
        "data_provenance": "INFERRED"
      }
    },
    {
      "type": "Feature",
      "geometry": {
        "type": "Point",
        "coordinates": [
          74.0107435897436,
          14.983
        ]
      },
      "properties": {
        "layer": "interpolated_heatmap",
        "value": 0.4382,
        "label": "Interpolated anomaly intensity",
        "disclaimer": "Interpolated estimate \u2014 NOT a direct measurement",
        "data_provenance": "INFERRED"
      }
    },
    {
      "type": "Feature",
      "geometry": {
        "type": "Point",
        "coordinates": [
          74.0107435897436,
          14.983307692307692
        ]
      },
      "properties": {
        "layer": "interpolated_heatmap",
        "value": 0.438,
        "label": "Interpolated anomaly intensity",
        "disclaimer": "Interpolated estimate \u2014 NOT a direct measurement",
        "data_provenance": "INFERRED"
      }
    },
    {
      "type": "Feature",
      "geometry": {
        "type": "Point",
        "coordinates": [
          74.0107435897436,
          14.983615384615385
        ]
      },
      "properties": {
        "layer": "interpolated_heatmap",
        "value": 0.4378,
        "label": "Interpolated anomaly intensity",
        "disclaimer": "Interpolated estimate \u2014 NOT a direct measurement",
        "data_provenance": "INFERRED"
      }
    },
    {
      "type": "Feature",
      "geometry": {
        "type": "Point",
        "coordinates": [
          74.0107435897436,
          14.983923076923077
        ]
      },
      "properties": {
        "layer": "interpolated_heatmap",
        "value": 0.4377,
        "label": "Interpolated anomaly intensity",
        "disclaimer": "Interpolated estimate \u2014 NOT a direct measurement",
        "data_provenance": "INFERRED"
      }
    },
    {
      "type": "Feature",
      "geometry": {
        "type": "Point",
        "coordinates": [
          74.0107435897436,
          14.98423076923077
        ]
      },
      "properties": {
        "layer": "interpolated_heatmap",
        "value": 0.4376,
        "label": "Interpolated anomaly intensity",
        "disclaimer": "Interpolated estimate \u2014 NOT a direct measurement",
        "data_provenance": "INFERRED"
      }
    },
    {
      "type": "Feature",
      "geometry": {
        "type": "Point",
        "coordinates": [
          74.0107435897436,
          14.984538461538461
        ]
      },
      "properties": {
        "layer": "interpolated_heatmap",
        "value": 0.4375,
        "label": "Interpolated anomaly intensity",
        "disclaimer": "Interpolated estimate \u2014 NOT a direct measurement",
        "data_provenance": "INFERRED"
      }
    },
    {
      "type": "Feature",
      "geometry": {
        "type": "Point",
        "coordinates": [
          74.0107435897436,
          14.984846153846155
        ]
      },
      "properties": {
        "layer": "interpolated_heatmap",
        "value": 0.4375,
        "label": "Interpolated anomaly intensity",
        "disclaimer": "Interpolated estimate \u2014 NOT a direct measurement",
        "data_provenance": "INFERRED"
      }
    },
    {
      "type": "Feature",
      "geometry": {
        "type": "Point",
        "coordinates": [
          74.0107435897436,
          14.985153846153846
        ]
      },
      "properties": {
        "layer": "interpolated_heatmap",
        "value": 0.4374,
        "label": "Interpolated anomaly intensity",
        "disclaimer": "Interpolated estimate \u2014 NOT a direct measurement",
        "data_provenance": "INFERRED"
      }
    },
    {
      "type": "Feature",
      "geometry": {
        "type": "Point",
        "coordinates": [
          74.0107435897436,
          14.98546153846154
        ]
      },
      "properties": {
        "layer": "interpolated_heatmap",
        "value": 0.4374,
        "label": "Interpolated anomaly intensity",
        "disclaimer": "Interpolated estimate \u2014 NOT a direct measurement",
        "data_provenance": "INFERRED"
      }
    },
    {
      "type": "Feature",
      "geometry": {
        "type": "Point",
        "coordinates": [
          74.0107435897436,
          14.98576923076923
        ]
      },
      "properties": {
        "layer": "interpolated_heatmap",
        "value": 0.4374,
        "label": "Interpolated anomaly intensity",
        "disclaimer": "Interpolated estimate \u2014 NOT a direct measurement",
        "data_provenance": "INFERRED"
      }
    },
    {
      "type": "Feature",
      "geometry": {
        "type": "Point",
        "coordinates": [
          74.0107435897436,
          14.986076923076924
        ]
      },
      "properties": {
        "layer": "interpolated_heatmap",
        "value": 0.4373,
        "label": "Interpolated anomaly intensity",
        "disclaimer": "Interpolated estimate \u2014 NOT a direct measurement",
        "data_provenance": "INFERRED"
      }
    },
    {
      "type": "Feature",
      "geometry": {
        "type": "Point",
        "coordinates": [
          74.0107435897436,
          14.986384615384615
        ]
      },
      "properties": {
        "layer": "interpolated_heatmap",
        "value": 0.4373,
        "label": "Interpolated anomaly intensity",
        "disclaimer": "Interpolated estimate \u2014 NOT a direct measurement",
        "data_provenance": "INFERRED"
      }
    },
    {
      "type": "Feature",
      "geometry": {
        "type": "Point",
        "coordinates": [
          74.0107435897436,
          14.986692307692309
        ]
      },
      "properties": {
        "layer": "interpolated_heatmap",
        "value": 0.4373,
        "label": "Interpolated anomaly intensity",
        "disclaimer": "Interpolated estimate \u2014 NOT a direct measurement",
        "data_provenance": "INFERRED"
      }
    },
    {
      "type": "Feature",
      "geometry": {
        "type": "Point",
        "coordinates": [
          74.0107435897436,
          14.987
        ]
      },
      "properties": {
        "layer": "interpolated_heatmap",
        "value": 0.4373,
        "label": "Interpolated anomaly intensity",
        "disclaimer": "Interpolated estimate \u2014 NOT a direct measurement",
        "data_provenance": "INFERRED"
      }
    },
    {
      "type": "Feature",
      "geometry": {
        "type": "Point",
        "coordinates": [
          74.01115384615385,
          14.975
        ]
      },
      "properties": {
        "layer": "interpolated_heatmap",
        "value": 0.4392,
        "label": "Interpolated anomaly intensity",
        "disclaimer": "Interpolated estimate \u2014 NOT a direct measurement",
        "data_provenance": "INFERRED"
      }
    },
    {
      "type": "Feature",
      "geometry": {
        "type": "Point",
        "coordinates": [
          74.01115384615385,
          14.975307692307691
        ]
      },
      "properties": {
        "layer": "interpolated_heatmap",
        "value": 0.4393,
        "label": "Interpolated anomaly intensity",
        "disclaimer": "Interpolated estimate \u2014 NOT a direct measurement",
        "data_provenance": "INFERRED"
      }
    },
    {
      "type": "Feature",
      "geometry": {
        "type": "Point",
        "coordinates": [
          74.01115384615385,
          14.975615384615384
        ]
      },
      "properties": {
        "layer": "interpolated_heatmap",
        "value": 0.4394,
        "label": "Interpolated anomaly intensity",
        "disclaimer": "Interpolated estimate \u2014 NOT a direct measurement",
        "data_provenance": "INFERRED"
      }
    },
    {
      "type": "Feature",
      "geometry": {
        "type": "Point",
        "coordinates": [
          74.01115384615385,
          14.975923076923076
        ]
      },
      "properties": {
        "layer": "interpolated_heatmap",
        "value": 0.4395,
        "label": "Interpolated anomaly intensity",
        "disclaimer": "Interpolated estimate \u2014 NOT a direct measurement",
        "data_provenance": "INFERRED"
      }
    },
    {
      "type": "Feature",
      "geometry": {
        "type": "Point",
        "coordinates": [
          74.01115384615385,
          14.976230769230769
        ]
      },
      "properties": {
        "layer": "interpolated_heatmap",
        "value": 0.4397,
        "label": "Interpolated anomaly intensity",
        "disclaimer": "Interpolated estimate \u2014 NOT a direct measurement",
        "data_provenance": "INFERRED"
      }
    },
    {
      "type": "Feature",
      "geometry": {
        "type": "Point",
        "coordinates": [
          74.01115384615385,
          14.97653846153846
        ]
      },
      "properties": {
        "layer": "interpolated_heatmap",
        "value": 0.4398,
        "label": "Interpolated anomaly intensity",
        "disclaimer": "Interpolated estimate \u2014 NOT a direct measurement",
        "data_provenance": "INFERRED"
      }
    },
    {
      "type": "Feature",
      "geometry": {
        "type": "Point",
        "coordinates": [
          74.01115384615385,
          14.976846153846154
        ]
      },
      "properties": {
        "layer": "interpolated_heatmap",
        "value": 0.44,
        "label": "Interpolated anomaly intensity",
        "disclaimer": "Interpolated estimate \u2014 NOT a direct measurement",
        "data_provenance": "INFERRED"
      }
    },
    {
      "type": "Feature",
      "geometry": {
        "type": "Point",
        "coordinates": [
          74.01115384615385,
          14.977153846153845
        ]
      },
      "properties": {
        "layer": "interpolated_heatmap",
        "value": 0.4402,
        "label": "Interpolated anomaly intensity",
        "disclaimer": "Interpolated estimate \u2014 NOT a direct measurement",
        "data_provenance": "INFERRED"
      }
    },
    {
      "type": "Feature",
      "geometry": {
        "type": "Point",
        "coordinates": [
          74.01115384615385,
          14.977461538461538
        ]
      },
      "properties": {
        "layer": "interpolated_heatmap",
        "value": 0.4403,
        "label": "Interpolated anomaly intensity",
        "disclaimer": "Interpolated estimate \u2014 NOT a direct measurement",
        "data_provenance": "INFERRED"
      }
    },
    {
      "type": "Feature",
      "geometry": {
        "type": "Point",
        "coordinates": [
          74.01115384615385,
          14.97776923076923
        ]
      },
      "properties": {
        "layer": "interpolated_heatmap",
        "value": 0.4405,
        "label": "Interpolated anomaly intensity",
        "disclaimer": "Interpolated estimate \u2014 NOT a direct measurement",
        "data_provenance": "INFERRED"
      }
    },
    {
      "type": "Feature",
      "geometry": {
        "type": "Point",
        "coordinates": [
          74.01115384615385,
          14.978076923076923
        ]
      },
      "properties": {
        "layer": "interpolated_heatmap",
        "value": 0.4408,
        "label": "Interpolated anomaly intensity",
        "disclaimer": "Interpolated estimate \u2014 NOT a direct measurement",
        "data_provenance": "INFERRED"
      }
    },
    {
      "type": "Feature",
      "geometry": {
        "type": "Point",
        "coordinates": [
          74.01115384615385,
          14.978384615384615
        ]
      },
      "properties": {
        "layer": "interpolated_heatmap",
        "value": 0.441,
        "label": "Interpolated anomaly intensity",
        "disclaimer": "Interpolated estimate \u2014 NOT a direct measurement",
        "data_provenance": "INFERRED"
      }
    },
    {
      "type": "Feature",
      "geometry": {
        "type": "Point",
        "coordinates": [
          74.01115384615385,
          14.978692307692308
        ]
      },
      "properties": {
        "layer": "interpolated_heatmap",
        "value": 0.4412,
        "label": "Interpolated anomaly intensity",
        "disclaimer": "Interpolated estimate \u2014 NOT a direct measurement",
        "data_provenance": "INFERRED"
      }
    },
    {
      "type": "Feature",
      "geometry": {
        "type": "Point",
        "coordinates": [
          74.01115384615385,
          14.979
        ]
      },
      "properties": {
        "layer": "interpolated_heatmap",
        "value": 0.4414,
        "label": "Interpolated anomaly intensity",
        "disclaimer": "Interpolated estimate \u2014 NOT a direct measurement",
        "data_provenance": "INFERRED"
      }
    },
    {
      "type": "Feature",
      "geometry": {
        "type": "Point",
        "coordinates": [
          74.01115384615385,
          14.979307692307692
        ]
      },
      "properties": {
        "layer": "interpolated_heatmap",
        "value": 0.4416,
        "label": "Interpolated anomaly intensity",
        "disclaimer": "Interpolated estimate \u2014 NOT a direct measurement",
        "data_provenance": "INFERRED"
      }
    },
    {
      "type": "Feature",
      "geometry": {
        "type": "Point",
        "coordinates": [
          74.01115384615385,
          14.979615384615384
        ]
      },
      "properties": {
        "layer": "interpolated_heatmap",
        "value": 0.4417,
        "label": "Interpolated anomaly intensity",
        "disclaimer": "Interpolated estimate \u2014 NOT a direct measurement",
        "data_provenance": "INFERRED"
      }
    },
    {
      "type": "Feature",
      "geometry": {
        "type": "Point",
        "coordinates": [
          74.01115384615385,
          14.979923076923077
        ]
      },
      "properties": {
        "layer": "interpolated_heatmap",
        "value": 0.4416,
        "label": "Interpolated anomaly intensity",
        "disclaimer": "Interpolated estimate \u2014 NOT a direct measurement",
        "data_provenance": "INFERRED"
      }
    },
    {
      "type": "Feature",
      "geometry": {
        "type": "Point",
        "coordinates": [
          74.01115384615385,
          14.980230769230769
        ]
      },
      "properties": {
        "layer": "interpolated_heatmap",
        "value": 0.4415,
        "label": "Interpolated anomaly intensity",
        "disclaimer": "Interpolated estimate \u2014 NOT a direct measurement",
        "data_provenance": "INFERRED"
      }
    },
    {
      "type": "Feature",
      "geometry": {
        "type": "Point",
        "coordinates": [
          74.01115384615385,
          14.980538461538462
        ]
      },
      "properties": {
        "layer": "interpolated_heatmap",
        "value": 0.4411,
        "label": "Interpolated anomaly intensity",
        "disclaimer": "Interpolated estimate \u2014 NOT a direct measurement",
        "data_provenance": "INFERRED"
      }
    },
    {
      "type": "Feature",
      "geometry": {
        "type": "Point",
        "coordinates": [
          74.01115384615385,
          14.980846153846153
        ]
      },
      "properties": {
        "layer": "interpolated_heatmap",
        "value": 0.4407,
        "label": "Interpolated anomaly intensity",
        "disclaimer": "Interpolated estimate \u2014 NOT a direct measurement",
        "data_provenance": "INFERRED"
      }
    },
    {
      "type": "Feature",
      "geometry": {
        "type": "Point",
        "coordinates": [
          74.01115384615385,
          14.981153846153846
        ]
      },
      "properties": {
        "layer": "interpolated_heatmap",
        "value": 0.4401,
        "label": "Interpolated anomaly intensity",
        "disclaimer": "Interpolated estimate \u2014 NOT a direct measurement",
        "data_provenance": "INFERRED"
      }
    },
    {
      "type": "Feature",
      "geometry": {
        "type": "Point",
        "coordinates": [
          74.01115384615385,
          14.981461538461538
        ]
      },
      "properties": {
        "layer": "interpolated_heatmap",
        "value": 0.4394,
        "label": "Interpolated anomaly intensity",
        "disclaimer": "Interpolated estimate \u2014 NOT a direct measurement",
        "data_provenance": "INFERRED"
      }
    },
    {
      "type": "Feature",
      "geometry": {
        "type": "Point",
        "coordinates": [
          74.01115384615385,
          14.981769230769231
        ]
      },
      "properties": {
        "layer": "interpolated_heatmap",
        "value": 0.4389,
        "label": "Interpolated anomaly intensity",
        "disclaimer": "Interpolated estimate \u2014 NOT a direct measurement",
        "data_provenance": "INFERRED"
      }
    },
    {
      "type": "Feature",
      "geometry": {
        "type": "Point",
        "coordinates": [
          74.01115384615385,
          14.982076923076923
        ]
      },
      "properties": {
        "layer": "interpolated_heatmap",
        "value": 0.4384,
        "label": "Interpolated anomaly intensity",
        "disclaimer": "Interpolated estimate \u2014 NOT a direct measurement",
        "data_provenance": "INFERRED"
      }
    },
    {
      "type": "Feature",
      "geometry": {
        "type": "Point",
        "coordinates": [
          74.01115384615385,
          14.982384615384616
        ]
      },
      "properties": {
        "layer": "interpolated_heatmap",
        "value": 0.438,
        "label": "Interpolated anomaly intensity",
        "disclaimer": "Interpolated estimate \u2014 NOT a direct measurement",
        "data_provenance": "INFERRED"
      }
    },
    {
      "type": "Feature",
      "geometry": {
        "type": "Point",
        "coordinates": [
          74.01115384615385,
          14.982692307692307
        ]
      },
      "properties": {
        "layer": "interpolated_heatmap",
        "value": 0.4378,
        "label": "Interpolated anomaly intensity",
        "disclaimer": "Interpolated estimate \u2014 NOT a direct measurement",
        "data_provenance": "INFERRED"
      }
    },
    {
      "type": "Feature",
      "geometry": {
        "type": "Point",
        "coordinates": [
          74.01115384615385,
          14.983
        ]
      },
      "properties": {
        "layer": "interpolated_heatmap",
        "value": 0.4376,
        "label": "Interpolated anomaly intensity",
        "disclaimer": "Interpolated estimate \u2014 NOT a direct measurement",
        "data_provenance": "INFERRED"
      }
    },
    {
      "type": "Feature",
      "geometry": {
        "type": "Point",
        "coordinates": [
          74.01115384615385,
          14.983307692307692
        ]
      },
      "properties": {
        "layer": "interpolated_heatmap",
        "value": 0.4374,
        "label": "Interpolated anomaly intensity",
        "disclaimer": "Interpolated estimate \u2014 NOT a direct measurement",
        "data_provenance": "INFERRED"
      }
    },
    {
      "type": "Feature",
      "geometry": {
        "type": "Point",
        "coordinates": [
          74.01115384615385,
          14.983615384615385
        ]
      },
      "properties": {
        "layer": "interpolated_heatmap",
        "value": 0.4373,
        "label": "Interpolated anomaly intensity",
        "disclaimer": "Interpolated estimate \u2014 NOT a direct measurement",
        "data_provenance": "INFERRED"
      }
    },
    {
      "type": "Feature",
      "geometry": {
        "type": "Point",
        "coordinates": [
          74.01115384615385,
          14.983923076923077
        ]
      },
      "properties": {
        "layer": "interpolated_heatmap",
        "value": 0.4373,
        "label": "Interpolated anomaly intensity",
        "disclaimer": "Interpolated estimate \u2014 NOT a direct measurement",
        "data_provenance": "INFERRED"
      }
    },
    {
      "type": "Feature",
      "geometry": {
        "type": "Point",
        "coordinates": [
          74.01115384615385,
          14.98423076923077
        ]
      },
      "properties": {
        "layer": "interpolated_heatmap",
        "value": 0.4372,
        "label": "Interpolated anomaly intensity",
        "disclaimer": "Interpolated estimate \u2014 NOT a direct measurement",
        "data_provenance": "INFERRED"
      }
    },
    {
      "type": "Feature",
      "geometry": {
        "type": "Point",
        "coordinates": [
          74.01115384615385,
          14.984538461538461
        ]
      },
      "properties": {
        "layer": "interpolated_heatmap",
        "value": 0.4372,
        "label": "Interpolated anomaly intensity",
        "disclaimer": "Interpolated estimate \u2014 NOT a direct measurement",
        "data_provenance": "INFERRED"
      }
    },
    {
      "type": "Feature",
      "geometry": {
        "type": "Point",
        "coordinates": [
          74.01115384615385,
          14.984846153846155
        ]
      },
      "properties": {
        "layer": "interpolated_heatmap",
        "value": 0.4372,
        "label": "Interpolated anomaly intensity",
        "disclaimer": "Interpolated estimate \u2014 NOT a direct measurement",
        "data_provenance": "INFERRED"
      }
    },
    {
      "type": "Feature",
      "geometry": {
        "type": "Point",
        "coordinates": [
          74.01115384615385,
          14.985153846153846
        ]
      },
      "properties": {
        "layer": "interpolated_heatmap",
        "value": 0.4371,
        "label": "Interpolated anomaly intensity",
        "disclaimer": "Interpolated estimate \u2014 NOT a direct measurement",
        "data_provenance": "INFERRED"
      }
    },
    {
      "type": "Feature",
      "geometry": {
        "type": "Point",
        "coordinates": [
          74.01115384615385,
          14.98546153846154
        ]
      },
      "properties": {
        "layer": "interpolated_heatmap",
        "value": 0.4371,
        "label": "Interpolated anomaly intensity",
        "disclaimer": "Interpolated estimate \u2014 NOT a direct measurement",
        "data_provenance": "INFERRED"
      }
    },
    {
      "type": "Feature",
      "geometry": {
        "type": "Point",
        "coordinates": [
          74.01115384615385,
          14.98576923076923
        ]
      },
      "properties": {
        "layer": "interpolated_heatmap",
        "value": 0.4371,
        "label": "Interpolated anomaly intensity",
        "disclaimer": "Interpolated estimate \u2014 NOT a direct measurement",
        "data_provenance": "INFERRED"
      }
    },
    {
      "type": "Feature",
      "geometry": {
        "type": "Point",
        "coordinates": [
          74.01115384615385,
          14.986076923076924
        ]
      },
      "properties": {
        "layer": "interpolated_heatmap",
        "value": 0.4371,
        "label": "Interpolated anomaly intensity",
        "disclaimer": "Interpolated estimate \u2014 NOT a direct measurement",
        "data_provenance": "INFERRED"
      }
    },
    {
      "type": "Feature",
      "geometry": {
        "type": "Point",
        "coordinates": [
          74.01115384615385,
          14.986384615384615
        ]
      },
      "properties": {
        "layer": "interpolated_heatmap",
        "value": 0.4371,
        "label": "Interpolated anomaly intensity",
        "disclaimer": "Interpolated estimate \u2014 NOT a direct measurement",
        "data_provenance": "INFERRED"
      }
    },
    {
      "type": "Feature",
      "geometry": {
        "type": "Point",
        "coordinates": [
          74.01115384615385,
          14.986692307692309
        ]
      },
      "properties": {
        "layer": "interpolated_heatmap",
        "value": 0.4371,
        "label": "Interpolated anomaly intensity",
        "disclaimer": "Interpolated estimate \u2014 NOT a direct measurement",
        "data_provenance": "INFERRED"
      }
    },
    {
      "type": "Feature",
      "geometry": {
        "type": "Point",
        "coordinates": [
          74.01115384615385,
          14.987
        ]
      },
      "properties": {
        "layer": "interpolated_heatmap",
        "value": 0.4371,
        "label": "Interpolated anomaly intensity",
        "disclaimer": "Interpolated estimate \u2014 NOT a direct measurement",
        "data_provenance": "INFERRED"
      }
    },
    {
      "type": "Feature",
      "geometry": {
        "type": "Point",
        "coordinates": [
          74.01156410256411,
          14.975
        ]
      },
      "properties": {
        "layer": "interpolated_heatmap",
        "value": 0.439,
        "label": "Interpolated anomaly intensity",
        "disclaimer": "Interpolated estimate \u2014 NOT a direct measurement",
        "data_provenance": "INFERRED"
      }
    },
    {
      "type": "Feature",
      "geometry": {
        "type": "Point",
        "coordinates": [
          74.01156410256411,
          14.975307692307691
        ]
      },
      "properties": {
        "layer": "interpolated_heatmap",
        "value": 0.4391,
        "label": "Interpolated anomaly intensity",
        "disclaimer": "Interpolated estimate \u2014 NOT a direct measurement",
        "data_provenance": "INFERRED"
      }
    },
    {
      "type": "Feature",
      "geometry": {
        "type": "Point",
        "coordinates": [
          74.01156410256411,
          14.975615384615384
        ]
      },
      "properties": {
        "layer": "interpolated_heatmap",
        "value": 0.4392,
        "label": "Interpolated anomaly intensity",
        "disclaimer": "Interpolated estimate \u2014 NOT a direct measurement",
        "data_provenance": "INFERRED"
      }
    },
    {
      "type": "Feature",
      "geometry": {
        "type": "Point",
        "coordinates": [
          74.01156410256411,
          14.975923076923076
        ]
      },
      "properties": {
        "layer": "interpolated_heatmap",
        "value": 0.4393,
        "label": "Interpolated anomaly intensity",
        "disclaimer": "Interpolated estimate \u2014 NOT a direct measurement",
        "data_provenance": "INFERRED"
      }
    },
    {
      "type": "Feature",
      "geometry": {
        "type": "Point",
        "coordinates": [
          74.01156410256411,
          14.976230769230769
        ]
      },
      "properties": {
        "layer": "interpolated_heatmap",
        "value": 0.4394,
        "label": "Interpolated anomaly intensity",
        "disclaimer": "Interpolated estimate \u2014 NOT a direct measurement",
        "data_provenance": "INFERRED"
      }
    },
    {
      "type": "Feature",
      "geometry": {
        "type": "Point",
        "coordinates": [
          74.01156410256411,
          14.97653846153846
        ]
      },
      "properties": {
        "layer": "interpolated_heatmap",
        "value": 0.4395,
        "label": "Interpolated anomaly intensity",
        "disclaimer": "Interpolated estimate \u2014 NOT a direct measurement",
        "data_provenance": "INFERRED"
      }
    },
    {
      "type": "Feature",
      "geometry": {
        "type": "Point",
        "coordinates": [
          74.01156410256411,
          14.976846153846154
        ]
      },
      "properties": {
        "layer": "interpolated_heatmap",
        "value": 0.4396,
        "label": "Interpolated anomaly intensity",
        "disclaimer": "Interpolated estimate \u2014 NOT a direct measurement",
        "data_provenance": "INFERRED"
      }
    },
    {
      "type": "Feature",
      "geometry": {
        "type": "Point",
        "coordinates": [
          74.01156410256411,
          14.977153846153845
        ]
      },
      "properties": {
        "layer": "interpolated_heatmap",
        "value": 0.4398,
        "label": "Interpolated anomaly intensity",
        "disclaimer": "Interpolated estimate \u2014 NOT a direct measurement",
        "data_provenance": "INFERRED"
      }
    },
    {
      "type": "Feature",
      "geometry": {
        "type": "Point",
        "coordinates": [
          74.01156410256411,
          14.977461538461538
        ]
      },
      "properties": {
        "layer": "interpolated_heatmap",
        "value": 0.4399,
        "label": "Interpolated anomaly intensity",
        "disclaimer": "Interpolated estimate \u2014 NOT a direct measurement",
        "data_provenance": "INFERRED"
      }
    },
    {
      "type": "Feature",
      "geometry": {
        "type": "Point",
        "coordinates": [
          74.01156410256411,
          14.97776923076923
        ]
      },
      "properties": {
        "layer": "interpolated_heatmap",
        "value": 0.4401,
        "label": "Interpolated anomaly intensity",
        "disclaimer": "Interpolated estimate \u2014 NOT a direct measurement",
        "data_provenance": "INFERRED"
      }
    },
    {
      "type": "Feature",
      "geometry": {
        "type": "Point",
        "coordinates": [
          74.01156410256411,
          14.978076923076923
        ]
      },
      "properties": {
        "layer": "interpolated_heatmap",
        "value": 0.4402,
        "label": "Interpolated anomaly intensity",
        "disclaimer": "Interpolated estimate \u2014 NOT a direct measurement",
        "data_provenance": "INFERRED"
      }
    },
    {
      "type": "Feature",
      "geometry": {
        "type": "Point",
        "coordinates": [
          74.01156410256411,
          14.978384615384615
        ]
      },
      "properties": {
        "layer": "interpolated_heatmap",
        "value": 0.4404,
        "label": "Interpolated anomaly intensity",
        "disclaimer": "Interpolated estimate \u2014 NOT a direct measurement",
        "data_provenance": "INFERRED"
      }
    },
    {
      "type": "Feature",
      "geometry": {
        "type": "Point",
        "coordinates": [
          74.01156410256411,
          14.978692307692308
        ]
      },
      "properties": {
        "layer": "interpolated_heatmap",
        "value": 0.4405,
        "label": "Interpolated anomaly intensity",
        "disclaimer": "Interpolated estimate \u2014 NOT a direct measurement",
        "data_provenance": "INFERRED"
      }
    },
    {
      "type": "Feature",
      "geometry": {
        "type": "Point",
        "coordinates": [
          74.01156410256411,
          14.979
        ]
      },
      "properties": {
        "layer": "interpolated_heatmap",
        "value": 0.4406,
        "label": "Interpolated anomaly intensity",
        "disclaimer": "Interpolated estimate \u2014 NOT a direct measurement",
        "data_provenance": "INFERRED"
      }
    },
    {
      "type": "Feature",
      "geometry": {
        "type": "Point",
        "coordinates": [
          74.01156410256411,
          14.979307692307692
        ]
      },
      "properties": {
        "layer": "interpolated_heatmap",
        "value": 0.4407,
        "label": "Interpolated anomaly intensity",
        "disclaimer": "Interpolated estimate \u2014 NOT a direct measurement",
        "data_provenance": "INFERRED"
      }
    },
    {
      "type": "Feature",
      "geometry": {
        "type": "Point",
        "coordinates": [
          74.01156410256411,
          14.979615384615384
        ]
      },
      "properties": {
        "layer": "interpolated_heatmap",
        "value": 0.4407,
        "label": "Interpolated anomaly intensity",
        "disclaimer": "Interpolated estimate \u2014 NOT a direct measurement",
        "data_provenance": "INFERRED"
      }
    },
    {
      "type": "Feature",
      "geometry": {
        "type": "Point",
        "coordinates": [
          74.01156410256411,
          14.979923076923077
        ]
      },
      "properties": {
        "layer": "interpolated_heatmap",
        "value": 0.4406,
        "label": "Interpolated anomaly intensity",
        "disclaimer": "Interpolated estimate \u2014 NOT a direct measurement",
        "data_provenance": "INFERRED"
      }
    },
    {
      "type": "Feature",
      "geometry": {
        "type": "Point",
        "coordinates": [
          74.01156410256411,
          14.980230769230769
        ]
      },
      "properties": {
        "layer": "interpolated_heatmap",
        "value": 0.4403,
        "label": "Interpolated anomaly intensity",
        "disclaimer": "Interpolated estimate \u2014 NOT a direct measurement",
        "data_provenance": "INFERRED"
      }
    },
    {
      "type": "Feature",
      "geometry": {
        "type": "Point",
        "coordinates": [
          74.01156410256411,
          14.980538461538462
        ]
      },
      "properties": {
        "layer": "interpolated_heatmap",
        "value": 0.4399,
        "label": "Interpolated anomaly intensity",
        "disclaimer": "Interpolated estimate \u2014 NOT a direct measurement",
        "data_provenance": "INFERRED"
      }
    },
    {
      "type": "Feature",
      "geometry": {
        "type": "Point",
        "coordinates": [
          74.01156410256411,
          14.980846153846153
        ]
      },
      "properties": {
        "layer": "interpolated_heatmap",
        "value": 0.4393,
        "label": "Interpolated anomaly intensity",
        "disclaimer": "Interpolated estimate \u2014 NOT a direct measurement",
        "data_provenance": "INFERRED"
      }
    },
    {
      "type": "Feature",
      "geometry": {
        "type": "Point",
        "coordinates": [
          74.01156410256411,
          14.981153846153846
        ]
      },
      "properties": {
        "layer": "interpolated_heatmap",
        "value": 0.4388,
        "label": "Interpolated anomaly intensity",
        "disclaimer": "Interpolated estimate \u2014 NOT a direct measurement",
        "data_provenance": "INFERRED"
      }
    },
    {
      "type": "Feature",
      "geometry": {
        "type": "Point",
        "coordinates": [
          74.01156410256411,
          14.981461538461538
        ]
      },
      "properties": {
        "layer": "interpolated_heatmap",
        "value": 0.4382,
        "label": "Interpolated anomaly intensity",
        "disclaimer": "Interpolated estimate \u2014 NOT a direct measurement",
        "data_provenance": "INFERRED"
      }
    },
    {
      "type": "Feature",
      "geometry": {
        "type": "Point",
        "coordinates": [
          74.01156410256411,
          14.981769230769231
        ]
      },
      "properties": {
        "layer": "interpolated_heatmap",
        "value": 0.4378,
        "label": "Interpolated anomaly intensity",
        "disclaimer": "Interpolated estimate \u2014 NOT a direct measurement",
        "data_provenance": "INFERRED"
      }
    },
    {
      "type": "Feature",
      "geometry": {
        "type": "Point",
        "coordinates": [
          74.01156410256411,
          14.982076923076923
        ]
      },
      "properties": {
        "layer": "interpolated_heatmap",
        "value": 0.4374,
        "label": "Interpolated anomaly intensity",
        "disclaimer": "Interpolated estimate \u2014 NOT a direct measurement",
        "data_provenance": "INFERRED"
      }
    },
    {
      "type": "Feature",
      "geometry": {
        "type": "Point",
        "coordinates": [
          74.01156410256411,
          14.982384615384616
        ]
      },
      "properties": {
        "layer": "interpolated_heatmap",
        "value": 0.4372,
        "label": "Interpolated anomaly intensity",
        "disclaimer": "Interpolated estimate \u2014 NOT a direct measurement",
        "data_provenance": "INFERRED"
      }
    },
    {
      "type": "Feature",
      "geometry": {
        "type": "Point",
        "coordinates": [
          74.01156410256411,
          14.982692307692307
        ]
      },
      "properties": {
        "layer": "interpolated_heatmap",
        "value": 0.437,
        "label": "Interpolated anomaly intensity",
        "disclaimer": "Interpolated estimate \u2014 NOT a direct measurement",
        "data_provenance": "INFERRED"
      }
    },
    {
      "type": "Feature",
      "geometry": {
        "type": "Point",
        "coordinates": [
          74.01156410256411,
          14.983
        ]
      },
      "properties": {
        "layer": "interpolated_heatmap",
        "value": 0.4369,
        "label": "Interpolated anomaly intensity",
        "disclaimer": "Interpolated estimate \u2014 NOT a direct measurement",
        "data_provenance": "INFERRED"
      }
    },
    {
      "type": "Feature",
      "geometry": {
        "type": "Point",
        "coordinates": [
          74.01156410256411,
          14.983307692307692
        ]
      },
      "properties": {
        "layer": "interpolated_heatmap",
        "value": 0.4369,
        "label": "Interpolated anomaly intensity",
        "disclaimer": "Interpolated estimate \u2014 NOT a direct measurement",
        "data_provenance": "INFERRED"
      }
    },
    {
      "type": "Feature",
      "geometry": {
        "type": "Point",
        "coordinates": [
          74.01156410256411,
          14.983615384615385
        ]
      },
      "properties": {
        "layer": "interpolated_heatmap",
        "value": 0.4369,
        "label": "Interpolated anomaly intensity",
        "disclaimer": "Interpolated estimate \u2014 NOT a direct measurement",
        "data_provenance": "INFERRED"
      }
    },
    {
      "type": "Feature",
      "geometry": {
        "type": "Point",
        "coordinates": [
          74.01156410256411,
          14.983923076923077
        ]
      },
      "properties": {
        "layer": "interpolated_heatmap",
        "value": 0.4368,
        "label": "Interpolated anomaly intensity",
        "disclaimer": "Interpolated estimate \u2014 NOT a direct measurement",
        "data_provenance": "INFERRED"
      }
    },
    {
      "type": "Feature",
      "geometry": {
        "type": "Point",
        "coordinates": [
          74.01156410256411,
          14.98423076923077
        ]
      },
      "properties": {
        "layer": "interpolated_heatmap",
        "value": 0.4369,
        "label": "Interpolated anomaly intensity",
        "disclaimer": "Interpolated estimate \u2014 NOT a direct measurement",
        "data_provenance": "INFERRED"
      }
    },
    {
      "type": "Feature",
      "geometry": {
        "type": "Point",
        "coordinates": [
          74.01156410256411,
          14.984538461538461
        ]
      },
      "properties": {
        "layer": "interpolated_heatmap",
        "value": 0.4369,
        "label": "Interpolated anomaly intensity",
        "disclaimer": "Interpolated estimate \u2014 NOT a direct measurement",
        "data_provenance": "INFERRED"
      }
    },
    {
      "type": "Feature",
      "geometry": {
        "type": "Point",
        "coordinates": [
          74.01156410256411,
          14.984846153846155
        ]
      },
      "properties": {
        "layer": "interpolated_heatmap",
        "value": 0.4369,
        "label": "Interpolated anomaly intensity",
        "disclaimer": "Interpolated estimate \u2014 NOT a direct measurement",
        "data_provenance": "INFERRED"
      }
    },
    {
      "type": "Feature",
      "geometry": {
        "type": "Point",
        "coordinates": [
          74.01156410256411,
          14.985153846153846
        ]
      },
      "properties": {
        "layer": "interpolated_heatmap",
        "value": 0.4369,
        "label": "Interpolated anomaly intensity",
        "disclaimer": "Interpolated estimate \u2014 NOT a direct measurement",
        "data_provenance": "INFERRED"
      }
    },
    {
      "type": "Feature",
      "geometry": {
        "type": "Point",
        "coordinates": [
          74.01156410256411,
          14.98546153846154
        ]
      },
      "properties": {
        "layer": "interpolated_heatmap",
        "value": 0.4369,
        "label": "Interpolated anomaly intensity",
        "disclaimer": "Interpolated estimate \u2014 NOT a direct measurement",
        "data_provenance": "INFERRED"
      }
    },
    {
      "type": "Feature",
      "geometry": {
        "type": "Point",
        "coordinates": [
          74.01156410256411,
          14.98576923076923
        ]
      },
      "properties": {
        "layer": "interpolated_heatmap",
        "value": 0.4369,
        "label": "Interpolated anomaly intensity",
        "disclaimer": "Interpolated estimate \u2014 NOT a direct measurement",
        "data_provenance": "INFERRED"
      }
    },
    {
      "type": "Feature",
      "geometry": {
        "type": "Point",
        "coordinates": [
          74.01156410256411,
          14.986076923076924
        ]
      },
      "properties": {
        "layer": "interpolated_heatmap",
        "value": 0.4369,
        "label": "Interpolated anomaly intensity",
        "disclaimer": "Interpolated estimate \u2014 NOT a direct measurement",
        "data_provenance": "INFERRED"
      }
    },
    {
      "type": "Feature",
      "geometry": {
        "type": "Point",
        "coordinates": [
          74.01156410256411,
          14.986384615384615
        ]
      },
      "properties": {
        "layer": "interpolated_heatmap",
        "value": 0.437,
        "label": "Interpolated anomaly intensity",
        "disclaimer": "Interpolated estimate \u2014 NOT a direct measurement",
        "data_provenance": "INFERRED"
      }
    },
    {
      "type": "Feature",
      "geometry": {
        "type": "Point",
        "coordinates": [
          74.01156410256411,
          14.986692307692309
        ]
      },
      "properties": {
        "layer": "interpolated_heatmap",
        "value": 0.437,
        "label": "Interpolated anomaly intensity",
        "disclaimer": "Interpolated estimate \u2014 NOT a direct measurement",
        "data_provenance": "INFERRED"
      }
    },
    {
      "type": "Feature",
      "geometry": {
        "type": "Point",
        "coordinates": [
          74.01156410256411,
          14.987
        ]
      },
      "properties": {
        "layer": "interpolated_heatmap",
        "value": 0.437,
        "label": "Interpolated anomaly intensity",
        "disclaimer": "Interpolated estimate \u2014 NOT a direct measurement",
        "data_provenance": "INFERRED"
      }
    },
    {
      "type": "Feature",
      "geometry": {
        "type": "Point",
        "coordinates": [
          74.01197435897437,
          14.975
        ]
      },
      "properties": {
        "layer": "interpolated_heatmap",
        "value": 0.4388,
        "label": "Interpolated anomaly intensity",
        "disclaimer": "Interpolated estimate \u2014 NOT a direct measurement",
        "data_provenance": "INFERRED"
      }
    },
    {
      "type": "Feature",
      "geometry": {
        "type": "Point",
        "coordinates": [
          74.01197435897437,
          14.975307692307691
        ]
      },
      "properties": {
        "layer": "interpolated_heatmap",
        "value": 0.4388,
        "label": "Interpolated anomaly intensity",
        "disclaimer": "Interpolated estimate \u2014 NOT a direct measurement",
        "data_provenance": "INFERRED"
      }
    },
    {
      "type": "Feature",
      "geometry": {
        "type": "Point",
        "coordinates": [
          74.01197435897437,
          14.975615384615384
        ]
      },
      "properties": {
        "layer": "interpolated_heatmap",
        "value": 0.4389,
        "label": "Interpolated anomaly intensity",
        "disclaimer": "Interpolated estimate \u2014 NOT a direct measurement",
        "data_provenance": "INFERRED"
      }
    },
    {
      "type": "Feature",
      "geometry": {
        "type": "Point",
        "coordinates": [
          74.01197435897437,
          14.975923076923076
        ]
      },
      "properties": {
        "layer": "interpolated_heatmap",
        "value": 0.439,
        "label": "Interpolated anomaly intensity",
        "disclaimer": "Interpolated estimate \u2014 NOT a direct measurement",
        "data_provenance": "INFERRED"
      }
    },
    {
      "type": "Feature",
      "geometry": {
        "type": "Point",
        "coordinates": [
          74.01197435897437,
          14.976230769230769
        ]
      },
      "properties": {
        "layer": "interpolated_heatmap",
        "value": 0.4391,
        "label": "Interpolated anomaly intensity",
        "disclaimer": "Interpolated estimate \u2014 NOT a direct measurement",
        "data_provenance": "INFERRED"
      }
    },
    {
      "type": "Feature",
      "geometry": {
        "type": "Point",
        "coordinates": [
          74.01197435897437,
          14.97653846153846
        ]
      },
      "properties": {
        "layer": "interpolated_heatmap",
        "value": 0.4392,
        "label": "Interpolated anomaly intensity",
        "disclaimer": "Interpolated estimate \u2014 NOT a direct measurement",
        "data_provenance": "INFERRED"
      }
    },
    {
      "type": "Feature",
      "geometry": {
        "type": "Point",
        "coordinates": [
          74.01197435897437,
          14.976846153846154
        ]
      },
      "properties": {
        "layer": "interpolated_heatmap",
        "value": 0.4392,
        "label": "Interpolated anomaly intensity",
        "disclaimer": "Interpolated estimate \u2014 NOT a direct measurement",
        "data_provenance": "INFERRED"
      }
    },
    {
      "type": "Feature",
      "geometry": {
        "type": "Point",
        "coordinates": [
          74.01197435897437,
          14.977153846153845
        ]
      },
      "properties": {
        "layer": "interpolated_heatmap",
        "value": 0.4393,
        "label": "Interpolated anomaly intensity",
        "disclaimer": "Interpolated estimate \u2014 NOT a direct measurement",
        "data_provenance": "INFERRED"
      }
    },
    {
      "type": "Feature",
      "geometry": {
        "type": "Point",
        "coordinates": [
          74.01197435897437,
          14.977461538461538
        ]
      },
      "properties": {
        "layer": "interpolated_heatmap",
        "value": 0.4394,
        "label": "Interpolated anomaly intensity",
        "disclaimer": "Interpolated estimate \u2014 NOT a direct measurement",
        "data_provenance": "INFERRED"
      }
    },
    {
      "type": "Feature",
      "geometry": {
        "type": "Point",
        "coordinates": [
          74.01197435897437,
          14.97776923076923
        ]
      },
      "properties": {
        "layer": "interpolated_heatmap",
        "value": 0.4395,
        "label": "Interpolated anomaly intensity",
        "disclaimer": "Interpolated estimate \u2014 NOT a direct measurement",
        "data_provenance": "INFERRED"
      }
    },
    {
      "type": "Feature",
      "geometry": {
        "type": "Point",
        "coordinates": [
          74.01197435897437,
          14.978076923076923
        ]
      },
      "properties": {
        "layer": "interpolated_heatmap",
        "value": 0.4396,
        "label": "Interpolated anomaly intensity",
        "disclaimer": "Interpolated estimate \u2014 NOT a direct measurement",
        "data_provenance": "INFERRED"
      }
    },
    {
      "type": "Feature",
      "geometry": {
        "type": "Point",
        "coordinates": [
          74.01197435897437,
          14.978384615384615
        ]
      },
      "properties": {
        "layer": "interpolated_heatmap",
        "value": 0.4397,
        "label": "Interpolated anomaly intensity",
        "disclaimer": "Interpolated estimate \u2014 NOT a direct measurement",
        "data_provenance": "INFERRED"
      }
    },
    {
      "type": "Feature",
      "geometry": {
        "type": "Point",
        "coordinates": [
          74.01197435897437,
          14.978692307692308
        ]
      },
      "properties": {
        "layer": "interpolated_heatmap",
        "value": 0.4398,
        "label": "Interpolated anomaly intensity",
        "disclaimer": "Interpolated estimate \u2014 NOT a direct measurement",
        "data_provenance": "INFERRED"
      }
    },
    {
      "type": "Feature",
      "geometry": {
        "type": "Point",
        "coordinates": [
          74.01197435897437,
          14.979
        ]
      },
      "properties": {
        "layer": "interpolated_heatmap",
        "value": 0.4398,
        "label": "Interpolated anomaly intensity",
        "disclaimer": "Interpolated estimate \u2014 NOT a direct measurement",
        "data_provenance": "INFERRED"
      }
    },
    {
      "type": "Feature",
      "geometry": {
        "type": "Point",
        "coordinates": [
          74.01197435897437,
          14.979307692307692
        ]
      },
      "properties": {
        "layer": "interpolated_heatmap",
        "value": 0.4397,
        "label": "Interpolated anomaly intensity",
        "disclaimer": "Interpolated estimate \u2014 NOT a direct measurement",
        "data_provenance": "INFERRED"
      }
    },
    {
      "type": "Feature",
      "geometry": {
        "type": "Point",
        "coordinates": [
          74.01197435897437,
          14.979615384615384
        ]
      },
      "properties": {
        "layer": "interpolated_heatmap",
        "value": 0.4396,
        "label": "Interpolated anomaly intensity",
        "disclaimer": "Interpolated estimate \u2014 NOT a direct measurement",
        "data_provenance": "INFERRED"
      }
    },
    {
      "type": "Feature",
      "geometry": {
        "type": "Point",
        "coordinates": [
          74.01197435897437,
          14.979923076923077
        ]
      },
      "properties": {
        "layer": "interpolated_heatmap",
        "value": 0.4393,
        "label": "Interpolated anomaly intensity",
        "disclaimer": "Interpolated estimate \u2014 NOT a direct measurement",
        "data_provenance": "INFERRED"
      }
    },
    {
      "type": "Feature",
      "geometry": {
        "type": "Point",
        "coordinates": [
          74.01197435897437,
          14.980230769230769
        ]
      },
      "properties": {
        "layer": "interpolated_heatmap",
        "value": 0.439,
        "label": "Interpolated anomaly intensity",
        "disclaimer": "Interpolated estimate \u2014 NOT a direct measurement",
        "data_provenance": "INFERRED"
      }
    },
    {
      "type": "Feature",
      "geometry": {
        "type": "Point",
        "coordinates": [
          74.01197435897437,
          14.980538461538462
        ]
      },
      "properties": {
        "layer": "interpolated_heatmap",
        "value": 0.4385,
        "label": "Interpolated anomaly intensity",
        "disclaimer": "Interpolated estimate \u2014 NOT a direct measurement",
        "data_provenance": "INFERRED"
      }
    },
    {
      "type": "Feature",
      "geometry": {
        "type": "Point",
        "coordinates": [
          74.01197435897437,
          14.980846153846153
        ]
      },
      "properties": {
        "layer": "interpolated_heatmap",
        "value": 0.438,
        "label": "Interpolated anomaly intensity",
        "disclaimer": "Interpolated estimate \u2014 NOT a direct measurement",
        "data_provenance": "INFERRED"
      }
    },
    {
      "type": "Feature",
      "geometry": {
        "type": "Point",
        "coordinates": [
          74.01197435897437,
          14.981153846153846
        ]
      },
      "properties": {
        "layer": "interpolated_heatmap",
        "value": 0.4375,
        "label": "Interpolated anomaly intensity",
        "disclaimer": "Interpolated estimate \u2014 NOT a direct measurement",
        "data_provenance": "INFERRED"
      }
    },
    {
      "type": "Feature",
      "geometry": {
        "type": "Point",
        "coordinates": [
          74.01197435897437,
          14.981461538461538
        ]
      },
      "properties": {
        "layer": "interpolated_heatmap",
        "value": 0.437,
        "label": "Interpolated anomaly intensity",
        "disclaimer": "Interpolated estimate \u2014 NOT a direct measurement",
        "data_provenance": "INFERRED"
      }
    },
    {
      "type": "Feature",
      "geometry": {
        "type": "Point",
        "coordinates": [
          74.01197435897437,
          14.981769230769231
        ]
      },
      "properties": {
        "layer": "interpolated_heatmap",
        "value": 0.4367,
        "label": "Interpolated anomaly intensity",
        "disclaimer": "Interpolated estimate \u2014 NOT a direct measurement",
        "data_provenance": "INFERRED"
      }
    },
    {
      "type": "Feature",
      "geometry": {
        "type": "Point",
        "coordinates": [
          74.01197435897437,
          14.982076923076923
        ]
      },
      "properties": {
        "layer": "interpolated_heatmap",
        "value": 0.4365,
        "label": "Interpolated anomaly intensity",
        "disclaimer": "Interpolated estimate \u2014 NOT a direct measurement",
        "data_provenance": "INFERRED"
      }
    },
    {
      "type": "Feature",
      "geometry": {
        "type": "Point",
        "coordinates": [
          74.01197435897437,
          14.982384615384616
        ]
      },
      "properties": {
        "layer": "interpolated_heatmap",
        "value": 0.4364,
        "label": "Interpolated anomaly intensity",
        "disclaimer": "Interpolated estimate \u2014 NOT a direct measurement",
        "data_provenance": "INFERRED"
      }
    },
    {
      "type": "Feature",
      "geometry": {
        "type": "Point",
        "coordinates": [
          74.01197435897437,
          14.982692307692307
        ]
      },
      "properties": {
        "layer": "interpolated_heatmap",
        "value": 0.4364,
        "label": "Interpolated anomaly intensity",
        "disclaimer": "Interpolated estimate \u2014 NOT a direct measurement",
        "data_provenance": "INFERRED"
      }
    },
    {
      "type": "Feature",
      "geometry": {
        "type": "Point",
        "coordinates": [
          74.01197435897437,
          14.983
        ]
      },
      "properties": {
        "layer": "interpolated_heatmap",
        "value": 0.4364,
        "label": "Interpolated anomaly intensity",
        "disclaimer": "Interpolated estimate \u2014 NOT a direct measurement",
        "data_provenance": "INFERRED"
      }
    },
    {
      "type": "Feature",
      "geometry": {
        "type": "Point",
        "coordinates": [
          74.01197435897437,
          14.983307692307692
        ]
      },
      "properties": {
        "layer": "interpolated_heatmap",
        "value": 0.4364,
        "label": "Interpolated anomaly intensity",
        "disclaimer": "Interpolated estimate \u2014 NOT a direct measurement",
        "data_provenance": "INFERRED"
      }
    },
    {
      "type": "Feature",
      "geometry": {
        "type": "Point",
        "coordinates": [
          74.01197435897437,
          14.983615384615385
        ]
      },
      "properties": {
        "layer": "interpolated_heatmap",
        "value": 0.4364,
        "label": "Interpolated anomaly intensity",
        "disclaimer": "Interpolated estimate \u2014 NOT a direct measurement",
        "data_provenance": "INFERRED"
      }
    },
    {
      "type": "Feature",
      "geometry": {
        "type": "Point",
        "coordinates": [
          74.01197435897437,
          14.983923076923077
        ]
      },
      "properties": {
        "layer": "interpolated_heatmap",
        "value": 0.4365,
        "label": "Interpolated anomaly intensity",
        "disclaimer": "Interpolated estimate \u2014 NOT a direct measurement",
        "data_provenance": "INFERRED"
      }
    },
    {
      "type": "Feature",
      "geometry": {
        "type": "Point",
        "coordinates": [
          74.01197435897437,
          14.98423076923077
        ]
      },
      "properties": {
        "layer": "interpolated_heatmap",
        "value": 0.4365,
        "label": "Interpolated anomaly intensity",
        "disclaimer": "Interpolated estimate \u2014 NOT a direct measurement",
        "data_provenance": "INFERRED"
      }
    },
    {
      "type": "Feature",
      "geometry": {
        "type": "Point",
        "coordinates": [
          74.01197435897437,
          14.984538461538461
        ]
      },
      "properties": {
        "layer": "interpolated_heatmap",
        "value": 0.4366,
        "label": "Interpolated anomaly intensity",
        "disclaimer": "Interpolated estimate \u2014 NOT a direct measurement",
        "data_provenance": "INFERRED"
      }
    },
    {
      "type": "Feature",
      "geometry": {
        "type": "Point",
        "coordinates": [
          74.01197435897437,
          14.984846153846155
        ]
      },
      "properties": {
        "layer": "interpolated_heatmap",
        "value": 0.4366,
        "label": "Interpolated anomaly intensity",
        "disclaimer": "Interpolated estimate \u2014 NOT a direct measurement",
        "data_provenance": "INFERRED"
      }
    },
    {
      "type": "Feature",
      "geometry": {
        "type": "Point",
        "coordinates": [
          74.01197435897437,
          14.985153846153846
        ]
      },
      "properties": {
        "layer": "interpolated_heatmap",
        "value": 0.4367,
        "label": "Interpolated anomaly intensity",
        "disclaimer": "Interpolated estimate \u2014 NOT a direct measurement",
        "data_provenance": "INFERRED"
      }
    },
    {
      "type": "Feature",
      "geometry": {
        "type": "Point",
        "coordinates": [
          74.01197435897437,
          14.98546153846154
        ]
      },
      "properties": {
        "layer": "interpolated_heatmap",
        "value": 0.4367,
        "label": "Interpolated anomaly intensity",
        "disclaimer": "Interpolated estimate \u2014 NOT a direct measurement",
        "data_provenance": "INFERRED"
      }
    },
    {
      "type": "Feature",
      "geometry": {
        "type": "Point",
        "coordinates": [
          74.01197435897437,
          14.98576923076923
        ]
      },
      "properties": {
        "layer": "interpolated_heatmap",
        "value": 0.4367,
        "label": "Interpolated anomaly intensity",
        "disclaimer": "Interpolated estimate \u2014 NOT a direct measurement",
        "data_provenance": "INFERRED"
      }
    },
    {
      "type": "Feature",
      "geometry": {
        "type": "Point",
        "coordinates": [
          74.01197435897437,
          14.986076923076924
        ]
      },
      "properties": {
        "layer": "interpolated_heatmap",
        "value": 0.4368,
        "label": "Interpolated anomaly intensity",
        "disclaimer": "Interpolated estimate \u2014 NOT a direct measurement",
        "data_provenance": "INFERRED"
      }
    },
    {
      "type": "Feature",
      "geometry": {
        "type": "Point",
        "coordinates": [
          74.01197435897437,
          14.986384615384615
        ]
      },
      "properties": {
        "layer": "interpolated_heatmap",
        "value": 0.4368,
        "label": "Interpolated anomaly intensity",
        "disclaimer": "Interpolated estimate \u2014 NOT a direct measurement",
        "data_provenance": "INFERRED"
      }
    },
    {
      "type": "Feature",
      "geometry": {
        "type": "Point",
        "coordinates": [
          74.01197435897437,
          14.986692307692309
        ]
      },
      "properties": {
        "layer": "interpolated_heatmap",
        "value": 0.4368,
        "label": "Interpolated anomaly intensity",
        "disclaimer": "Interpolated estimate \u2014 NOT a direct measurement",
        "data_provenance": "INFERRED"
      }
    },
    {
      "type": "Feature",
      "geometry": {
        "type": "Point",
        "coordinates": [
          74.01197435897437,
          14.987
        ]
      },
      "properties": {
        "layer": "interpolated_heatmap",
        "value": 0.4368,
        "label": "Interpolated anomaly intensity",
        "disclaimer": "Interpolated estimate \u2014 NOT a direct measurement",
        "data_provenance": "INFERRED"
      }
    },
    {
      "type": "Feature",
      "geometry": {
        "type": "Point",
        "coordinates": [
          74.01238461538462,
          14.975
        ]
      },
      "properties": {
        "layer": "interpolated_heatmap",
        "value": 0.4385,
        "label": "Interpolated anomaly intensity",
        "disclaimer": "Interpolated estimate \u2014 NOT a direct measurement",
        "data_provenance": "INFERRED"
      }
    },
    {
      "type": "Feature",
      "geometry": {
        "type": "Point",
        "coordinates": [
          74.01238461538462,
          14.975307692307691
        ]
      },
      "properties": {
        "layer": "interpolated_heatmap",
        "value": 0.4386,
        "label": "Interpolated anomaly intensity",
        "disclaimer": "Interpolated estimate \u2014 NOT a direct measurement",
        "data_provenance": "INFERRED"
      }
    },
    {
      "type": "Feature",
      "geometry": {
        "type": "Point",
        "coordinates": [
          74.01238461538462,
          14.975615384615384
        ]
      },
      "properties": {
        "layer": "interpolated_heatmap",
        "value": 0.4386,
        "label": "Interpolated anomaly intensity",
        "disclaimer": "Interpolated estimate \u2014 NOT a direct measurement",
        "data_provenance": "INFERRED"
      }
    },
    {
      "type": "Feature",
      "geometry": {
        "type": "Point",
        "coordinates": [
          74.01238461538462,
          14.975923076923076
        ]
      },
      "properties": {
        "layer": "interpolated_heatmap",
        "value": 0.4387,
        "label": "Interpolated anomaly intensity",
        "disclaimer": "Interpolated estimate \u2014 NOT a direct measurement",
        "data_provenance": "INFERRED"
      }
    },
    {
      "type": "Feature",
      "geometry": {
        "type": "Point",
        "coordinates": [
          74.01238461538462,
          14.976230769230769
        ]
      },
      "properties": {
        "layer": "interpolated_heatmap",
        "value": 0.4387,
        "label": "Interpolated anomaly intensity",
        "disclaimer": "Interpolated estimate \u2014 NOT a direct measurement",
        "data_provenance": "INFERRED"
      }
    },
    {
      "type": "Feature",
      "geometry": {
        "type": "Point",
        "coordinates": [
          74.01238461538462,
          14.97653846153846
        ]
      },
      "properties": {
        "layer": "interpolated_heatmap",
        "value": 0.4388,
        "label": "Interpolated anomaly intensity",
        "disclaimer": "Interpolated estimate \u2014 NOT a direct measurement",
        "data_provenance": "INFERRED"
      }
    },
    {
      "type": "Feature",
      "geometry": {
        "type": "Point",
        "coordinates": [
          74.01238461538462,
          14.976846153846154
        ]
      },
      "properties": {
        "layer": "interpolated_heatmap",
        "value": 0.4388,
        "label": "Interpolated anomaly intensity",
        "disclaimer": "Interpolated estimate \u2014 NOT a direct measurement",
        "data_provenance": "INFERRED"
      }
    },
    {
      "type": "Feature",
      "geometry": {
        "type": "Point",
        "coordinates": [
          74.01238461538462,
          14.977153846153845
        ]
      },
      "properties": {
        "layer": "interpolated_heatmap",
        "value": 0.4389,
        "label": "Interpolated anomaly intensity",
        "disclaimer": "Interpolated estimate \u2014 NOT a direct measurement",
        "data_provenance": "INFERRED"
      }
    },
    {
      "type": "Feature",
      "geometry": {
        "type": "Point",
        "coordinates": [
          74.01238461538462,
          14.977461538461538
        ]
      },
      "properties": {
        "layer": "interpolated_heatmap",
        "value": 0.4389,
        "label": "Interpolated anomaly intensity",
        "disclaimer": "Interpolated estimate \u2014 NOT a direct measurement",
        "data_provenance": "INFERRED"
      }
    },
    {
      "type": "Feature",
      "geometry": {
        "type": "Point",
        "coordinates": [
          74.01238461538462,
          14.97776923076923
        ]
      },
      "properties": {
        "layer": "interpolated_heatmap",
        "value": 0.4389,
        "label": "Interpolated anomaly intensity",
        "disclaimer": "Interpolated estimate \u2014 NOT a direct measurement",
        "data_provenance": "INFERRED"
      }
    },
    {
      "type": "Feature",
      "geometry": {
        "type": "Point",
        "coordinates": [
          74.01238461538462,
          14.978076923076923
        ]
      },
      "properties": {
        "layer": "interpolated_heatmap",
        "value": 0.439,
        "label": "Interpolated anomaly intensity",
        "disclaimer": "Interpolated estimate \u2014 NOT a direct measurement",
        "data_provenance": "INFERRED"
      }
    },
    {
      "type": "Feature",
      "geometry": {
        "type": "Point",
        "coordinates": [
          74.01238461538462,
          14.978384615384615
        ]
      },
      "properties": {
        "layer": "interpolated_heatmap",
        "value": 0.439,
        "label": "Interpolated anomaly intensity",
        "disclaimer": "Interpolated estimate \u2014 NOT a direct measurement",
        "data_provenance": "INFERRED"
      }
    },
    {
      "type": "Feature",
      "geometry": {
        "type": "Point",
        "coordinates": [
          74.01238461538462,
          14.978692307692308
        ]
      },
      "properties": {
        "layer": "interpolated_heatmap",
        "value": 0.4389,
        "label": "Interpolated anomaly intensity",
        "disclaimer": "Interpolated estimate \u2014 NOT a direct measurement",
        "data_provenance": "INFERRED"
      }
    },
    {
      "type": "Feature",
      "geometry": {
        "type": "Point",
        "coordinates": [
          74.01238461538462,
          14.979
        ]
      },
      "properties": {
        "layer": "interpolated_heatmap",
        "value": 0.4388,
        "label": "Interpolated anomaly intensity",
        "disclaimer": "Interpolated estimate \u2014 NOT a direct measurement",
        "data_provenance": "INFERRED"
      }
    },
    {
      "type": "Feature",
      "geometry": {
        "type": "Point",
        "coordinates": [
          74.01238461538462,
          14.979307692307692
        ]
      },
      "properties": {
        "layer": "interpolated_heatmap",
        "value": 0.4387,
        "label": "Interpolated anomaly intensity",
        "disclaimer": "Interpolated estimate \u2014 NOT a direct measurement",
        "data_provenance": "INFERRED"
      }
    },
    {
      "type": "Feature",
      "geometry": {
        "type": "Point",
        "coordinates": [
          74.01238461538462,
          14.979615384615384
        ]
      },
      "properties": {
        "layer": "interpolated_heatmap",
        "value": 0.4385,
        "label": "Interpolated anomaly intensity",
        "disclaimer": "Interpolated estimate \u2014 NOT a direct measurement",
        "data_provenance": "INFERRED"
      }
    },
    {
      "type": "Feature",
      "geometry": {
        "type": "Point",
        "coordinates": [
          74.01238461538462,
          14.979923076923077
        ]
      },
      "properties": {
        "layer": "interpolated_heatmap",
        "value": 0.4381,
        "label": "Interpolated anomaly intensity",
        "disclaimer": "Interpolated estimate \u2014 NOT a direct measurement",
        "data_provenance": "INFERRED"
      }
    },
    {
      "type": "Feature",
      "geometry": {
        "type": "Point",
        "coordinates": [
          74.01238461538462,
          14.980230769230769
        ]
      },
      "properties": {
        "layer": "interpolated_heatmap",
        "value": 0.4378,
        "label": "Interpolated anomaly intensity",
        "disclaimer": "Interpolated estimate \u2014 NOT a direct measurement",
        "data_provenance": "INFERRED"
      }
    },
    {
      "type": "Feature",
      "geometry": {
        "type": "Point",
        "coordinates": [
          74.01238461538462,
          14.980538461538462
        ]
      },
      "properties": {
        "layer": "interpolated_heatmap",
        "value": 0.4373,
        "label": "Interpolated anomaly intensity",
        "disclaimer": "Interpolated estimate \u2014 NOT a direct measurement",
        "data_provenance": "INFERRED"
      }
    },
    {
      "type": "Feature",
      "geometry": {
        "type": "Point",
        "coordinates": [
          74.01238461538462,
          14.980846153846153
        ]
      },
      "properties": {
        "layer": "interpolated_heatmap",
        "value": 0.4369,
        "label": "Interpolated anomaly intensity",
        "disclaimer": "Interpolated estimate \u2014 NOT a direct measurement",
        "data_provenance": "INFERRED"
      }
    },
    {
      "type": "Feature",
      "geometry": {
        "type": "Point",
        "coordinates": [
          74.01238461538462,
          14.981153846153846
        ]
      },
      "properties": {
        "layer": "interpolated_heatmap",
        "value": 0.4365,
        "label": "Interpolated anomaly intensity",
        "disclaimer": "Interpolated estimate \u2014 NOT a direct measurement",
        "data_provenance": "INFERRED"
      }
    },
    {
      "type": "Feature",
      "geometry": {
        "type": "Point",
        "coordinates": [
          74.01238461538462,
          14.981461538461538
        ]
      },
      "properties": {
        "layer": "interpolated_heatmap",
        "value": 0.4361,
        "label": "Interpolated anomaly intensity",
        "disclaimer": "Interpolated estimate \u2014 NOT a direct measurement",
        "data_provenance": "INFERRED"
      }
    },
    {
      "type": "Feature",
      "geometry": {
        "type": "Point",
        "coordinates": [
          74.01238461538462,
          14.981769230769231
        ]
      },
      "properties": {
        "layer": "interpolated_heatmap",
        "value": 0.4359,
        "label": "Interpolated anomaly intensity",
        "disclaimer": "Interpolated estimate \u2014 NOT a direct measurement",
        "data_provenance": "INFERRED"
      }
    },
    {
      "type": "Feature",
      "geometry": {
        "type": "Point",
        "coordinates": [
          74.01238461538462,
          14.982076923076923
        ]
      },
      "properties": {
        "layer": "interpolated_heatmap",
        "value": 0.4358,
        "label": "Interpolated anomaly intensity",
        "disclaimer": "Interpolated estimate \u2014 NOT a direct measurement",
        "data_provenance": "INFERRED"
      }
    },
    {
      "type": "Feature",
      "geometry": {
        "type": "Point",
        "coordinates": [
          74.01238461538462,
          14.982384615384616
        ]
      },
      "properties": {
        "layer": "interpolated_heatmap",
        "value": 0.4358,
        "label": "Interpolated anomaly intensity",
        "disclaimer": "Interpolated estimate \u2014 NOT a direct measurement",
        "data_provenance": "INFERRED"
      }
    },
    {
      "type": "Feature",
      "geometry": {
        "type": "Point",
        "coordinates": [
          74.01238461538462,
          14.982692307692307
        ]
      },
      "properties": {
        "layer": "interpolated_heatmap",
        "value": 0.4359,
        "label": "Interpolated anomaly intensity",
        "disclaimer": "Interpolated estimate \u2014 NOT a direct measurement",
        "data_provenance": "INFERRED"
      }
    },
    {
      "type": "Feature",
      "geometry": {
        "type": "Point",
        "coordinates": [
          74.01238461538462,
          14.983
        ]
      },
      "properties": {
        "layer": "interpolated_heatmap",
        "value": 0.4359,
        "label": "Interpolated anomaly intensity",
        "disclaimer": "Interpolated estimate \u2014 NOT a direct measurement",
        "data_provenance": "INFERRED"
      }
    },
    {
      "type": "Feature",
      "geometry": {
        "type": "Point",
        "coordinates": [
          74.01238461538462,
          14.983307692307692
        ]
      },
      "properties": {
        "layer": "interpolated_heatmap",
        "value": 0.436,
        "label": "Interpolated anomaly intensity",
        "disclaimer": "Interpolated estimate \u2014 NOT a direct measurement",
        "data_provenance": "INFERRED"
      }
    },
    {
      "type": "Feature",
      "geometry": {
        "type": "Point",
        "coordinates": [
          74.01238461538462,
          14.983615384615385
        ]
      },
      "properties": {
        "layer": "interpolated_heatmap",
        "value": 0.4361,
        "label": "Interpolated anomaly intensity",
        "disclaimer": "Interpolated estimate \u2014 NOT a direct measurement",
        "data_provenance": "INFERRED"
      }
    },
    {
      "type": "Feature",
      "geometry": {
        "type": "Point",
        "coordinates": [
          74.01238461538462,
          14.983923076923077
        ]
      },
      "properties": {
        "layer": "interpolated_heatmap",
        "value": 0.4362,
        "label": "Interpolated anomaly intensity",
        "disclaimer": "Interpolated estimate \u2014 NOT a direct measurement",
        "data_provenance": "INFERRED"
      }
    },
    {
      "type": "Feature",
      "geometry": {
        "type": "Point",
        "coordinates": [
          74.01238461538462,
          14.98423076923077
        ]
      },
      "properties": {
        "layer": "interpolated_heatmap",
        "value": 0.4362,
        "label": "Interpolated anomaly intensity",
        "disclaimer": "Interpolated estimate \u2014 NOT a direct measurement",
        "data_provenance": "INFERRED"
      }
    },
    {
      "type": "Feature",
      "geometry": {
        "type": "Point",
        "coordinates": [
          74.01238461538462,
          14.984538461538461
        ]
      },
      "properties": {
        "layer": "interpolated_heatmap",
        "value": 0.4363,
        "label": "Interpolated anomaly intensity",
        "disclaimer": "Interpolated estimate \u2014 NOT a direct measurement",
        "data_provenance": "INFERRED"
      }
    },
    {
      "type": "Feature",
      "geometry": {
        "type": "Point",
        "coordinates": [
          74.01238461538462,
          14.984846153846155
        ]
      },
      "properties": {
        "layer": "interpolated_heatmap",
        "value": 0.4364,
        "label": "Interpolated anomaly intensity",
        "disclaimer": "Interpolated estimate \u2014 NOT a direct measurement",
        "data_provenance": "INFERRED"
      }
    },
    {
      "type": "Feature",
      "geometry": {
        "type": "Point",
        "coordinates": [
          74.01238461538462,
          14.985153846153846
        ]
      },
      "properties": {
        "layer": "interpolated_heatmap",
        "value": 0.4364,
        "label": "Interpolated anomaly intensity",
        "disclaimer": "Interpolated estimate \u2014 NOT a direct measurement",
        "data_provenance": "INFERRED"
      }
    },
    {
      "type": "Feature",
      "geometry": {
        "type": "Point",
        "coordinates": [
          74.01238461538462,
          14.98546153846154
        ]
      },
      "properties": {
        "layer": "interpolated_heatmap",
        "value": 0.4365,
        "label": "Interpolated anomaly intensity",
        "disclaimer": "Interpolated estimate \u2014 NOT a direct measurement",
        "data_provenance": "INFERRED"
      }
    },
    {
      "type": "Feature",
      "geometry": {
        "type": "Point",
        "coordinates": [
          74.01238461538462,
          14.98576923076923
        ]
      },
      "properties": {
        "layer": "interpolated_heatmap",
        "value": 0.4365,
        "label": "Interpolated anomaly intensity",
        "disclaimer": "Interpolated estimate \u2014 NOT a direct measurement",
        "data_provenance": "INFERRED"
      }
    },
    {
      "type": "Feature",
      "geometry": {
        "type": "Point",
        "coordinates": [
          74.01238461538462,
          14.986076923076924
        ]
      },
      "properties": {
        "layer": "interpolated_heatmap",
        "value": 0.4366,
        "label": "Interpolated anomaly intensity",
        "disclaimer": "Interpolated estimate \u2014 NOT a direct measurement",
        "data_provenance": "INFERRED"
      }
    },
    {
      "type": "Feature",
      "geometry": {
        "type": "Point",
        "coordinates": [
          74.01238461538462,
          14.986384615384615
        ]
      },
      "properties": {
        "layer": "interpolated_heatmap",
        "value": 0.4366,
        "label": "Interpolated anomaly intensity",
        "disclaimer": "Interpolated estimate \u2014 NOT a direct measurement",
        "data_provenance": "INFERRED"
      }
    },
    {
      "type": "Feature",
      "geometry": {
        "type": "Point",
        "coordinates": [
          74.01238461538462,
          14.986692307692309
        ]
      },
      "properties": {
        "layer": "interpolated_heatmap",
        "value": 0.4367,
        "label": "Interpolated anomaly intensity",
        "disclaimer": "Interpolated estimate \u2014 NOT a direct measurement",
        "data_provenance": "INFERRED"
      }
    },
    {
      "type": "Feature",
      "geometry": {
        "type": "Point",
        "coordinates": [
          74.01238461538462,
          14.987
        ]
      },
      "properties": {
        "layer": "interpolated_heatmap",
        "value": 0.4367,
        "label": "Interpolated anomaly intensity",
        "disclaimer": "Interpolated estimate \u2014 NOT a direct measurement",
        "data_provenance": "INFERRED"
      }
    },
    {
      "type": "Feature",
      "geometry": {
        "type": "Point",
        "coordinates": [
          74.01279487179488,
          14.975
        ]
      },
      "properties": {
        "layer": "interpolated_heatmap",
        "value": 0.4383,
        "label": "Interpolated anomaly intensity",
        "disclaimer": "Interpolated estimate \u2014 NOT a direct measurement",
        "data_provenance": "INFERRED"
      }
    },
    {
      "type": "Feature",
      "geometry": {
        "type": "Point",
        "coordinates": [
          74.01279487179488,
          14.975307692307691
        ]
      },
      "properties": {
        "layer": "interpolated_heatmap",
        "value": 0.4383,
        "label": "Interpolated anomaly intensity",
        "disclaimer": "Interpolated estimate \u2014 NOT a direct measurement",
        "data_provenance": "INFERRED"
      }
    },
    {
      "type": "Feature",
      "geometry": {
        "type": "Point",
        "coordinates": [
          74.01279487179488,
          14.975615384615384
        ]
      },
      "properties": {
        "layer": "interpolated_heatmap",
        "value": 0.4383,
        "label": "Interpolated anomaly intensity",
        "disclaimer": "Interpolated estimate \u2014 NOT a direct measurement",
        "data_provenance": "INFERRED"
      }
    },
    {
      "type": "Feature",
      "geometry": {
        "type": "Point",
        "coordinates": [
          74.01279487179488,
          14.975923076923076
        ]
      },
      "properties": {
        "layer": "interpolated_heatmap",
        "value": 0.4383,
        "label": "Interpolated anomaly intensity",
        "disclaimer": "Interpolated estimate \u2014 NOT a direct measurement",
        "data_provenance": "INFERRED"
      }
    },
    {
      "type": "Feature",
      "geometry": {
        "type": "Point",
        "coordinates": [
          74.01279487179488,
          14.976230769230769
        ]
      },
      "properties": {
        "layer": "interpolated_heatmap",
        "value": 0.4383,
        "label": "Interpolated anomaly intensity",
        "disclaimer": "Interpolated estimate \u2014 NOT a direct measurement",
        "data_provenance": "INFERRED"
      }
    },
    {
      "type": "Feature",
      "geometry": {
        "type": "Point",
        "coordinates": [
          74.01279487179488,
          14.97653846153846
        ]
      },
      "properties": {
        "layer": "interpolated_heatmap",
        "value": 0.4383,
        "label": "Interpolated anomaly intensity",
        "disclaimer": "Interpolated estimate \u2014 NOT a direct measurement",
        "data_provenance": "INFERRED"
      }
    },
    {
      "type": "Feature",
      "geometry": {
        "type": "Point",
        "coordinates": [
          74.01279487179488,
          14.976846153846154
        ]
      },
      "properties": {
        "layer": "interpolated_heatmap",
        "value": 0.4384,
        "label": "Interpolated anomaly intensity",
        "disclaimer": "Interpolated estimate \u2014 NOT a direct measurement",
        "data_provenance": "INFERRED"
      }
    },
    {
      "type": "Feature",
      "geometry": {
        "type": "Point",
        "coordinates": [
          74.01279487179488,
          14.977153846153845
        ]
      },
      "properties": {
        "layer": "interpolated_heatmap",
        "value": 0.4384,
        "label": "Interpolated anomaly intensity",
        "disclaimer": "Interpolated estimate \u2014 NOT a direct measurement",
        "data_provenance": "INFERRED"
      }
    },
    {
      "type": "Feature",
      "geometry": {
        "type": "Point",
        "coordinates": [
          74.01279487179488,
          14.977461538461538
        ]
      },
      "properties": {
        "layer": "interpolated_heatmap",
        "value": 0.4383,
        "label": "Interpolated anomaly intensity",
        "disclaimer": "Interpolated estimate \u2014 NOT a direct measurement",
        "data_provenance": "INFERRED"
      }
    },
    {
      "type": "Feature",
      "geometry": {
        "type": "Point",
        "coordinates": [
          74.01279487179488,
          14.97776923076923
        ]
      },
      "properties": {
        "layer": "interpolated_heatmap",
        "value": 0.4383,
        "label": "Interpolated anomaly intensity",
        "disclaimer": "Interpolated estimate \u2014 NOT a direct measurement",
        "data_provenance": "INFERRED"
      }
    },
    {
      "type": "Feature",
      "geometry": {
        "type": "Point",
        "coordinates": [
          74.01279487179488,
          14.978076923076923
        ]
      },
      "properties": {
        "layer": "interpolated_heatmap",
        "value": 0.4383,
        "label": "Interpolated anomaly intensity",
        "disclaimer": "Interpolated estimate \u2014 NOT a direct measurement",
        "data_provenance": "INFERRED"
      }
    },
    {
      "type": "Feature",
      "geometry": {
        "type": "Point",
        "coordinates": [
          74.01279487179488,
          14.978384615384615
        ]
      },
      "properties": {
        "layer": "interpolated_heatmap",
        "value": 0.4382,
        "label": "Interpolated anomaly intensity",
        "disclaimer": "Interpolated estimate \u2014 NOT a direct measurement",
        "data_provenance": "INFERRED"
      }
    },
    {
      "type": "Feature",
      "geometry": {
        "type": "Point",
        "coordinates": [
          74.01279487179488,
          14.978692307692308
        ]
      },
      "properties": {
        "layer": "interpolated_heatmap",
        "value": 0.4381,
        "label": "Interpolated anomaly intensity",
        "disclaimer": "Interpolated estimate \u2014 NOT a direct measurement",
        "data_provenance": "INFERRED"
      }
    },
    {
      "type": "Feature",
      "geometry": {
        "type": "Point",
        "coordinates": [
          74.01279487179488,
          14.979
        ]
      },
      "properties": {
        "layer": "interpolated_heatmap",
        "value": 0.438,
        "label": "Interpolated anomaly intensity",
        "disclaimer": "Interpolated estimate \u2014 NOT a direct measurement",
        "data_provenance": "INFERRED"
      }
    },
    {
      "type": "Feature",
      "geometry": {
        "type": "Point",
        "coordinates": [
          74.01279487179488,
          14.979307692307692
        ]
      },
      "properties": {
        "layer": "interpolated_heatmap",
        "value": 0.4378,
        "label": "Interpolated anomaly intensity",
        "disclaimer": "Interpolated estimate \u2014 NOT a direct measurement",
        "data_provenance": "INFERRED"
      }
    },
    {
      "type": "Feature",
      "geometry": {
        "type": "Point",
        "coordinates": [
          74.01279487179488,
          14.979615384615384
        ]
      },
      "properties": {
        "layer": "interpolated_heatmap",
        "value": 0.4375,
        "label": "Interpolated anomaly intensity",
        "disclaimer": "Interpolated estimate \u2014 NOT a direct measurement",
        "data_provenance": "INFERRED"
      }
    },
    {
      "type": "Feature",
      "geometry": {
        "type": "Point",
        "coordinates": [
          74.01279487179488,
          14.979923076923077
        ]
      },
      "properties": {
        "layer": "interpolated_heatmap",
        "value": 0.4372,
        "label": "Interpolated anomaly intensity",
        "disclaimer": "Interpolated estimate \u2014 NOT a direct measurement",
        "data_provenance": "INFERRED"
      }
    },
    {
      "type": "Feature",
      "geometry": {
        "type": "Point",
        "coordinates": [
          74.01279487179488,
          14.980230769230769
        ]
      },
      "properties": {
        "layer": "interpolated_heatmap",
        "value": 0.4368,
        "label": "Interpolated anomaly intensity",
        "disclaimer": "Interpolated estimate \u2014 NOT a direct measurement",
        "data_provenance": "INFERRED"
      }
    },
    {
      "type": "Feature",
      "geometry": {
        "type": "Point",
        "coordinates": [
          74.01279487179488,
          14.980538461538462
        ]
      },
      "properties": {
        "layer": "interpolated_heatmap",
        "value": 0.4365,
        "label": "Interpolated anomaly intensity",
        "disclaimer": "Interpolated estimate \u2014 NOT a direct measurement",
        "data_provenance": "INFERRED"
      }
    },
    {
      "type": "Feature",
      "geometry": {
        "type": "Point",
        "coordinates": [
          74.01279487179488,
          14.980846153846153
        ]
      },
      "properties": {
        "layer": "interpolated_heatmap",
        "value": 0.4361,
        "label": "Interpolated anomaly intensity",
        "disclaimer": "Interpolated estimate \u2014 NOT a direct measurement",
        "data_provenance": "INFERRED"
      }
    },
    {
      "type": "Feature",
      "geometry": {
        "type": "Point",
        "coordinates": [
          74.01279487179488,
          14.981153846153846
        ]
      },
      "properties": {
        "layer": "interpolated_heatmap",
        "value": 0.4358,
        "label": "Interpolated anomaly intensity",
        "disclaimer": "Interpolated estimate \u2014 NOT a direct measurement",
        "data_provenance": "INFERRED"
      }
    },
    {
      "type": "Feature",
      "geometry": {
        "type": "Point",
        "coordinates": [
          74.01279487179488,
          14.981461538461538
        ]
      },
      "properties": {
        "layer": "interpolated_heatmap",
        "value": 0.4356,
        "label": "Interpolated anomaly intensity",
        "disclaimer": "Interpolated estimate \u2014 NOT a direct measurement",
        "data_provenance": "INFERRED"
      }
    },
    {
      "type": "Feature",
      "geometry": {
        "type": "Point",
        "coordinates": [
          74.01279487179488,
          14.981769230769231
        ]
      },
      "properties": {
        "layer": "interpolated_heatmap",
        "value": 0.4355,
        "label": "Interpolated anomaly intensity",
        "disclaimer": "Interpolated estimate \u2014 NOT a direct measurement",
        "data_provenance": "INFERRED"
      }
    },
    {
      "type": "Feature",
      "geometry": {
        "type": "Point",
        "coordinates": [
          74.01279487179488,
          14.982076923076923
        ]
      },
      "properties": {
        "layer": "interpolated_heatmap",
        "value": 0.4355,
        "label": "Interpolated anomaly intensity",
        "disclaimer": "Interpolated estimate \u2014 NOT a direct measurement",
        "data_provenance": "INFERRED"
      }
    },
    {
      "type": "Feature",
      "geometry": {
        "type": "Point",
        "coordinates": [
          74.01279487179488,
          14.982384615384616
        ]
      },
      "properties": {
        "layer": "interpolated_heatmap",
        "value": 0.4355,
        "label": "Interpolated anomaly intensity",
        "disclaimer": "Interpolated estimate \u2014 NOT a direct measurement",
        "data_provenance": "INFERRED"
      }
    },
    {
      "type": "Feature",
      "geometry": {
        "type": "Point",
        "coordinates": [
          74.01279487179488,
          14.982692307692307
        ]
      },
      "properties": {
        "layer": "interpolated_heatmap",
        "value": 0.4355,
        "label": "Interpolated anomaly intensity",
        "disclaimer": "Interpolated estimate \u2014 NOT a direct measurement",
        "data_provenance": "INFERRED"
      }
    },
    {
      "type": "Feature",
      "geometry": {
        "type": "Point",
        "coordinates": [
          74.01279487179488,
          14.983
        ]
      },
      "properties": {
        "layer": "interpolated_heatmap",
        "value": 0.4356,
        "label": "Interpolated anomaly intensity",
        "disclaimer": "Interpolated estimate \u2014 NOT a direct measurement",
        "data_provenance": "INFERRED"
      }
    },
    {
      "type": "Feature",
      "geometry": {
        "type": "Point",
        "coordinates": [
          74.01279487179488,
          14.983307692307692
        ]
      },
      "properties": {
        "layer": "interpolated_heatmap",
        "value": 0.4357,
        "label": "Interpolated anomaly intensity",
        "disclaimer": "Interpolated estimate \u2014 NOT a direct measurement",
        "data_provenance": "INFERRED"
      }
    },
    {
      "type": "Feature",
      "geometry": {
        "type": "Point",
        "coordinates": [
          74.01279487179488,
          14.983615384615385
        ]
      },
      "properties": {
        "layer": "interpolated_heatmap",
        "value": 0.4358,
        "label": "Interpolated anomaly intensity",
        "disclaimer": "Interpolated estimate \u2014 NOT a direct measurement",
        "data_provenance": "INFERRED"
      }
    },
    {
      "type": "Feature",
      "geometry": {
        "type": "Point",
        "coordinates": [
          74.01279487179488,
          14.983923076923077
        ]
      },
      "properties": {
        "layer": "interpolated_heatmap",
        "value": 0.4359,
        "label": "Interpolated anomaly intensity",
        "disclaimer": "Interpolated estimate \u2014 NOT a direct measurement",
        "data_provenance": "INFERRED"
      }
    },
    {
      "type": "Feature",
      "geometry": {
        "type": "Point",
        "coordinates": [
          74.01279487179488,
          14.98423076923077
        ]
      },
      "properties": {
        "layer": "interpolated_heatmap",
        "value": 0.436,
        "label": "Interpolated anomaly intensity",
        "disclaimer": "Interpolated estimate \u2014 NOT a direct measurement",
        "data_provenance": "INFERRED"
      }
    },
    {
      "type": "Feature",
      "geometry": {
        "type": "Point",
        "coordinates": [
          74.01279487179488,
          14.984538461538461
        ]
      },
      "properties": {
        "layer": "interpolated_heatmap",
        "value": 0.4361,
        "label": "Interpolated anomaly intensity",
        "disclaimer": "Interpolated estimate \u2014 NOT a direct measurement",
        "data_provenance": "INFERRED"
      }
    },
    {
      "type": "Feature",
      "geometry": {
        "type": "Point",
        "coordinates": [
          74.01279487179488,
          14.984846153846155
        ]
      },
      "properties": {
        "layer": "interpolated_heatmap",
        "value": 0.4362,
        "label": "Interpolated anomaly intensity",
        "disclaimer": "Interpolated estimate \u2014 NOT a direct measurement",
        "data_provenance": "INFERRED"
      }
    },
    {
      "type": "Feature",
      "geometry": {
        "type": "Point",
        "coordinates": [
          74.01279487179488,
          14.985153846153846
        ]
      },
      "properties": {
        "layer": "interpolated_heatmap",
        "value": 0.4362,
        "label": "Interpolated anomaly intensity",
        "disclaimer": "Interpolated estimate \u2014 NOT a direct measurement",
        "data_provenance": "INFERRED"
      }
    },
    {
      "type": "Feature",
      "geometry": {
        "type": "Point",
        "coordinates": [
          74.01279487179488,
          14.98546153846154
        ]
      },
      "properties": {
        "layer": "interpolated_heatmap",
        "value": 0.4363,
        "label": "Interpolated anomaly intensity",
        "disclaimer": "Interpolated estimate \u2014 NOT a direct measurement",
        "data_provenance": "INFERRED"
      }
    },
    {
      "type": "Feature",
      "geometry": {
        "type": "Point",
        "coordinates": [
          74.01279487179488,
          14.98576923076923
        ]
      },
      "properties": {
        "layer": "interpolated_heatmap",
        "value": 0.4364,
        "label": "Interpolated anomaly intensity",
        "disclaimer": "Interpolated estimate \u2014 NOT a direct measurement",
        "data_provenance": "INFERRED"
      }
    },
    {
      "type": "Feature",
      "geometry": {
        "type": "Point",
        "coordinates": [
          74.01279487179488,
          14.986076923076924
        ]
      },
      "properties": {
        "layer": "interpolated_heatmap",
        "value": 0.4364,
        "label": "Interpolated anomaly intensity",
        "disclaimer": "Interpolated estimate \u2014 NOT a direct measurement",
        "data_provenance": "INFERRED"
      }
    },
    {
      "type": "Feature",
      "geometry": {
        "type": "Point",
        "coordinates": [
          74.01279487179488,
          14.986384615384615
        ]
      },
      "properties": {
        "layer": "interpolated_heatmap",
        "value": 0.4365,
        "label": "Interpolated anomaly intensity",
        "disclaimer": "Interpolated estimate \u2014 NOT a direct measurement",
        "data_provenance": "INFERRED"
      }
    },
    {
      "type": "Feature",
      "geometry": {
        "type": "Point",
        "coordinates": [
          74.01279487179488,
          14.986692307692309
        ]
      },
      "properties": {
        "layer": "interpolated_heatmap",
        "value": 0.4365,
        "label": "Interpolated anomaly intensity",
        "disclaimer": "Interpolated estimate \u2014 NOT a direct measurement",
        "data_provenance": "INFERRED"
      }
    },
    {
      "type": "Feature",
      "geometry": {
        "type": "Point",
        "coordinates": [
          74.01279487179488,
          14.987
        ]
      },
      "properties": {
        "layer": "interpolated_heatmap",
        "value": 0.4366,
        "label": "Interpolated anomaly intensity",
        "disclaimer": "Interpolated estimate \u2014 NOT a direct measurement",
        "data_provenance": "INFERRED"
      }
    },
    {
      "type": "Feature",
      "geometry": {
        "type": "Point",
        "coordinates": [
          74.01320512820513,
          14.975
        ]
      },
      "properties": {
        "layer": "interpolated_heatmap",
        "value": 0.438,
        "label": "Interpolated anomaly intensity",
        "disclaimer": "Interpolated estimate \u2014 NOT a direct measurement",
        "data_provenance": "INFERRED"
      }
    },
    {
      "type": "Feature",
      "geometry": {
        "type": "Point",
        "coordinates": [
          74.01320512820513,
          14.975307692307691
        ]
      },
      "properties": {
        "layer": "interpolated_heatmap",
        "value": 0.438,
        "label": "Interpolated anomaly intensity",
        "disclaimer": "Interpolated estimate \u2014 NOT a direct measurement",
        "data_provenance": "INFERRED"
      }
    },
    {
      "type": "Feature",
      "geometry": {
        "type": "Point",
        "coordinates": [
          74.01320512820513,
          14.975615384615384
        ]
      },
      "properties": {
        "layer": "interpolated_heatmap",
        "value": 0.438,
        "label": "Interpolated anomaly intensity",
        "disclaimer": "Interpolated estimate \u2014 NOT a direct measurement",
        "data_provenance": "INFERRED"
      }
    },
    {
      "type": "Feature",
      "geometry": {
        "type": "Point",
        "coordinates": [
          74.01320512820513,
          14.975923076923076
        ]
      },
      "properties": {
        "layer": "interpolated_heatmap",
        "value": 0.438,
        "label": "Interpolated anomaly intensity",
        "disclaimer": "Interpolated estimate \u2014 NOT a direct measurement",
        "data_provenance": "INFERRED"
      }
    },
    {
      "type": "Feature",
      "geometry": {
        "type": "Point",
        "coordinates": [
          74.01320512820513,
          14.976230769230769
        ]
      },
      "properties": {
        "layer": "interpolated_heatmap",
        "value": 0.4379,
        "label": "Interpolated anomaly intensity",
        "disclaimer": "Interpolated estimate \u2014 NOT a direct measurement",
        "data_provenance": "INFERRED"
      }
    },
    {
      "type": "Feature",
      "geometry": {
        "type": "Point",
        "coordinates": [
          74.01320512820513,
          14.97653846153846
        ]
      },
      "properties": {
        "layer": "interpolated_heatmap",
        "value": 0.4379,
        "label": "Interpolated anomaly intensity",
        "disclaimer": "Interpolated estimate \u2014 NOT a direct measurement",
        "data_provenance": "INFERRED"
      }
    },
    {
      "type": "Feature",
      "geometry": {
        "type": "Point",
        "coordinates": [
          74.01320512820513,
          14.976846153846154
        ]
      },
      "properties": {
        "layer": "interpolated_heatmap",
        "value": 0.4379,
        "label": "Interpolated anomaly intensity",
        "disclaimer": "Interpolated estimate \u2014 NOT a direct measurement",
        "data_provenance": "INFERRED"
      }
    },
    {
      "type": "Feature",
      "geometry": {
        "type": "Point",
        "coordinates": [
          74.01320512820513,
          14.977153846153845
        ]
      },
      "properties": {
        "layer": "interpolated_heatmap",
        "value": 0.4378,
        "label": "Interpolated anomaly intensity",
        "disclaimer": "Interpolated estimate \u2014 NOT a direct measurement",
        "data_provenance": "INFERRED"
      }
    },
    {
      "type": "Feature",
      "geometry": {
        "type": "Point",
        "coordinates": [
          74.01320512820513,
          14.977461538461538
        ]
      },
      "properties": {
        "layer": "interpolated_heatmap",
        "value": 0.4378,
        "label": "Interpolated anomaly intensity",
        "disclaimer": "Interpolated estimate \u2014 NOT a direct measurement",
        "data_provenance": "INFERRED"
      }
    },
    {
      "type": "Feature",
      "geometry": {
        "type": "Point",
        "coordinates": [
          74.01320512820513,
          14.97776923076923
        ]
      },
      "properties": {
        "layer": "interpolated_heatmap",
        "value": 0.4377,
        "label": "Interpolated anomaly intensity",
        "disclaimer": "Interpolated estimate \u2014 NOT a direct measurement",
        "data_provenance": "INFERRED"
      }
    },
    {
      "type": "Feature",
      "geometry": {
        "type": "Point",
        "coordinates": [
          74.01320512820513,
          14.978076923076923
        ]
      },
      "properties": {
        "layer": "interpolated_heatmap",
        "value": 0.4376,
        "label": "Interpolated anomaly intensity",
        "disclaimer": "Interpolated estimate \u2014 NOT a direct measurement",
        "data_provenance": "INFERRED"
      }
    },
    {
      "type": "Feature",
      "geometry": {
        "type": "Point",
        "coordinates": [
          74.01320512820513,
          14.978384615384615
        ]
      },
      "properties": {
        "layer": "interpolated_heatmap",
        "value": 0.4375,
        "label": "Interpolated anomaly intensity",
        "disclaimer": "Interpolated estimate \u2014 NOT a direct measurement",
        "data_provenance": "INFERRED"
      }
    },
    {
      "type": "Feature",
      "geometry": {
        "type": "Point",
        "coordinates": [
          74.01320512820513,
          14.978692307692308
        ]
      },
      "properties": {
        "layer": "interpolated_heatmap",
        "value": 0.4373,
        "label": "Interpolated anomaly intensity",
        "disclaimer": "Interpolated estimate \u2014 NOT a direct measurement",
        "data_provenance": "INFERRED"
      }
    },
    {
      "type": "Feature",
      "geometry": {
        "type": "Point",
        "coordinates": [
          74.01320512820513,
          14.979
        ]
      },
      "properties": {
        "layer": "interpolated_heatmap",
        "value": 0.4371,
        "label": "Interpolated anomaly intensity",
        "disclaimer": "Interpolated estimate \u2014 NOT a direct measurement",
        "data_provenance": "INFERRED"
      }
    },
    {
      "type": "Feature",
      "geometry": {
        "type": "Point",
        "coordinates": [
          74.01320512820513,
          14.979307692307692
        ]
      },
      "properties": {
        "layer": "interpolated_heatmap",
        "value": 0.4369,
        "label": "Interpolated anomaly intensity",
        "disclaimer": "Interpolated estimate \u2014 NOT a direct measurement",
        "data_provenance": "INFERRED"
      }
    },
    {
      "type": "Feature",
      "geometry": {
        "type": "Point",
        "coordinates": [
          74.01320512820513,
          14.979615384615384
        ]
      },
      "properties": {
        "layer": "interpolated_heatmap",
        "value": 0.4367,
        "label": "Interpolated anomaly intensity",
        "disclaimer": "Interpolated estimate \u2014 NOT a direct measurement",
        "data_provenance": "INFERRED"
      }
    },
    {
      "type": "Feature",
      "geometry": {
        "type": "Point",
        "coordinates": [
          74.01320512820513,
          14.979923076923077
        ]
      },
      "properties": {
        "layer": "interpolated_heatmap",
        "value": 0.4364,
        "label": "Interpolated anomaly intensity",
        "disclaimer": "Interpolated estimate \u2014 NOT a direct measurement",
        "data_provenance": "INFERRED"
      }
    },
    {
      "type": "Feature",
      "geometry": {
        "type": "Point",
        "coordinates": [
          74.01320512820513,
          14.980230769230769
        ]
      },
      "properties": {
        "layer": "interpolated_heatmap",
        "value": 0.4361,
        "label": "Interpolated anomaly intensity",
        "disclaimer": "Interpolated estimate \u2014 NOT a direct measurement",
        "data_provenance": "INFERRED"
      }
    },
    {
      "type": "Feature",
      "geometry": {
        "type": "Point",
        "coordinates": [
          74.01320512820513,
          14.980538461538462
        ]
      },
      "properties": {
        "layer": "interpolated_heatmap",
        "value": 0.4359,
        "label": "Interpolated anomaly intensity",
        "disclaimer": "Interpolated estimate \u2014 NOT a direct measurement",
        "data_provenance": "INFERRED"
      }
    },
    {
      "type": "Feature",
      "geometry": {
        "type": "Point",
        "coordinates": [
          74.01320512820513,
          14.980846153846153
        ]
      },
      "properties": {
        "layer": "interpolated_heatmap",
        "value": 0.4357,
        "label": "Interpolated anomaly intensity",
        "disclaimer": "Interpolated estimate \u2014 NOT a direct measurement",
        "data_provenance": "INFERRED"
      }
    },
    {
      "type": "Feature",
      "geometry": {
        "type": "Point",
        "coordinates": [
          74.01320512820513,
          14.981153846153846
        ]
      },
      "properties": {
        "layer": "interpolated_heatmap",
        "value": 0.4355,
        "label": "Interpolated anomaly intensity",
        "disclaimer": "Interpolated estimate \u2014 NOT a direct measurement",
        "data_provenance": "INFERRED"
      }
    },
    {
      "type": "Feature",
      "geometry": {
        "type": "Point",
        "coordinates": [
          74.01320512820513,
          14.981461538461538
        ]
      },
      "properties": {
        "layer": "interpolated_heatmap",
        "value": 0.4354,
        "label": "Interpolated anomaly intensity",
        "disclaimer": "Interpolated estimate \u2014 NOT a direct measurement",
        "data_provenance": "INFERRED"
      }
    },
    {
      "type": "Feature",
      "geometry": {
        "type": "Point",
        "coordinates": [
          74.01320512820513,
          14.981769230769231
        ]
      },
      "properties": {
        "layer": "interpolated_heatmap",
        "value": 0.4353,
        "label": "Interpolated anomaly intensity",
        "disclaimer": "Interpolated estimate \u2014 NOT a direct measurement",
        "data_provenance": "INFERRED"
      }
    },
    {
      "type": "Feature",
      "geometry": {
        "type": "Point",
        "coordinates": [
          74.01320512820513,
          14.982076923076923
        ]
      },
      "properties": {
        "layer": "interpolated_heatmap",
        "value": 0.4353,
        "label": "Interpolated anomaly intensity",
        "disclaimer": "Interpolated estimate \u2014 NOT a direct measurement",
        "data_provenance": "INFERRED"
      }
    },
    {
      "type": "Feature",
      "geometry": {
        "type": "Point",
        "coordinates": [
          74.01320512820513,
          14.982384615384616
        ]
      },
      "properties": {
        "layer": "interpolated_heatmap",
        "value": 0.4353,
        "label": "Interpolated anomaly intensity",
        "disclaimer": "Interpolated estimate \u2014 NOT a direct measurement",
        "data_provenance": "INFERRED"
      }
    },
    {
      "type": "Feature",
      "geometry": {
        "type": "Point",
        "coordinates": [
          74.01320512820513,
          14.982692307692307
        ]
      },
      "properties": {
        "layer": "interpolated_heatmap",
        "value": 0.4354,
        "label": "Interpolated anomaly intensity",
        "disclaimer": "Interpolated estimate \u2014 NOT a direct measurement",
        "data_provenance": "INFERRED"
      }
    },
    {
      "type": "Feature",
      "geometry": {
        "type": "Point",
        "coordinates": [
          74.01320512820513,
          14.983
        ]
      },
      "properties": {
        "layer": "interpolated_heatmap",
        "value": 0.4355,
        "label": "Interpolated anomaly intensity",
        "disclaimer": "Interpolated estimate \u2014 NOT a direct measurement",
        "data_provenance": "INFERRED"
      }
    },
    {
      "type": "Feature",
      "geometry": {
        "type": "Point",
        "coordinates": [
          74.01320512820513,
          14.983307692307692
        ]
      },
      "properties": {
        "layer": "interpolated_heatmap",
        "value": 0.4356,
        "label": "Interpolated anomaly intensity",
        "disclaimer": "Interpolated estimate \u2014 NOT a direct measurement",
        "data_provenance": "INFERRED"
      }
    },
    {
      "type": "Feature",
      "geometry": {
        "type": "Point",
        "coordinates": [
          74.01320512820513,
          14.983615384615385
        ]
      },
      "properties": {
        "layer": "interpolated_heatmap",
        "value": 0.4357,
        "label": "Interpolated anomaly intensity",
        "disclaimer": "Interpolated estimate \u2014 NOT a direct measurement",
        "data_provenance": "INFERRED"
      }
    },
    {
      "type": "Feature",
      "geometry": {
        "type": "Point",
        "coordinates": [
          74.01320512820513,
          14.983923076923077
        ]
      },
      "properties": {
        "layer": "interpolated_heatmap",
        "value": 0.4357,
        "label": "Interpolated anomaly intensity",
        "disclaimer": "Interpolated estimate \u2014 NOT a direct measurement",
        "data_provenance": "INFERRED"
      }
    },
    {
      "type": "Feature",
      "geometry": {
        "type": "Point",
        "coordinates": [
          74.01320512820513,
          14.98423076923077
        ]
      },
      "properties": {
        "layer": "interpolated_heatmap",
        "value": 0.4358,
        "label": "Interpolated anomaly intensity",
        "disclaimer": "Interpolated estimate \u2014 NOT a direct measurement",
        "data_provenance": "INFERRED"
      }
    },
    {
      "type": "Feature",
      "geometry": {
        "type": "Point",
        "coordinates": [
          74.01320512820513,
          14.984538461538461
        ]
      },
      "properties": {
        "layer": "interpolated_heatmap",
        "value": 0.4359,
        "label": "Interpolated anomaly intensity",
        "disclaimer": "Interpolated estimate \u2014 NOT a direct measurement",
        "data_provenance": "INFERRED"
      }
    },
    {
      "type": "Feature",
      "geometry": {
        "type": "Point",
        "coordinates": [
          74.01320512820513,
          14.984846153846155
        ]
      },
      "properties": {
        "layer": "interpolated_heatmap",
        "value": 0.436,
        "label": "Interpolated anomaly intensity",
        "disclaimer": "Interpolated estimate \u2014 NOT a direct measurement",
        "data_provenance": "INFERRED"
      }
    },
    {
      "type": "Feature",
      "geometry": {
        "type": "Point",
        "coordinates": [
          74.01320512820513,
          14.985153846153846
        ]
      },
      "properties": {
        "layer": "interpolated_heatmap",
        "value": 0.4361,
        "label": "Interpolated anomaly intensity",
        "disclaimer": "Interpolated estimate \u2014 NOT a direct measurement",
        "data_provenance": "INFERRED"
      }
    },
    {
      "type": "Feature",
      "geometry": {
        "type": "Point",
        "coordinates": [
          74.01320512820513,
          14.98546153846154
        ]
      },
      "properties": {
        "layer": "interpolated_heatmap",
        "value": 0.4362,
        "label": "Interpolated anomaly intensity",
        "disclaimer": "Interpolated estimate \u2014 NOT a direct measurement",
        "data_provenance": "INFERRED"
      }
    },
    {
      "type": "Feature",
      "geometry": {
        "type": "Point",
        "coordinates": [
          74.01320512820513,
          14.98576923076923
        ]
      },
      "properties": {
        "layer": "interpolated_heatmap",
        "value": 0.4362,
        "label": "Interpolated anomaly intensity",
        "disclaimer": "Interpolated estimate \u2014 NOT a direct measurement",
        "data_provenance": "INFERRED"
      }
    },
    {
      "type": "Feature",
      "geometry": {
        "type": "Point",
        "coordinates": [
          74.01320512820513,
          14.986076923076924
        ]
      },
      "properties": {
        "layer": "interpolated_heatmap",
        "value": 0.4363,
        "label": "Interpolated anomaly intensity",
        "disclaimer": "Interpolated estimate \u2014 NOT a direct measurement",
        "data_provenance": "INFERRED"
      }
    },
    {
      "type": "Feature",
      "geometry": {
        "type": "Point",
        "coordinates": [
          74.01320512820513,
          14.986384615384615
        ]
      },
      "properties": {
        "layer": "interpolated_heatmap",
        "value": 0.4363,
        "label": "Interpolated anomaly intensity",
        "disclaimer": "Interpolated estimate \u2014 NOT a direct measurement",
        "data_provenance": "INFERRED"
      }
    },
    {
      "type": "Feature",
      "geometry": {
        "type": "Point",
        "coordinates": [
          74.01320512820513,
          14.986692307692309
        ]
      },
      "properties": {
        "layer": "interpolated_heatmap",
        "value": 0.4364,
        "label": "Interpolated anomaly intensity",
        "disclaimer": "Interpolated estimate \u2014 NOT a direct measurement",
        "data_provenance": "INFERRED"
      }
    },
    {
      "type": "Feature",
      "geometry": {
        "type": "Point",
        "coordinates": [
          74.01320512820513,
          14.987
        ]
      },
      "properties": {
        "layer": "interpolated_heatmap",
        "value": 0.4365,
        "label": "Interpolated anomaly intensity",
        "disclaimer": "Interpolated estimate \u2014 NOT a direct measurement",
        "data_provenance": "INFERRED"
      }
    },
    {
      "type": "Feature",
      "geometry": {
        "type": "Point",
        "coordinates": [
          74.01361538461539,
          14.975
        ]
      },
      "properties": {
        "layer": "interpolated_heatmap",
        "value": 0.4377,
        "label": "Interpolated anomaly intensity",
        "disclaimer": "Interpolated estimate \u2014 NOT a direct measurement",
        "data_provenance": "INFERRED"
      }
    },
    {
      "type": "Feature",
      "geometry": {
        "type": "Point",
        "coordinates": [
          74.01361538461539,
          14.975307692307691
        ]
      },
      "properties": {
        "layer": "interpolated_heatmap",
        "value": 0.4377,
        "label": "Interpolated anomaly intensity",
        "disclaimer": "Interpolated estimate \u2014 NOT a direct measurement",
        "data_provenance": "INFERRED"
      }
    },
    {
      "type": "Feature",
      "geometry": {
        "type": "Point",
        "coordinates": [
          74.01361538461539,
          14.975615384615384
        ]
      },
      "properties": {
        "layer": "interpolated_heatmap",
        "value": 0.4377,
        "label": "Interpolated anomaly intensity",
        "disclaimer": "Interpolated estimate \u2014 NOT a direct measurement",
        "data_provenance": "INFERRED"
      }
    },
    {
      "type": "Feature",
      "geometry": {
        "type": "Point",
        "coordinates": [
          74.01361538461539,
          14.975923076923076
        ]
      },
      "properties": {
        "layer": "interpolated_heatmap",
        "value": 0.4376,
        "label": "Interpolated anomaly intensity",
        "disclaimer": "Interpolated estimate \u2014 NOT a direct measurement",
        "data_provenance": "INFERRED"
      }
    },
    {
      "type": "Feature",
      "geometry": {
        "type": "Point",
        "coordinates": [
          74.01361538461539,
          14.976230769230769
        ]
      },
      "properties": {
        "layer": "interpolated_heatmap",
        "value": 0.4376,
        "label": "Interpolated anomaly intensity",
        "disclaimer": "Interpolated estimate \u2014 NOT a direct measurement",
        "data_provenance": "INFERRED"
      }
    },
    {
      "type": "Feature",
      "geometry": {
        "type": "Point",
        "coordinates": [
          74.01361538461539,
          14.97653846153846
        ]
      },
      "properties": {
        "layer": "interpolated_heatmap",
        "value": 0.4375,
        "label": "Interpolated anomaly intensity",
        "disclaimer": "Interpolated estimate \u2014 NOT a direct measurement",
        "data_provenance": "INFERRED"
      }
    },
    {
      "type": "Feature",
      "geometry": {
        "type": "Point",
        "coordinates": [
          74.01361538461539,
          14.976846153846154
        ]
      },
      "properties": {
        "layer": "interpolated_heatmap",
        "value": 0.4374,
        "label": "Interpolated anomaly intensity",
        "disclaimer": "Interpolated estimate \u2014 NOT a direct measurement",
        "data_provenance": "INFERRED"
      }
    },
    {
      "type": "Feature",
      "geometry": {
        "type": "Point",
        "coordinates": [
          74.01361538461539,
          14.977153846153845
        ]
      },
      "properties": {
        "layer": "interpolated_heatmap",
        "value": 0.4373,
        "label": "Interpolated anomaly intensity",
        "disclaimer": "Interpolated estimate \u2014 NOT a direct measurement",
        "data_provenance": "INFERRED"
      }
    },
    {
      "type": "Feature",
      "geometry": {
        "type": "Point",
        "coordinates": [
          74.01361538461539,
          14.977461538461538
        ]
      },
      "properties": {
        "layer": "interpolated_heatmap",
        "value": 0.4372,
        "label": "Interpolated anomaly intensity",
        "disclaimer": "Interpolated estimate \u2014 NOT a direct measurement",
        "data_provenance": "INFERRED"
      }
    },
    {
      "type": "Feature",
      "geometry": {
        "type": "Point",
        "coordinates": [
          74.01361538461539,
          14.97776923076923
        ]
      },
      "properties": {
        "layer": "interpolated_heatmap",
        "value": 0.4371,
        "label": "Interpolated anomaly intensity",
        "disclaimer": "Interpolated estimate \u2014 NOT a direct measurement",
        "data_provenance": "INFERRED"
      }
    },
    {
      "type": "Feature",
      "geometry": {
        "type": "Point",
        "coordinates": [
          74.01361538461539,
          14.978076923076923
        ]
      },
      "properties": {
        "layer": "interpolated_heatmap",
        "value": 0.4369,
        "label": "Interpolated anomaly intensity",
        "disclaimer": "Interpolated estimate \u2014 NOT a direct measurement",
        "data_provenance": "INFERRED"
      }
    },
    {
      "type": "Feature",
      "geometry": {
        "type": "Point",
        "coordinates": [
          74.01361538461539,
          14.978384615384615
        ]
      },
      "properties": {
        "layer": "interpolated_heatmap",
        "value": 0.4367,
        "label": "Interpolated anomaly intensity",
        "disclaimer": "Interpolated estimate \u2014 NOT a direct measurement",
        "data_provenance": "INFERRED"
      }
    },
    {
      "type": "Feature",
      "geometry": {
        "type": "Point",
        "coordinates": [
          74.01361538461539,
          14.978692307692308
        ]
      },
      "properties": {
        "layer": "interpolated_heatmap",
        "value": 0.4365,
        "label": "Interpolated anomaly intensity",
        "disclaimer": "Interpolated estimate \u2014 NOT a direct measurement",
        "data_provenance": "INFERRED"
      }
    },
    {
      "type": "Feature",
      "geometry": {
        "type": "Point",
        "coordinates": [
          74.01361538461539,
          14.979
        ]
      },
      "properties": {
        "layer": "interpolated_heatmap",
        "value": 0.4363,
        "label": "Interpolated anomaly intensity",
        "disclaimer": "Interpolated estimate \u2014 NOT a direct measurement",
        "data_provenance": "INFERRED"
      }
    },
    {
      "type": "Feature",
      "geometry": {
        "type": "Point",
        "coordinates": [
          74.01361538461539,
          14.979307692307692
        ]
      },
      "properties": {
        "layer": "interpolated_heatmap",
        "value": 0.4361,
        "label": "Interpolated anomaly intensity",
        "disclaimer": "Interpolated estimate \u2014 NOT a direct measurement",
        "data_provenance": "INFERRED"
      }
    },
    {
      "type": "Feature",
      "geometry": {
        "type": "Point",
        "coordinates": [
          74.01361538461539,
          14.979615384615384
        ]
      },
      "properties": {
        "layer": "interpolated_heatmap",
        "value": 0.4359,
        "label": "Interpolated anomaly intensity",
        "disclaimer": "Interpolated estimate \u2014 NOT a direct measurement",
        "data_provenance": "INFERRED"
      }
    },
    {
      "type": "Feature",
      "geometry": {
        "type": "Point",
        "coordinates": [
          74.01361538461539,
          14.979923076923077
        ]
      },
      "properties": {
        "layer": "interpolated_heatmap",
        "value": 0.4357,
        "label": "Interpolated anomaly intensity",
        "disclaimer": "Interpolated estimate \u2014 NOT a direct measurement",
        "data_provenance": "INFERRED"
      }
    },
    {
      "type": "Feature",
      "geometry": {
        "type": "Point",
        "coordinates": [
          74.01361538461539,
          14.980230769230769
        ]
      },
      "properties": {
        "layer": "interpolated_heatmap",
        "value": 0.4356,
        "label": "Interpolated anomaly intensity",
        "disclaimer": "Interpolated estimate \u2014 NOT a direct measurement",
        "data_provenance": "INFERRED"
      }
    },
    {
      "type": "Feature",
      "geometry": {
        "type": "Point",
        "coordinates": [
          74.01361538461539,
          14.980538461538462
        ]
      },
      "properties": {
        "layer": "interpolated_heatmap",
        "value": 0.4355,
        "label": "Interpolated anomaly intensity",
        "disclaimer": "Interpolated estimate \u2014 NOT a direct measurement",
        "data_provenance": "INFERRED"
      }
    },
    {
      "type": "Feature",
      "geometry": {
        "type": "Point",
        "coordinates": [
          74.01361538461539,
          14.980846153846153
        ]
      },
      "properties": {
        "layer": "interpolated_heatmap",
        "value": 0.4354,
        "label": "Interpolated anomaly intensity",
        "disclaimer": "Interpolated estimate \u2014 NOT a direct measurement",
        "data_provenance": "INFERRED"
      }
    },
    {
      "type": "Feature",
      "geometry": {
        "type": "Point",
        "coordinates": [
          74.01361538461539,
          14.981153846153846
        ]
      },
      "properties": {
        "layer": "interpolated_heatmap",
        "value": 0.4354,
        "label": "Interpolated anomaly intensity",
        "disclaimer": "Interpolated estimate \u2014 NOT a direct measurement",
        "data_provenance": "INFERRED"
      }
    },
    {
      "type": "Feature",
      "geometry": {
        "type": "Point",
        "coordinates": [
          74.01361538461539,
          14.981461538461538
        ]
      },
      "properties": {
        "layer": "interpolated_heatmap",
        "value": 0.4353,
        "label": "Interpolated anomaly intensity",
        "disclaimer": "Interpolated estimate \u2014 NOT a direct measurement",
        "data_provenance": "INFERRED"
      }
    },
    {
      "type": "Feature",
      "geometry": {
        "type": "Point",
        "coordinates": [
          74.01361538461539,
          14.981769230769231
        ]
      },
      "properties": {
        "layer": "interpolated_heatmap",
        "value": 0.4353,
        "label": "Interpolated anomaly intensity",
        "disclaimer": "Interpolated estimate \u2014 NOT a direct measurement",
        "data_provenance": "INFERRED"
      }
    },
    {
      "type": "Feature",
      "geometry": {
        "type": "Point",
        "coordinates": [
          74.01361538461539,
          14.982076923076923
        ]
      },
      "properties": {
        "layer": "interpolated_heatmap",
        "value": 0.4353,
        "label": "Interpolated anomaly intensity",
        "disclaimer": "Interpolated estimate \u2014 NOT a direct measurement",
        "data_provenance": "INFERRED"
      }
    },
    {
      "type": "Feature",
      "geometry": {
        "type": "Point",
        "coordinates": [
          74.01361538461539,
          14.982384615384616
        ]
      },
      "properties": {
        "layer": "interpolated_heatmap",
        "value": 0.4353,
        "label": "Interpolated anomaly intensity",
        "disclaimer": "Interpolated estimate \u2014 NOT a direct measurement",
        "data_provenance": "INFERRED"
      }
    },
    {
      "type": "Feature",
      "geometry": {
        "type": "Point",
        "coordinates": [
          74.01361538461539,
          14.982692307692307
        ]
      },
      "properties": {
        "layer": "interpolated_heatmap",
        "value": 0.4353,
        "label": "Interpolated anomaly intensity",
        "disclaimer": "Interpolated estimate \u2014 NOT a direct measurement",
        "data_provenance": "INFERRED"
      }
    },
    {
      "type": "Feature",
      "geometry": {
        "type": "Point",
        "coordinates": [
          74.01361538461539,
          14.983
        ]
      },
      "properties": {
        "layer": "interpolated_heatmap",
        "value": 0.4354,
        "label": "Interpolated anomaly intensity",
        "disclaimer": "Interpolated estimate \u2014 NOT a direct measurement",
        "data_provenance": "INFERRED"
      }
    },
    {
      "type": "Feature",
      "geometry": {
        "type": "Point",
        "coordinates": [
          74.01361538461539,
          14.983307692307692
        ]
      },
      "properties": {
        "layer": "interpolated_heatmap",
        "value": 0.4355,
        "label": "Interpolated anomaly intensity",
        "disclaimer": "Interpolated estimate \u2014 NOT a direct measurement",
        "data_provenance": "INFERRED"
      }
    },
    {
      "type": "Feature",
      "geometry": {
        "type": "Point",
        "coordinates": [
          74.01361538461539,
          14.983615384615385
        ]
      },
      "properties": {
        "layer": "interpolated_heatmap",
        "value": 0.4355,
        "label": "Interpolated anomaly intensity",
        "disclaimer": "Interpolated estimate \u2014 NOT a direct measurement",
        "data_provenance": "INFERRED"
      }
    },
    {
      "type": "Feature",
      "geometry": {
        "type": "Point",
        "coordinates": [
          74.01361538461539,
          14.983923076923077
        ]
      },
      "properties": {
        "layer": "interpolated_heatmap",
        "value": 0.4356,
        "label": "Interpolated anomaly intensity",
        "disclaimer": "Interpolated estimate \u2014 NOT a direct measurement",
        "data_provenance": "INFERRED"
      }
    },
    {
      "type": "Feature",
      "geometry": {
        "type": "Point",
        "coordinates": [
          74.01361538461539,
          14.98423076923077
        ]
      },
      "properties": {
        "layer": "interpolated_heatmap",
        "value": 0.4357,
        "label": "Interpolated anomaly intensity",
        "disclaimer": "Interpolated estimate \u2014 NOT a direct measurement",
        "data_provenance": "INFERRED"
      }
    },
    {
      "type": "Feature",
      "geometry": {
        "type": "Point",
        "coordinates": [
          74.01361538461539,
          14.984538461538461
        ]
      },
      "properties": {
        "layer": "interpolated_heatmap",
        "value": 0.4358,
        "label": "Interpolated anomaly intensity",
        "disclaimer": "Interpolated estimate \u2014 NOT a direct measurement",
        "data_provenance": "INFERRED"
      }
    },
    {
      "type": "Feature",
      "geometry": {
        "type": "Point",
        "coordinates": [
          74.01361538461539,
          14.984846153846155
        ]
      },
      "properties": {
        "layer": "interpolated_heatmap",
        "value": 0.4359,
        "label": "Interpolated anomaly intensity",
        "disclaimer": "Interpolated estimate \u2014 NOT a direct measurement",
        "data_provenance": "INFERRED"
      }
    },
    {
      "type": "Feature",
      "geometry": {
        "type": "Point",
        "coordinates": [
          74.01361538461539,
          14.985153846153846
        ]
      },
      "properties": {
        "layer": "interpolated_heatmap",
        "value": 0.436,
        "label": "Interpolated anomaly intensity",
        "disclaimer": "Interpolated estimate \u2014 NOT a direct measurement",
        "data_provenance": "INFERRED"
      }
    },
    {
      "type": "Feature",
      "geometry": {
        "type": "Point",
        "coordinates": [
          74.01361538461539,
          14.98546153846154
        ]
      },
      "properties": {
        "layer": "interpolated_heatmap",
        "value": 0.436,
        "label": "Interpolated anomaly intensity",
        "disclaimer": "Interpolated estimate \u2014 NOT a direct measurement",
        "data_provenance": "INFERRED"
      }
    },
    {
      "type": "Feature",
      "geometry": {
        "type": "Point",
        "coordinates": [
          74.01361538461539,
          14.98576923076923
        ]
      },
      "properties": {
        "layer": "interpolated_heatmap",
        "value": 0.4361,
        "label": "Interpolated anomaly intensity",
        "disclaimer": "Interpolated estimate \u2014 NOT a direct measurement",
        "data_provenance": "INFERRED"
      }
    },
    {
      "type": "Feature",
      "geometry": {
        "type": "Point",
        "coordinates": [
          74.01361538461539,
          14.986076923076924
        ]
      },
      "properties": {
        "layer": "interpolated_heatmap",
        "value": 0.4362,
        "label": "Interpolated anomaly intensity",
        "disclaimer": "Interpolated estimate \u2014 NOT a direct measurement",
        "data_provenance": "INFERRED"
      }
    },
    {
      "type": "Feature",
      "geometry": {
        "type": "Point",
        "coordinates": [
          74.01361538461539,
          14.986384615384615
        ]
      },
      "properties": {
        "layer": "interpolated_heatmap",
        "value": 0.4362,
        "label": "Interpolated anomaly intensity",
        "disclaimer": "Interpolated estimate \u2014 NOT a direct measurement",
        "data_provenance": "INFERRED"
      }
    },
    {
      "type": "Feature",
      "geometry": {
        "type": "Point",
        "coordinates": [
          74.01361538461539,
          14.986692307692309
        ]
      },
      "properties": {
        "layer": "interpolated_heatmap",
        "value": 0.4363,
        "label": "Interpolated anomaly intensity",
        "disclaimer": "Interpolated estimate \u2014 NOT a direct measurement",
        "data_provenance": "INFERRED"
      }
    },
    {
      "type": "Feature",
      "geometry": {
        "type": "Point",
        "coordinates": [
          74.01361538461539,
          14.987
        ]
      },
      "properties": {
        "layer": "interpolated_heatmap",
        "value": 0.4363,
        "label": "Interpolated anomaly intensity",
        "disclaimer": "Interpolated estimate \u2014 NOT a direct measurement",
        "data_provenance": "INFERRED"
      }
    },
    {
      "type": "Feature",
      "geometry": {
        "type": "Point",
        "coordinates": [
          74.01402564102564,
          14.975
        ]
      },
      "properties": {
        "layer": "interpolated_heatmap",
        "value": 0.4374,
        "label": "Interpolated anomaly intensity",
        "disclaimer": "Interpolated estimate \u2014 NOT a direct measurement",
        "data_provenance": "INFERRED"
      }
    },
    {
      "type": "Feature",
      "geometry": {
        "type": "Point",
        "coordinates": [
          74.01402564102564,
          14.975307692307691
        ]
      },
      "properties": {
        "layer": "interpolated_heatmap",
        "value": 0.4374,
        "label": "Interpolated anomaly intensity",
        "disclaimer": "Interpolated estimate \u2014 NOT a direct measurement",
        "data_provenance": "INFERRED"
      }
    },
    {
      "type": "Feature",
      "geometry": {
        "type": "Point",
        "coordinates": [
          74.01402564102564,
          14.975615384615384
        ]
      },
      "properties": {
        "layer": "interpolated_heatmap",
        "value": 0.4373,
        "label": "Interpolated anomaly intensity",
        "disclaimer": "Interpolated estimate \u2014 NOT a direct measurement",
        "data_provenance": "INFERRED"
      }
    },
    {
      "type": "Feature",
      "geometry": {
        "type": "Point",
        "coordinates": [
          74.01402564102564,
          14.975923076923076
        ]
      },
      "properties": {
        "layer": "interpolated_heatmap",
        "value": 0.4372,
        "label": "Interpolated anomaly intensity",
        "disclaimer": "Interpolated estimate \u2014 NOT a direct measurement",
        "data_provenance": "INFERRED"
      }
    },
    {
      "type": "Feature",
      "geometry": {
        "type": "Point",
        "coordinates": [
          74.01402564102564,
          14.976230769230769
        ]
      },
      "properties": {
        "layer": "interpolated_heatmap",
        "value": 0.4372,
        "label": "Interpolated anomaly intensity",
        "disclaimer": "Interpolated estimate \u2014 NOT a direct measurement",
        "data_provenance": "INFERRED"
      }
    },
    {
      "type": "Feature",
      "geometry": {
        "type": "Point",
        "coordinates": [
          74.01402564102564,
          14.97653846153846
        ]
      },
      "properties": {
        "layer": "interpolated_heatmap",
        "value": 0.4371,
        "label": "Interpolated anomaly intensity",
        "disclaimer": "Interpolated estimate \u2014 NOT a direct measurement",
        "data_provenance": "INFERRED"
      }
    },
    {
      "type": "Feature",
      "geometry": {
        "type": "Point",
        "coordinates": [
          74.01402564102564,
          14.976846153846154
        ]
      },
      "properties": {
        "layer": "interpolated_heatmap",
        "value": 0.4369,
        "label": "Interpolated anomaly intensity",
        "disclaimer": "Interpolated estimate \u2014 NOT a direct measurement",
        "data_provenance": "INFERRED"
      }
    },
    {
      "type": "Feature",
      "geometry": {
        "type": "Point",
        "coordinates": [
          74.01402564102564,
          14.977153846153845
        ]
      },
      "properties": {
        "layer": "interpolated_heatmap",
        "value": 0.4368,
        "label": "Interpolated anomaly intensity",
        "disclaimer": "Interpolated estimate \u2014 NOT a direct measurement",
        "data_provenance": "INFERRED"
      }
    },
    {
      "type": "Feature",
      "geometry": {
        "type": "Point",
        "coordinates": [
          74.01402564102564,
          14.977461538461538
        ]
      },
      "properties": {
        "layer": "interpolated_heatmap",
        "value": 0.4366,
        "label": "Interpolated anomaly intensity",
        "disclaimer": "Interpolated estimate \u2014 NOT a direct measurement",
        "data_provenance": "INFERRED"
      }
    },
    {
      "type": "Feature",
      "geometry": {
        "type": "Point",
        "coordinates": [
          74.01402564102564,
          14.97776923076923
        ]
      },
      "properties": {
        "layer": "interpolated_heatmap",
        "value": 0.4364,
        "label": "Interpolated anomaly intensity",
        "disclaimer": "Interpolated estimate \u2014 NOT a direct measurement",
        "data_provenance": "INFERRED"
      }
    },
    {
      "type": "Feature",
      "geometry": {
        "type": "Point",
        "coordinates": [
          74.01402564102564,
          14.978076923076923
        ]
      },
      "properties": {
        "layer": "interpolated_heatmap",
        "value": 0.4362,
        "label": "Interpolated anomaly intensity",
        "disclaimer": "Interpolated estimate \u2014 NOT a direct measurement",
        "data_provenance": "INFERRED"
      }
    },
    {
      "type": "Feature",
      "geometry": {
        "type": "Point",
        "coordinates": [
          74.01402564102564,
          14.978384615384615
        ]
      },
      "properties": {
        "layer": "interpolated_heatmap",
        "value": 0.436,
        "label": "Interpolated anomaly intensity",
        "disclaimer": "Interpolated estimate \u2014 NOT a direct measurement",
        "data_provenance": "INFERRED"
      }
    },
    {
      "type": "Feature",
      "geometry": {
        "type": "Point",
        "coordinates": [
          74.01402564102564,
          14.978692307692308
        ]
      },
      "properties": {
        "layer": "interpolated_heatmap",
        "value": 0.4357,
        "label": "Interpolated anomaly intensity",
        "disclaimer": "Interpolated estimate \u2014 NOT a direct measurement",
        "data_provenance": "INFERRED"
      }
    },
    {
      "type": "Feature",
      "geometry": {
        "type": "Point",
        "coordinates": [
          74.01402564102564,
          14.979
        ]
      },
      "properties": {
        "layer": "interpolated_heatmap",
        "value": 0.4354,
        "label": "Interpolated anomaly intensity",
        "disclaimer": "Interpolated estimate \u2014 NOT a direct measurement",
        "data_provenance": "INFERRED"
      }
    },
    {
      "type": "Feature",
      "geometry": {
        "type": "Point",
        "coordinates": [
          74.01402564102564,
          14.979307692307692
        ]
      },
      "properties": {
        "layer": "interpolated_heatmap",
        "value": 0.4352,
        "label": "Interpolated anomaly intensity",
        "disclaimer": "Interpolated estimate \u2014 NOT a direct measurement",
        "data_provenance": "INFERRED"
      }
    },
    {
      "type": "Feature",
      "geometry": {
        "type": "Point",
        "coordinates": [
          74.01402564102564,
          14.979615384615384
        ]
      },
      "properties": {
        "layer": "interpolated_heatmap",
        "value": 0.435,
        "label": "Interpolated anomaly intensity",
        "disclaimer": "Interpolated estimate \u2014 NOT a direct measurement",
        "data_provenance": "INFERRED"
      }
    },
    {
      "type": "Feature",
      "geometry": {
        "type": "Point",
        "coordinates": [
          74.01402564102564,
          14.979923076923077
        ]
      },
      "properties": {
        "layer": "interpolated_heatmap",
        "value": 0.4349,
        "label": "Interpolated anomaly intensity",
        "disclaimer": "Interpolated estimate \u2014 NOT a direct measurement",
        "data_provenance": "INFERRED"
      }
    },
    {
      "type": "Feature",
      "geometry": {
        "type": "Point",
        "coordinates": [
          74.01402564102564,
          14.980230769230769
        ]
      },
      "properties": {
        "layer": "interpolated_heatmap",
        "value": 0.4349,
        "label": "Interpolated anomaly intensity",
        "disclaimer": "Interpolated estimate \u2014 NOT a direct measurement",
        "data_provenance": "INFERRED"
      }
    },
    {
      "type": "Feature",
      "geometry": {
        "type": "Point",
        "coordinates": [
          74.01402564102564,
          14.980538461538462
        ]
      },
      "properties": {
        "layer": "interpolated_heatmap",
        "value": 0.435,
        "label": "Interpolated anomaly intensity",
        "disclaimer": "Interpolated estimate \u2014 NOT a direct measurement",
        "data_provenance": "INFERRED"
      }
    },
    {
      "type": "Feature",
      "geometry": {
        "type": "Point",
        "coordinates": [
          74.01402564102564,
          14.980846153846153
        ]
      },
      "properties": {
        "layer": "interpolated_heatmap",
        "value": 0.4351,
        "label": "Interpolated anomaly intensity",
        "disclaimer": "Interpolated estimate \u2014 NOT a direct measurement",
        "data_provenance": "INFERRED"
      }
    },
    {
      "type": "Feature",
      "geometry": {
        "type": "Point",
        "coordinates": [
          74.01402564102564,
          14.981153846153846
        ]
      },
      "properties": {
        "layer": "interpolated_heatmap",
        "value": 0.4352,
        "label": "Interpolated anomaly intensity",
        "disclaimer": "Interpolated estimate \u2014 NOT a direct measurement",
        "data_provenance": "INFERRED"
      }
    },
    {
      "type": "Feature",
      "geometry": {
        "type": "Point",
        "coordinates": [
          74.01402564102564,
          14.981461538461538
        ]
      },
      "properties": {
        "layer": "interpolated_heatmap",
        "value": 0.4352,
        "label": "Interpolated anomaly intensity",
        "disclaimer": "Interpolated estimate \u2014 NOT a direct measurement",
        "data_provenance": "INFERRED"
      }
    },
    {
      "type": "Feature",
      "geometry": {
        "type": "Point",
        "coordinates": [
          74.01402564102564,
          14.981769230769231
        ]
      },
      "properties": {
        "layer": "interpolated_heatmap",
        "value": 0.4353,
        "label": "Interpolated anomaly intensity",
        "disclaimer": "Interpolated estimate \u2014 NOT a direct measurement",
        "data_provenance": "INFERRED"
      }
    },
    {
      "type": "Feature",
      "geometry": {
        "type": "Point",
        "coordinates": [
          74.01402564102564,
          14.982076923076923
        ]
      },
      "properties": {
        "layer": "interpolated_heatmap",
        "value": 0.4353,
        "label": "Interpolated anomaly intensity",
        "disclaimer": "Interpolated estimate \u2014 NOT a direct measurement",
        "data_provenance": "INFERRED"
      }
    },
    {
      "type": "Feature",
      "geometry": {
        "type": "Point",
        "coordinates": [
          74.01402564102564,
          14.982384615384616
        ]
      },
      "properties": {
        "layer": "interpolated_heatmap",
        "value": 0.4353,
        "label": "Interpolated anomaly intensity",
        "disclaimer": "Interpolated estimate \u2014 NOT a direct measurement",
        "data_provenance": "INFERRED"
      }
    },
    {
      "type": "Feature",
      "geometry": {
        "type": "Point",
        "coordinates": [
          74.01402564102564,
          14.982692307692307
        ]
      },
      "properties": {
        "layer": "interpolated_heatmap",
        "value": 0.4353,
        "label": "Interpolated anomaly intensity",
        "disclaimer": "Interpolated estimate \u2014 NOT a direct measurement",
        "data_provenance": "INFERRED"
      }
    },
    {
      "type": "Feature",
      "geometry": {
        "type": "Point",
        "coordinates": [
          74.01402564102564,
          14.983
        ]
      },
      "properties": {
        "layer": "interpolated_heatmap",
        "value": 0.4353,
        "label": "Interpolated anomaly intensity",
        "disclaimer": "Interpolated estimate \u2014 NOT a direct measurement",
        "data_provenance": "INFERRED"
      }
    },
    {
      "type": "Feature",
      "geometry": {
        "type": "Point",
        "coordinates": [
          74.01402564102564,
          14.983307692307692
        ]
      },
      "properties": {
        "layer": "interpolated_heatmap",
        "value": 0.4354,
        "label": "Interpolated anomaly intensity",
        "disclaimer": "Interpolated estimate \u2014 NOT a direct measurement",
        "data_provenance": "INFERRED"
      }
    },
    {
      "type": "Feature",
      "geometry": {
        "type": "Point",
        "coordinates": [
          74.01402564102564,
          14.983615384615385
        ]
      },
      "properties": {
        "layer": "interpolated_heatmap",
        "value": 0.4355,
        "label": "Interpolated anomaly intensity",
        "disclaimer": "Interpolated estimate \u2014 NOT a direct measurement",
        "data_provenance": "INFERRED"
      }
    },
    {
      "type": "Feature",
      "geometry": {
        "type": "Point",
        "coordinates": [
          74.01402564102564,
          14.983923076923077
        ]
      },
      "properties": {
        "layer": "interpolated_heatmap",
        "value": 0.4355,
        "label": "Interpolated anomaly intensity",
        "disclaimer": "Interpolated estimate \u2014 NOT a direct measurement",
        "data_provenance": "INFERRED"
      }
    },
    {
      "type": "Feature",
      "geometry": {
        "type": "Point",
        "coordinates": [
          74.01402564102564,
          14.98423076923077
        ]
      },
      "properties": {
        "layer": "interpolated_heatmap",
        "value": 0.4356,
        "label": "Interpolated anomaly intensity",
        "disclaimer": "Interpolated estimate \u2014 NOT a direct measurement",
        "data_provenance": "INFERRED"
      }
    },
    {
      "type": "Feature",
      "geometry": {
        "type": "Point",
        "coordinates": [
          74.01402564102564,
          14.984538461538461
        ]
      },
      "properties": {
        "layer": "interpolated_heatmap",
        "value": 0.4357,
        "label": "Interpolated anomaly intensity",
        "disclaimer": "Interpolated estimate \u2014 NOT a direct measurement",
        "data_provenance": "INFERRED"
      }
    },
    {
      "type": "Feature",
      "geometry": {
        "type": "Point",
        "coordinates": [
          74.01402564102564,
          14.984846153846155
        ]
      },
      "properties": {
        "layer": "interpolated_heatmap",
        "value": 0.4358,
        "label": "Interpolated anomaly intensity",
        "disclaimer": "Interpolated estimate \u2014 NOT a direct measurement",
        "data_provenance": "INFERRED"
      }
    },
    {
      "type": "Feature",
      "geometry": {
        "type": "Point",
        "coordinates": [
          74.01402564102564,
          14.985153846153846
        ]
      },
      "properties": {
        "layer": "interpolated_heatmap",
        "value": 0.4358,
        "label": "Interpolated anomaly intensity",
        "disclaimer": "Interpolated estimate \u2014 NOT a direct measurement",
        "data_provenance": "INFERRED"
      }
    },
    {
      "type": "Feature",
      "geometry": {
        "type": "Point",
        "coordinates": [
          74.01402564102564,
          14.98546153846154
        ]
      },
      "properties": {
        "layer": "interpolated_heatmap",
        "value": 0.4359,
        "label": "Interpolated anomaly intensity",
        "disclaimer": "Interpolated estimate \u2014 NOT a direct measurement",
        "data_provenance": "INFERRED"
      }
    },
    {
      "type": "Feature",
      "geometry": {
        "type": "Point",
        "coordinates": [
          74.01402564102564,
          14.98576923076923
        ]
      },
      "properties": {
        "layer": "interpolated_heatmap",
        "value": 0.436,
        "label": "Interpolated anomaly intensity",
        "disclaimer": "Interpolated estimate \u2014 NOT a direct measurement",
        "data_provenance": "INFERRED"
      }
    },
    {
      "type": "Feature",
      "geometry": {
        "type": "Point",
        "coordinates": [
          74.01402564102564,
          14.986076923076924
        ]
      },
      "properties": {
        "layer": "interpolated_heatmap",
        "value": 0.4361,
        "label": "Interpolated anomaly intensity",
        "disclaimer": "Interpolated estimate \u2014 NOT a direct measurement",
        "data_provenance": "INFERRED"
      }
    },
    {
      "type": "Feature",
      "geometry": {
        "type": "Point",
        "coordinates": [
          74.01402564102564,
          14.986384615384615
        ]
      },
      "properties": {
        "layer": "interpolated_heatmap",
        "value": 0.4361,
        "label": "Interpolated anomaly intensity",
        "disclaimer": "Interpolated estimate \u2014 NOT a direct measurement",
        "data_provenance": "INFERRED"
      }
    },
    {
      "type": "Feature",
      "geometry": {
        "type": "Point",
        "coordinates": [
          74.01402564102564,
          14.986692307692309
        ]
      },
      "properties": {
        "layer": "interpolated_heatmap",
        "value": 0.4362,
        "label": "Interpolated anomaly intensity",
        "disclaimer": "Interpolated estimate \u2014 NOT a direct measurement",
        "data_provenance": "INFERRED"
      }
    },
    {
      "type": "Feature",
      "geometry": {
        "type": "Point",
        "coordinates": [
          74.01402564102564,
          14.987
        ]
      },
      "properties": {
        "layer": "interpolated_heatmap",
        "value": 0.4362,
        "label": "Interpolated anomaly intensity",
        "disclaimer": "Interpolated estimate \u2014 NOT a direct measurement",
        "data_provenance": "INFERRED"
      }
    },
    {
      "type": "Feature",
      "geometry": {
        "type": "Point",
        "coordinates": [
          74.0144358974359,
          14.975
        ]
      },
      "properties": {
        "layer": "interpolated_heatmap",
        "value": 0.4372,
        "label": "Interpolated anomaly intensity",
        "disclaimer": "Interpolated estimate \u2014 NOT a direct measurement",
        "data_provenance": "INFERRED"
      }
    },
    {
      "type": "Feature",
      "geometry": {
        "type": "Point",
        "coordinates": [
          74.0144358974359,
          14.975307692307691
        ]
      },
      "properties": {
        "layer": "interpolated_heatmap",
        "value": 0.4371,
        "label": "Interpolated anomaly intensity",
        "disclaimer": "Interpolated estimate \u2014 NOT a direct measurement",
        "data_provenance": "INFERRED"
      }
    },
    {
      "type": "Feature",
      "geometry": {
        "type": "Point",
        "coordinates": [
          74.0144358974359,
          14.975615384615384
        ]
      },
      "properties": {
        "layer": "interpolated_heatmap",
        "value": 0.437,
        "label": "Interpolated anomaly intensity",
        "disclaimer": "Interpolated estimate \u2014 NOT a direct measurement",
        "data_provenance": "INFERRED"
      }
    },
    {
      "type": "Feature",
      "geometry": {
        "type": "Point",
        "coordinates": [
          74.0144358974359,
          14.975923076923076
        ]
      },
      "properties": {
        "layer": "interpolated_heatmap",
        "value": 0.4369,
        "label": "Interpolated anomaly intensity",
        "disclaimer": "Interpolated estimate \u2014 NOT a direct measurement",
        "data_provenance": "INFERRED"
      }
    },
    {
      "type": "Feature",
      "geometry": {
        "type": "Point",
        "coordinates": [
          74.0144358974359,
          14.976230769230769
        ]
      },
      "properties": {
        "layer": "interpolated_heatmap",
        "value": 0.4368,
        "label": "Interpolated anomaly intensity",
        "disclaimer": "Interpolated estimate \u2014 NOT a direct measurement",
        "data_provenance": "INFERRED"
      }
    },
    {
      "type": "Feature",
      "geometry": {
        "type": "Point",
        "coordinates": [
          74.0144358974359,
          14.97653846153846
        ]
      },
      "properties": {
        "layer": "interpolated_heatmap",
        "value": 0.4366,
        "label": "Interpolated anomaly intensity",
        "disclaimer": "Interpolated estimate \u2014 NOT a direct measurement",
        "data_provenance": "INFERRED"
      }
    },
    {
      "type": "Feature",
      "geometry": {
        "type": "Point",
        "coordinates": [
          74.0144358974359,
          14.976846153846154
        ]
      },
      "properties": {
        "layer": "interpolated_heatmap",
        "value": 0.4365,
        "label": "Interpolated anomaly intensity",
        "disclaimer": "Interpolated estimate \u2014 NOT a direct measurement",
        "data_provenance": "INFERRED"
      }
    },
    {
      "type": "Feature",
      "geometry": {
        "type": "Point",
        "coordinates": [
          74.0144358974359,
          14.977153846153845
        ]
      },
      "properties": {
        "layer": "interpolated_heatmap",
        "value": 0.4363,
        "label": "Interpolated anomaly intensity",
        "disclaimer": "Interpolated estimate \u2014 NOT a direct measurement",
        "data_provenance": "INFERRED"
      }
    },
    {
      "type": "Feature",
      "geometry": {
        "type": "Point",
        "coordinates": [
          74.0144358974359,
          14.977461538461538
        ]
      },
      "properties": {
        "layer": "interpolated_heatmap",
        "value": 0.436,
        "label": "Interpolated anomaly intensity",
        "disclaimer": "Interpolated estimate \u2014 NOT a direct measurement",
        "data_provenance": "INFERRED"
      }
    },
    {
      "type": "Feature",
      "geometry": {
        "type": "Point",
        "coordinates": [
          74.0144358974359,
          14.97776923076923
        ]
      },
      "properties": {
        "layer": "interpolated_heatmap",
        "value": 0.4358,
        "label": "Interpolated anomaly intensity",
        "disclaimer": "Interpolated estimate \u2014 NOT a direct measurement",
        "data_provenance": "INFERRED"
      }
    },
    {
      "type": "Feature",
      "geometry": {
        "type": "Point",
        "coordinates": [
          74.0144358974359,
          14.978076923076923
        ]
      },
      "properties": {
        "layer": "interpolated_heatmap",
        "value": 0.4355,
        "label": "Interpolated anomaly intensity",
        "disclaimer": "Interpolated estimate \u2014 NOT a direct measurement",
        "data_provenance": "INFERRED"
      }
    },
    {
      "type": "Feature",
      "geometry": {
        "type": "Point",
        "coordinates": [
          74.0144358974359,
          14.978384615384615
        ]
      },
      "properties": {
        "layer": "interpolated_heatmap",
        "value": 0.4351,
        "label": "Interpolated anomaly intensity",
        "disclaimer": "Interpolated estimate \u2014 NOT a direct measurement",
        "data_provenance": "INFERRED"
      }
    },
    {
      "type": "Feature",
      "geometry": {
        "type": "Point",
        "coordinates": [
          74.0144358974359,
          14.978692307692308
        ]
      },
      "properties": {
        "layer": "interpolated_heatmap",
        "value": 0.4348,
        "label": "Interpolated anomaly intensity",
        "disclaimer": "Interpolated estimate \u2014 NOT a direct measurement",
        "data_provenance": "INFERRED"
      }
    },
    {
      "type": "Feature",
      "geometry": {
        "type": "Point",
        "coordinates": [
          74.0144358974359,
          14.979
        ]
      },
      "properties": {
        "layer": "interpolated_heatmap",
        "value": 0.4344,
        "label": "Interpolated anomaly intensity",
        "disclaimer": "Interpolated estimate \u2014 NOT a direct measurement",
        "data_provenance": "INFERRED"
      }
    },
    {
      "type": "Feature",
      "geometry": {
        "type": "Point",
        "coordinates": [
          74.0144358974359,
          14.979307692307692
        ]
      },
      "properties": {
        "layer": "interpolated_heatmap",
        "value": 0.434,
        "label": "Interpolated anomaly intensity",
        "disclaimer": "Interpolated estimate \u2014 NOT a direct measurement",
        "data_provenance": "INFERRED"
      }
    },
    {
      "type": "Feature",
      "geometry": {
        "type": "Point",
        "coordinates": [
          74.0144358974359,
          14.979615384615384
        ]
      },
      "properties": {
        "layer": "interpolated_heatmap",
        "value": 0.4337,
        "label": "Interpolated anomaly intensity",
        "disclaimer": "Interpolated estimate \u2014 NOT a direct measurement",
        "data_provenance": "INFERRED"
      }
    },
    {
      "type": "Feature",
      "geometry": {
        "type": "Point",
        "coordinates": [
          74.0144358974359,
          14.979923076923077
        ]
      },
      "properties": {
        "layer": "interpolated_heatmap",
        "value": 0.4336,
        "label": "Interpolated anomaly intensity",
        "disclaimer": "Interpolated estimate \u2014 NOT a direct measurement",
        "data_provenance": "INFERRED"
      }
    },
    {
      "type": "Feature",
      "geometry": {
        "type": "Point",
        "coordinates": [
          74.0144358974359,
          14.980230769230769
        ]
      },
      "properties": {
        "layer": "interpolated_heatmap",
        "value": 0.4337,
        "label": "Interpolated anomaly intensity",
        "disclaimer": "Interpolated estimate \u2014 NOT a direct measurement",
        "data_provenance": "INFERRED"
      }
    },
    {
      "type": "Feature",
      "geometry": {
        "type": "Point",
        "coordinates": [
          74.0144358974359,
          14.980538461538462
        ]
      },
      "properties": {
        "layer": "interpolated_heatmap",
        "value": 0.4339,
        "label": "Interpolated anomaly intensity",
        "disclaimer": "Interpolated estimate \u2014 NOT a direct measurement",
        "data_provenance": "INFERRED"
      }
    },
    {
      "type": "Feature",
      "geometry": {
        "type": "Point",
        "coordinates": [
          74.0144358974359,
          14.980846153846153
        ]
      },
      "properties": {
        "layer": "interpolated_heatmap",
        "value": 0.4343,
        "label": "Interpolated anomaly intensity",
        "disclaimer": "Interpolated estimate \u2014 NOT a direct measurement",
        "data_provenance": "INFERRED"
      }
    },
    {
      "type": "Feature",
      "geometry": {
        "type": "Point",
        "coordinates": [
          74.0144358974359,
          14.981153846153846
        ]
      },
      "properties": {
        "layer": "interpolated_heatmap",
        "value": 0.4347,
        "label": "Interpolated anomaly intensity",
        "disclaimer": "Interpolated estimate \u2014 NOT a direct measurement",
        "data_provenance": "INFERRED"
      }
    },
    {
      "type": "Feature",
      "geometry": {
        "type": "Point",
        "coordinates": [
          74.0144358974359,
          14.981461538461538
        ]
      },
      "properties": {
        "layer": "interpolated_heatmap",
        "value": 0.4349,
        "label": "Interpolated anomaly intensity",
        "disclaimer": "Interpolated estimate \u2014 NOT a direct measurement",
        "data_provenance": "INFERRED"
      }
    },
    {
      "type": "Feature",
      "geometry": {
        "type": "Point",
        "coordinates": [
          74.0144358974359,
          14.981769230769231
        ]
      },
      "properties": {
        "layer": "interpolated_heatmap",
        "value": 0.4351,
        "label": "Interpolated anomaly intensity",
        "disclaimer": "Interpolated estimate \u2014 NOT a direct measurement",
        "data_provenance": "INFERRED"
      }
    },
    {
      "type": "Feature",
      "geometry": {
        "type": "Point",
        "coordinates": [
          74.0144358974359,
          14.982076923076923
        ]
      },
      "properties": {
        "layer": "interpolated_heatmap",
        "value": 0.4352,
        "label": "Interpolated anomaly intensity",
        "disclaimer": "Interpolated estimate \u2014 NOT a direct measurement",
        "data_provenance": "INFERRED"
      }
    },
    {
      "type": "Feature",
      "geometry": {
        "type": "Point",
        "coordinates": [
          74.0144358974359,
          14.982384615384616
        ]
      },
      "properties": {
        "layer": "interpolated_heatmap",
        "value": 0.4352,
        "label": "Interpolated anomaly intensity",
        "disclaimer": "Interpolated estimate \u2014 NOT a direct measurement",
        "data_provenance": "INFERRED"
      }
    },
    {
      "type": "Feature",
      "geometry": {
        "type": "Point",
        "coordinates": [
          74.0144358974359,
          14.982692307692307
        ]
      },
      "properties": {
        "layer": "interpolated_heatmap",
        "value": 0.4352,
        "label": "Interpolated anomaly intensity",
        "disclaimer": "Interpolated estimate \u2014 NOT a direct measurement",
        "data_provenance": "INFERRED"
      }
    },
    {
      "type": "Feature",
      "geometry": {
        "type": "Point",
        "coordinates": [
          74.0144358974359,
          14.983
        ]
      },
      "properties": {
        "layer": "interpolated_heatmap",
        "value": 0.4353,
        "label": "Interpolated anomaly intensity",
        "disclaimer": "Interpolated estimate \u2014 NOT a direct measurement",
        "data_provenance": "INFERRED"
      }
    },
    {
      "type": "Feature",
      "geometry": {
        "type": "Point",
        "coordinates": [
          74.0144358974359,
          14.983307692307692
        ]
      },
      "properties": {
        "layer": "interpolated_heatmap",
        "value": 0.4353,
        "label": "Interpolated anomaly intensity",
        "disclaimer": "Interpolated estimate \u2014 NOT a direct measurement",
        "data_provenance": "INFERRED"
      }
    },
    {
      "type": "Feature",
      "geometry": {
        "type": "Point",
        "coordinates": [
          74.0144358974359,
          14.983615384615385
        ]
      },
      "properties": {
        "layer": "interpolated_heatmap",
        "value": 0.4354,
        "label": "Interpolated anomaly intensity",
        "disclaimer": "Interpolated estimate \u2014 NOT a direct measurement",
        "data_provenance": "INFERRED"
      }
    },
    {
      "type": "Feature",
      "geometry": {
        "type": "Point",
        "coordinates": [
          74.0144358974359,
          14.983923076923077
        ]
      },
      "properties": {
        "layer": "interpolated_heatmap",
        "value": 0.4354,
        "label": "Interpolated anomaly intensity",
        "disclaimer": "Interpolated estimate \u2014 NOT a direct measurement",
        "data_provenance": "INFERRED"
      }
    },
    {
      "type": "Feature",
      "geometry": {
        "type": "Point",
        "coordinates": [
          74.0144358974359,
          14.98423076923077
        ]
      },
      "properties": {
        "layer": "interpolated_heatmap",
        "value": 0.4355,
        "label": "Interpolated anomaly intensity",
        "disclaimer": "Interpolated estimate \u2014 NOT a direct measurement",
        "data_provenance": "INFERRED"
      }
    },
    {
      "type": "Feature",
      "geometry": {
        "type": "Point",
        "coordinates": [
          74.0144358974359,
          14.984538461538461
        ]
      },
      "properties": {
        "layer": "interpolated_heatmap",
        "value": 0.4356,
        "label": "Interpolated anomaly intensity",
        "disclaimer": "Interpolated estimate \u2014 NOT a direct measurement",
        "data_provenance": "INFERRED"
      }
    },
    {
      "type": "Feature",
      "geometry": {
        "type": "Point",
        "coordinates": [
          74.0144358974359,
          14.984846153846155
        ]
      },
      "properties": {
        "layer": "interpolated_heatmap",
        "value": 0.4356,
        "label": "Interpolated anomaly intensity",
        "disclaimer": "Interpolated estimate \u2014 NOT a direct measurement",
        "data_provenance": "INFERRED"
      }
    },
    {
      "type": "Feature",
      "geometry": {
        "type": "Point",
        "coordinates": [
          74.0144358974359,
          14.985153846153846
        ]
      },
      "properties": {
        "layer": "interpolated_heatmap",
        "value": 0.4357,
        "label": "Interpolated anomaly intensity",
        "disclaimer": "Interpolated estimate \u2014 NOT a direct measurement",
        "data_provenance": "INFERRED"
      }
    },
    {
      "type": "Feature",
      "geometry": {
        "type": "Point",
        "coordinates": [
          74.0144358974359,
          14.98546153846154
        ]
      },
      "properties": {
        "layer": "interpolated_heatmap",
        "value": 0.4358,
        "label": "Interpolated anomaly intensity",
        "disclaimer": "Interpolated estimate \u2014 NOT a direct measurement",
        "data_provenance": "INFERRED"
      }
    },
    {
      "type": "Feature",
      "geometry": {
        "type": "Point",
        "coordinates": [
          74.0144358974359,
          14.98576923076923
        ]
      },
      "properties": {
        "layer": "interpolated_heatmap",
        "value": 0.4359,
        "label": "Interpolated anomaly intensity",
        "disclaimer": "Interpolated estimate \u2014 NOT a direct measurement",
        "data_provenance": "INFERRED"
      }
    },
    {
      "type": "Feature",
      "geometry": {
        "type": "Point",
        "coordinates": [
          74.0144358974359,
          14.986076923076924
        ]
      },
      "properties": {
        "layer": "interpolated_heatmap",
        "value": 0.4359,
        "label": "Interpolated anomaly intensity",
        "disclaimer": "Interpolated estimate \u2014 NOT a direct measurement",
        "data_provenance": "INFERRED"
      }
    },
    {
      "type": "Feature",
      "geometry": {
        "type": "Point",
        "coordinates": [
          74.0144358974359,
          14.986384615384615
        ]
      },
      "properties": {
        "layer": "interpolated_heatmap",
        "value": 0.436,
        "label": "Interpolated anomaly intensity",
        "disclaimer": "Interpolated estimate \u2014 NOT a direct measurement",
        "data_provenance": "INFERRED"
      }
    },
    {
      "type": "Feature",
      "geometry": {
        "type": "Point",
        "coordinates": [
          74.0144358974359,
          14.986692307692309
        ]
      },
      "properties": {
        "layer": "interpolated_heatmap",
        "value": 0.4361,
        "label": "Interpolated anomaly intensity",
        "disclaimer": "Interpolated estimate \u2014 NOT a direct measurement",
        "data_provenance": "INFERRED"
      }
    },
    {
      "type": "Feature",
      "geometry": {
        "type": "Point",
        "coordinates": [
          74.0144358974359,
          14.987
        ]
      },
      "properties": {
        "layer": "interpolated_heatmap",
        "value": 0.4361,
        "label": "Interpolated anomaly intensity",
        "disclaimer": "Interpolated estimate \u2014 NOT a direct measurement",
        "data_provenance": "INFERRED"
      }
    },
    {
      "type": "Feature",
      "geometry": {
        "type": "Point",
        "coordinates": [
          74.01484615384616,
          14.975
        ]
      },
      "properties": {
        "layer": "interpolated_heatmap",
        "value": 0.4369,
        "label": "Interpolated anomaly intensity",
        "disclaimer": "Interpolated estimate \u2014 NOT a direct measurement",
        "data_provenance": "INFERRED"
      }
    },
    {
      "type": "Feature",
      "geometry": {
        "type": "Point",
        "coordinates": [
          74.01484615384616,
          14.975307692307691
        ]
      },
      "properties": {
        "layer": "interpolated_heatmap",
        "value": 0.4368,
        "label": "Interpolated anomaly intensity",
        "disclaimer": "Interpolated estimate \u2014 NOT a direct measurement",
        "data_provenance": "INFERRED"
      }
    },
    {
      "type": "Feature",
      "geometry": {
        "type": "Point",
        "coordinates": [
          74.01484615384616,
          14.975615384615384
        ]
      },
      "properties": {
        "layer": "interpolated_heatmap",
        "value": 0.4367,
        "label": "Interpolated anomaly intensity",
        "disclaimer": "Interpolated estimate \u2014 NOT a direct measurement",
        "data_provenance": "INFERRED"
      }
    },
    {
      "type": "Feature",
      "geometry": {
        "type": "Point",
        "coordinates": [
          74.01484615384616,
          14.975923076923076
        ]
      },
      "properties": {
        "layer": "interpolated_heatmap",
        "value": 0.4366,
        "label": "Interpolated anomaly intensity",
        "disclaimer": "Interpolated estimate \u2014 NOT a direct measurement",
        "data_provenance": "INFERRED"
      }
    },
    {
      "type": "Feature",
      "geometry": {
        "type": "Point",
        "coordinates": [
          74.01484615384616,
          14.976230769230769
        ]
      },
      "properties": {
        "layer": "interpolated_heatmap",
        "value": 0.4364,
        "label": "Interpolated anomaly intensity",
        "disclaimer": "Interpolated estimate \u2014 NOT a direct measurement",
        "data_provenance": "INFERRED"
      }
    },
    {
      "type": "Feature",
      "geometry": {
        "type": "Point",
        "coordinates": [
          74.01484615384616,
          14.97653846153846
        ]
      },
      "properties": {
        "layer": "interpolated_heatmap",
        "value": 0.4362,
        "label": "Interpolated anomaly intensity",
        "disclaimer": "Interpolated estimate \u2014 NOT a direct measurement",
        "data_provenance": "INFERRED"
      }
    },
    {
      "type": "Feature",
      "geometry": {
        "type": "Point",
        "coordinates": [
          74.01484615384616,
          14.976846153846154
        ]
      },
      "properties": {
        "layer": "interpolated_heatmap",
        "value": 0.436,
        "label": "Interpolated anomaly intensity",
        "disclaimer": "Interpolated estimate \u2014 NOT a direct measurement",
        "data_provenance": "INFERRED"
      }
    },
    {
      "type": "Feature",
      "geometry": {
        "type": "Point",
        "coordinates": [
          74.01484615384616,
          14.977153846153845
        ]
      },
      "properties": {
        "layer": "interpolated_heatmap",
        "value": 0.4357,
        "label": "Interpolated anomaly intensity",
        "disclaimer": "Interpolated estimate \u2014 NOT a direct measurement",
        "data_provenance": "INFERRED"
      }
    },
    {
      "type": "Feature",
      "geometry": {
        "type": "Point",
        "coordinates": [
          74.01484615384616,
          14.977461538461538
        ]
      },
      "properties": {
        "layer": "interpolated_heatmap",
        "value": 0.4354,
        "label": "Interpolated anomaly intensity",
        "disclaimer": "Interpolated estimate \u2014 NOT a direct measurement",
        "data_provenance": "INFERRED"
      }
    },
    {
      "type": "Feature",
      "geometry": {
        "type": "Point",
        "coordinates": [
          74.01484615384616,
          14.97776923076923
        ]
      },
      "properties": {
        "layer": "interpolated_heatmap",
        "value": 0.4351,
        "label": "Interpolated anomaly intensity",
        "disclaimer": "Interpolated estimate \u2014 NOT a direct measurement",
        "data_provenance": "INFERRED"
      }
    },
    {
      "type": "Feature",
      "geometry": {
        "type": "Point",
        "coordinates": [
          74.01484615384616,
          14.978076923076923
        ]
      },
      "properties": {
        "layer": "interpolated_heatmap",
        "value": 0.4347,
        "label": "Interpolated anomaly intensity",
        "disclaimer": "Interpolated estimate \u2014 NOT a direct measurement",
        "data_provenance": "INFERRED"
      }
    },
    {
      "type": "Feature",
      "geometry": {
        "type": "Point",
        "coordinates": [
          74.01484615384616,
          14.978384615384615
        ]
      },
      "properties": {
        "layer": "interpolated_heatmap",
        "value": 0.4342,
        "label": "Interpolated anomaly intensity",
        "disclaimer": "Interpolated estimate \u2014 NOT a direct measurement",
        "data_provenance": "INFERRED"
      }
    },
    {
      "type": "Feature",
      "geometry": {
        "type": "Point",
        "coordinates": [
          74.01484615384616,
          14.978692307692308
        ]
      },
      "properties": {
        "layer": "interpolated_heatmap",
        "value": 0.4336,
        "label": "Interpolated anomaly intensity",
        "disclaimer": "Interpolated estimate \u2014 NOT a direct measurement",
        "data_provenance": "INFERRED"
      }
    },
    {
      "type": "Feature",
      "geometry": {
        "type": "Point",
        "coordinates": [
          74.01484615384616,
          14.979
        ]
      },
      "properties": {
        "layer": "interpolated_heatmap",
        "value": 0.433,
        "label": "Interpolated anomaly intensity",
        "disclaimer": "Interpolated estimate \u2014 NOT a direct measurement",
        "data_provenance": "INFERRED"
      }
    },
    {
      "type": "Feature",
      "geometry": {
        "type": "Point",
        "coordinates": [
          74.01484615384616,
          14.979307692307692
        ]
      },
      "properties": {
        "layer": "interpolated_heatmap",
        "value": 0.4323,
        "label": "Interpolated anomaly intensity",
        "disclaimer": "Interpolated estimate \u2014 NOT a direct measurement",
        "data_provenance": "INFERRED"
      }
    },
    {
      "type": "Feature",
      "geometry": {
        "type": "Point",
        "coordinates": [
          74.01484615384616,
          14.979615384615384
        ]
      },
      "properties": {
        "layer": "interpolated_heatmap",
        "value": 0.4316,
        "label": "Interpolated anomaly intensity",
        "disclaimer": "Interpolated estimate \u2014 NOT a direct measurement",
        "data_provenance": "INFERRED"
      }
    },
    {
      "type": "Feature",
      "geometry": {
        "type": "Point",
        "coordinates": [
          74.01484615384616,
          14.979923076923077
        ]
      },
      "properties": {
        "layer": "interpolated_heatmap",
        "value": 0.4311,
        "label": "Interpolated anomaly intensity",
        "disclaimer": "Interpolated estimate \u2014 NOT a direct measurement",
        "data_provenance": "INFERRED"
      }
    },
    {
      "type": "Feature",
      "geometry": {
        "type": "Point",
        "coordinates": [
          74.01484615384616,
          14.980230769230769
        ]
      },
      "properties": {
        "layer": "interpolated_heatmap",
        "value": 0.4309,
        "label": "Interpolated anomaly intensity",
        "disclaimer": "Interpolated estimate \u2014 NOT a direct measurement",
        "data_provenance": "INFERRED"
      }
    },
    {
      "type": "Feature",
      "geometry": {
        "type": "Point",
        "coordinates": [
          74.01484615384616,
          14.980538461538462
        ]
      },
      "properties": {
        "layer": "interpolated_heatmap",
        "value": 0.4314,
        "label": "Interpolated anomaly intensity",
        "disclaimer": "Interpolated estimate \u2014 NOT a direct measurement",
        "data_provenance": "INFERRED"
      }
    },
    {
      "type": "Feature",
      "geometry": {
        "type": "Point",
        "coordinates": [
          74.01484615384616,
          14.980846153846153
        ]
      },
      "properties": {
        "layer": "interpolated_heatmap",
        "value": 0.4323,
        "label": "Interpolated anomaly intensity",
        "disclaimer": "Interpolated estimate \u2014 NOT a direct measurement",
        "data_provenance": "INFERRED"
      }
    },
    {
      "type": "Feature",
      "geometry": {
        "type": "Point",
        "coordinates": [
          74.01484615384616,
          14.981153846153846
        ]
      },
      "properties": {
        "layer": "interpolated_heatmap",
        "value": 0.4333,
        "label": "Interpolated anomaly intensity",
        "disclaimer": "Interpolated estimate \u2014 NOT a direct measurement",
        "data_provenance": "INFERRED"
      }
    },
    {
      "type": "Feature",
      "geometry": {
        "type": "Point",
        "coordinates": [
          74.01484615384616,
          14.981461538461538
        ]
      },
      "properties": {
        "layer": "interpolated_heatmap",
        "value": 0.434,
        "label": "Interpolated anomaly intensity",
        "disclaimer": "Interpolated estimate \u2014 NOT a direct measurement",
        "data_provenance": "INFERRED"
      }
    },
    {
      "type": "Feature",
      "geometry": {
        "type": "Point",
        "coordinates": [
          74.01484615384616,
          14.981769230769231
        ]
      },
      "properties": {
        "layer": "interpolated_heatmap",
        "value": 0.4345,
        "label": "Interpolated anomaly intensity",
        "disclaimer": "Interpolated estimate \u2014 NOT a direct measurement",
        "data_provenance": "INFERRED"
      }
    },
    {
      "type": "Feature",
      "geometry": {
        "type": "Point",
        "coordinates": [
          74.01484615384616,
          14.982076923076923
        ]
      },
      "properties": {
        "layer": "interpolated_heatmap",
        "value": 0.4348,
        "label": "Interpolated anomaly intensity",
        "disclaimer": "Interpolated estimate \u2014 NOT a direct measurement",
        "data_provenance": "INFERRED"
      }
    },
    {
      "type": "Feature",
      "geometry": {
        "type": "Point",
        "coordinates": [
          74.01484615384616,
          14.982384615384616
        ]
      },
      "properties": {
        "layer": "interpolated_heatmap",
        "value": 0.4349,
        "label": "Interpolated anomaly intensity",
        "disclaimer": "Interpolated estimate \u2014 NOT a direct measurement",
        "data_provenance": "INFERRED"
      }
    },
    {
      "type": "Feature",
      "geometry": {
        "type": "Point",
        "coordinates": [
          74.01484615384616,
          14.982692307692307
        ]
      },
      "properties": {
        "layer": "interpolated_heatmap",
        "value": 0.435,
        "label": "Interpolated anomaly intensity",
        "disclaimer": "Interpolated estimate \u2014 NOT a direct measurement",
        "data_provenance": "INFERRED"
      }
    },
    {
      "type": "Feature",
      "geometry": {
        "type": "Point",
        "coordinates": [
          74.01484615384616,
          14.983
        ]
      },
      "properties": {
        "layer": "interpolated_heatmap",
        "value": 0.4351,
        "label": "Interpolated anomaly intensity",
        "disclaimer": "Interpolated estimate \u2014 NOT a direct measurement",
        "data_provenance": "INFERRED"
      }
    },
    {
      "type": "Feature",
      "geometry": {
        "type": "Point",
        "coordinates": [
          74.01484615384616,
          14.983307692307692
        ]
      },
      "properties": {
        "layer": "interpolated_heatmap",
        "value": 0.4352,
        "label": "Interpolated anomaly intensity",
        "disclaimer": "Interpolated estimate \u2014 NOT a direct measurement",
        "data_provenance": "INFERRED"
      }
    },
    {
      "type": "Feature",
      "geometry": {
        "type": "Point",
        "coordinates": [
          74.01484615384616,
          14.983615384615385
        ]
      },
      "properties": {
        "layer": "interpolated_heatmap",
        "value": 0.4352,
        "label": "Interpolated anomaly intensity",
        "disclaimer": "Interpolated estimate \u2014 NOT a direct measurement",
        "data_provenance": "INFERRED"
      }
    },
    {
      "type": "Feature",
      "geometry": {
        "type": "Point",
        "coordinates": [
          74.01484615384616,
          14.983923076923077
        ]
      },
      "properties": {
        "layer": "interpolated_heatmap",
        "value": 0.4353,
        "label": "Interpolated anomaly intensity",
        "disclaimer": "Interpolated estimate \u2014 NOT a direct measurement",
        "data_provenance": "INFERRED"
      }
    },
    {
      "type": "Feature",
      "geometry": {
        "type": "Point",
        "coordinates": [
          74.01484615384616,
          14.98423076923077
        ]
      },
      "properties": {
        "layer": "interpolated_heatmap",
        "value": 0.4354,
        "label": "Interpolated anomaly intensity",
        "disclaimer": "Interpolated estimate \u2014 NOT a direct measurement",
        "data_provenance": "INFERRED"
      }
    },
    {
      "type": "Feature",
      "geometry": {
        "type": "Point",
        "coordinates": [
          74.01484615384616,
          14.984538461538461
        ]
      },
      "properties": {
        "layer": "interpolated_heatmap",
        "value": 0.4355,
        "label": "Interpolated anomaly intensity",
        "disclaimer": "Interpolated estimate \u2014 NOT a direct measurement",
        "data_provenance": "INFERRED"
      }
    },
    {
      "type": "Feature",
      "geometry": {
        "type": "Point",
        "coordinates": [
          74.01484615384616,
          14.984846153846155
        ]
      },
      "properties": {
        "layer": "interpolated_heatmap",
        "value": 0.4355,
        "label": "Interpolated anomaly intensity",
        "disclaimer": "Interpolated estimate \u2014 NOT a direct measurement",
        "data_provenance": "INFERRED"
      }
    },
    {
      "type": "Feature",
      "geometry": {
        "type": "Point",
        "coordinates": [
          74.01484615384616,
          14.985153846153846
        ]
      },
      "properties": {
        "layer": "interpolated_heatmap",
        "value": 0.4356,
        "label": "Interpolated anomaly intensity",
        "disclaimer": "Interpolated estimate \u2014 NOT a direct measurement",
        "data_provenance": "INFERRED"
      }
    },
    {
      "type": "Feature",
      "geometry": {
        "type": "Point",
        "coordinates": [
          74.01484615384616,
          14.98546153846154
        ]
      },
      "properties": {
        "layer": "interpolated_heatmap",
        "value": 0.4357,
        "label": "Interpolated anomaly intensity",
        "disclaimer": "Interpolated estimate \u2014 NOT a direct measurement",
        "data_provenance": "INFERRED"
      }
    },
    {
      "type": "Feature",
      "geometry": {
        "type": "Point",
        "coordinates": [
          74.01484615384616,
          14.98576923076923
        ]
      },
      "properties": {
        "layer": "interpolated_heatmap",
        "value": 0.4358,
        "label": "Interpolated anomaly intensity",
        "disclaimer": "Interpolated estimate \u2014 NOT a direct measurement",
        "data_provenance": "INFERRED"
      }
    },
    {
      "type": "Feature",
      "geometry": {
        "type": "Point",
        "coordinates": [
          74.01484615384616,
          14.986076923076924
        ]
      },
      "properties": {
        "layer": "interpolated_heatmap",
        "value": 0.4359,
        "label": "Interpolated anomaly intensity",
        "disclaimer": "Interpolated estimate \u2014 NOT a direct measurement",
        "data_provenance": "INFERRED"
      }
    },
    {
      "type": "Feature",
      "geometry": {
        "type": "Point",
        "coordinates": [
          74.01484615384616,
          14.986384615384615
        ]
      },
      "properties": {
        "layer": "interpolated_heatmap",
        "value": 0.4359,
        "label": "Interpolated anomaly intensity",
        "disclaimer": "Interpolated estimate \u2014 NOT a direct measurement",
        "data_provenance": "INFERRED"
      }
    },
    {
      "type": "Feature",
      "geometry": {
        "type": "Point",
        "coordinates": [
          74.01484615384616,
          14.986692307692309
        ]
      },
      "properties": {
        "layer": "interpolated_heatmap",
        "value": 0.436,
        "label": "Interpolated anomaly intensity",
        "disclaimer": "Interpolated estimate \u2014 NOT a direct measurement",
        "data_provenance": "INFERRED"
      }
    },
    {
      "type": "Feature",
      "geometry": {
        "type": "Point",
        "coordinates": [
          74.01484615384616,
          14.987
        ]
      },
      "properties": {
        "layer": "interpolated_heatmap",
        "value": 0.4361,
        "label": "Interpolated anomaly intensity",
        "disclaimer": "Interpolated estimate \u2014 NOT a direct measurement",
        "data_provenance": "INFERRED"
      }
    },
    {
      "type": "Feature",
      "geometry": {
        "type": "Point",
        "coordinates": [
          74.01525641025641,
          14.975
        ]
      },
      "properties": {
        "layer": "interpolated_heatmap",
        "value": 0.4367,
        "label": "Interpolated anomaly intensity",
        "disclaimer": "Interpolated estimate \u2014 NOT a direct measurement",
        "data_provenance": "INFERRED"
      }
    },
    {
      "type": "Feature",
      "geometry": {
        "type": "Point",
        "coordinates": [
          74.01525641025641,
          14.975307692307691
        ]
      },
      "properties": {
        "layer": "interpolated_heatmap",
        "value": 0.4366,
        "label": "Interpolated anomaly intensity",
        "disclaimer": "Interpolated estimate \u2014 NOT a direct measurement",
        "data_provenance": "INFERRED"
      }
    },
    {
      "type": "Feature",
      "geometry": {
        "type": "Point",
        "coordinates": [
          74.01525641025641,
          14.975615384615384
        ]
      },
      "properties": {
        "layer": "interpolated_heatmap",
        "value": 0.4364,
        "label": "Interpolated anomaly intensity",
        "disclaimer": "Interpolated estimate \u2014 NOT a direct measurement",
        "data_provenance": "INFERRED"
      }
    },
    {
      "type": "Feature",
      "geometry": {
        "type": "Point",
        "coordinates": [
          74.01525641025641,
          14.975923076923076
        ]
      },
      "properties": {
        "layer": "interpolated_heatmap",
        "value": 0.4362,
        "label": "Interpolated anomaly intensity",
        "disclaimer": "Interpolated estimate \u2014 NOT a direct measurement",
        "data_provenance": "INFERRED"
      }
    },
    {
      "type": "Feature",
      "geometry": {
        "type": "Point",
        "coordinates": [
          74.01525641025641,
          14.976230769230769
        ]
      },
      "properties": {
        "layer": "interpolated_heatmap",
        "value": 0.4361,
        "label": "Interpolated anomaly intensity",
        "disclaimer": "Interpolated estimate \u2014 NOT a direct measurement",
        "data_provenance": "INFERRED"
      }
    },
    {
      "type": "Feature",
      "geometry": {
        "type": "Point",
        "coordinates": [
          74.01525641025641,
          14.97653846153846
        ]
      },
      "properties": {
        "layer": "interpolated_heatmap",
        "value": 0.4358,
        "label": "Interpolated anomaly intensity",
        "disclaimer": "Interpolated estimate \u2014 NOT a direct measurement",
        "data_provenance": "INFERRED"
      }
    },
    {
      "type": "Feature",
      "geometry": {
        "type": "Point",
        "coordinates": [
          74.01525641025641,
          14.976846153846154
        ]
      },
      "properties": {
        "layer": "interpolated_heatmap",
        "value": 0.4356,
        "label": "Interpolated anomaly intensity",
        "disclaimer": "Interpolated estimate \u2014 NOT a direct measurement",
        "data_provenance": "INFERRED"
      }
    },
    {
      "type": "Feature",
      "geometry": {
        "type": "Point",
        "coordinates": [
          74.01525641025641,
          14.977153846153845
        ]
      },
      "properties": {
        "layer": "interpolated_heatmap",
        "value": 0.4353,
        "label": "Interpolated anomaly intensity",
        "disclaimer": "Interpolated estimate \u2014 NOT a direct measurement",
        "data_provenance": "INFERRED"
      }
    },
    {
      "type": "Feature",
      "geometry": {
        "type": "Point",
        "coordinates": [
          74.01525641025641,
          14.977461538461538
        ]
      },
      "properties": {
        "layer": "interpolated_heatmap",
        "value": 0.4349,
        "label": "Interpolated anomaly intensity",
        "disclaimer": "Interpolated estimate \u2014 NOT a direct measurement",
        "data_provenance": "INFERRED"
      }
    },
    {
      "type": "Feature",
      "geometry": {
        "type": "Point",
        "coordinates": [
          74.01525641025641,
          14.97776923076923
        ]
      },
      "properties": {
        "layer": "interpolated_heatmap",
        "value": 0.4344,
        "label": "Interpolated anomaly intensity",
        "disclaimer": "Interpolated estimate \u2014 NOT a direct measurement",
        "data_provenance": "INFERRED"
      }
    },
    {
      "type": "Feature",
      "geometry": {
        "type": "Point",
        "coordinates": [
          74.01525641025641,
          14.978076923076923
        ]
      },
      "properties": {
        "layer": "interpolated_heatmap",
        "value": 0.4339,
        "label": "Interpolated anomaly intensity",
        "disclaimer": "Interpolated estimate \u2014 NOT a direct measurement",
        "data_provenance": "INFERRED"
      }
    },
    {
      "type": "Feature",
      "geometry": {
        "type": "Point",
        "coordinates": [
          74.01525641025641,
          14.978384615384615
        ]
      },
      "properties": {
        "layer": "interpolated_heatmap",
        "value": 0.4332,
        "label": "Interpolated anomaly intensity",
        "disclaimer": "Interpolated estimate \u2014 NOT a direct measurement",
        "data_provenance": "INFERRED"
      }
    },
    {
      "type": "Feature",
      "geometry": {
        "type": "Point",
        "coordinates": [
          74.01525641025641,
          14.978692307692308
        ]
      },
      "properties": {
        "layer": "interpolated_heatmap",
        "value": 0.4324,
        "label": "Interpolated anomaly intensity",
        "disclaimer": "Interpolated estimate \u2014 NOT a direct measurement",
        "data_provenance": "INFERRED"
      }
    },
    {
      "type": "Feature",
      "geometry": {
        "type": "Point",
        "coordinates": [
          74.01525641025641,
          14.979
        ]
      },
      "properties": {
        "layer": "interpolated_heatmap",
        "value": 0.4313,
        "label": "Interpolated anomaly intensity",
        "disclaimer": "Interpolated estimate \u2014 NOT a direct measurement",
        "data_provenance": "INFERRED"
      }
    },
    {
      "type": "Feature",
      "geometry": {
        "type": "Point",
        "coordinates": [
          74.01525641025641,
          14.979307692307692
        ]
      },
      "properties": {
        "layer": "interpolated_heatmap",
        "value": 0.43,
        "label": "Interpolated anomaly intensity",
        "disclaimer": "Interpolated estimate \u2014 NOT a direct measurement",
        "data_provenance": "INFERRED"
      }
    },
    {
      "type": "Feature",
      "geometry": {
        "type": "Point",
        "coordinates": [
          74.01525641025641,
          14.979615384615384
        ]
      },
      "properties": {
        "layer": "interpolated_heatmap",
        "value": 0.4282,
        "label": "Interpolated anomaly intensity",
        "disclaimer": "Interpolated estimate \u2014 NOT a direct measurement",
        "data_provenance": "INFERRED"
      }
    },
    {
      "type": "Feature",
      "geometry": {
        "type": "Point",
        "coordinates": [
          74.01525641025641,
          14.979923076923077
        ]
      },
      "properties": {
        "layer": "interpolated_heatmap",
        "value": 0.4261,
        "label": "Interpolated anomaly intensity",
        "disclaimer": "Interpolated estimate \u2014 NOT a direct measurement",
        "data_provenance": "INFERRED"
      }
    },
    {
      "type": "Feature",
      "geometry": {
        "type": "Point",
        "coordinates": [
          74.01525641025641,
          14.980230769230769
        ]
      },
      "properties": {
        "layer": "interpolated_heatmap",
        "value": 0.4244,
        "label": "Interpolated anomaly intensity",
        "disclaimer": "Interpolated estimate \u2014 NOT a direct measurement",
        "data_provenance": "INFERRED"
      }
    },
    {
      "type": "Feature",
      "geometry": {
        "type": "Point",
        "coordinates": [
          74.01525641025641,
          14.980538461538462
        ]
      },
      "properties": {
        "layer": "interpolated_heatmap",
        "value": 0.4245,
        "label": "Interpolated anomaly intensity",
        "disclaimer": "Interpolated estimate \u2014 NOT a direct measurement",
        "data_provenance": "INFERRED"
      }
    },
    {
      "type": "Feature",
      "geometry": {
        "type": "Point",
        "coordinates": [
          74.01525641025641,
          14.980846153846153
        ]
      },
      "properties": {
        "layer": "interpolated_heatmap",
        "value": 0.4269,
        "label": "Interpolated anomaly intensity",
        "disclaimer": "Interpolated estimate \u2014 NOT a direct measurement",
        "data_provenance": "INFERRED"
      }
    },
    {
      "type": "Feature",
      "geometry": {
        "type": "Point",
        "coordinates": [
          74.01525641025641,
          14.981153846153846
        ]
      },
      "properties": {
        "layer": "interpolated_heatmap",
        "value": 0.4299,
        "label": "Interpolated anomaly intensity",
        "disclaimer": "Interpolated estimate \u2014 NOT a direct measurement",
        "data_provenance": "INFERRED"
      }
    },
    {
      "type": "Feature",
      "geometry": {
        "type": "Point",
        "coordinates": [
          74.01525641025641,
          14.981461538461538
        ]
      },
      "properties": {
        "layer": "interpolated_heatmap",
        "value": 0.432,
        "label": "Interpolated anomaly intensity",
        "disclaimer": "Interpolated estimate \u2014 NOT a direct measurement",
        "data_provenance": "INFERRED"
      }
    },
    {
      "type": "Feature",
      "geometry": {
        "type": "Point",
        "coordinates": [
          74.01525641025641,
          14.981769230769231
        ]
      },
      "properties": {
        "layer": "interpolated_heatmap",
        "value": 0.4333,
        "label": "Interpolated anomaly intensity",
        "disclaimer": "Interpolated estimate \u2014 NOT a direct measurement",
        "data_provenance": "INFERRED"
      }
    },
    {
      "type": "Feature",
      "geometry": {
        "type": "Point",
        "coordinates": [
          74.01525641025641,
          14.982076923076923
        ]
      },
      "properties": {
        "layer": "interpolated_heatmap",
        "value": 0.434,
        "label": "Interpolated anomaly intensity",
        "disclaimer": "Interpolated estimate \u2014 NOT a direct measurement",
        "data_provenance": "INFERRED"
      }
    },
    {
      "type": "Feature",
      "geometry": {
        "type": "Point",
        "coordinates": [
          74.01525641025641,
          14.982384615384616
        ]
      },
      "properties": {
        "layer": "interpolated_heatmap",
        "value": 0.4344,
        "label": "Interpolated anomaly intensity",
        "disclaimer": "Interpolated estimate \u2014 NOT a direct measurement",
        "data_provenance": "INFERRED"
      }
    },
    {
      "type": "Feature",
      "geometry": {
        "type": "Point",
        "coordinates": [
          74.01525641025641,
          14.982692307692307
        ]
      },
      "properties": {
        "layer": "interpolated_heatmap",
        "value": 0.4346,
        "label": "Interpolated anomaly intensity",
        "disclaimer": "Interpolated estimate \u2014 NOT a direct measurement",
        "data_provenance": "INFERRED"
      }
    },
    {
      "type": "Feature",
      "geometry": {
        "type": "Point",
        "coordinates": [
          74.01525641025641,
          14.983
        ]
      },
      "properties": {
        "layer": "interpolated_heatmap",
        "value": 0.4348,
        "label": "Interpolated anomaly intensity",
        "disclaimer": "Interpolated estimate \u2014 NOT a direct measurement",
        "data_provenance": "INFERRED"
      }
    },
    {
      "type": "Feature",
      "geometry": {
        "type": "Point",
        "coordinates": [
          74.01525641025641,
          14.983307692307692
        ]
      },
      "properties": {
        "layer": "interpolated_heatmap",
        "value": 0.4349,
        "label": "Interpolated anomaly intensity",
        "disclaimer": "Interpolated estimate \u2014 NOT a direct measurement",
        "data_provenance": "INFERRED"
      }
    },
    {
      "type": "Feature",
      "geometry": {
        "type": "Point",
        "coordinates": [
          74.01525641025641,
          14.983615384615385
        ]
      },
      "properties": {
        "layer": "interpolated_heatmap",
        "value": 0.435,
        "label": "Interpolated anomaly intensity",
        "disclaimer": "Interpolated estimate \u2014 NOT a direct measurement",
        "data_provenance": "INFERRED"
      }
    },
    {
      "type": "Feature",
      "geometry": {
        "type": "Point",
        "coordinates": [
          74.01525641025641,
          14.983923076923077
        ]
      },
      "properties": {
        "layer": "interpolated_heatmap",
        "value": 0.4352,
        "label": "Interpolated anomaly intensity",
        "disclaimer": "Interpolated estimate \u2014 NOT a direct measurement",
        "data_provenance": "INFERRED"
      }
    },
    {
      "type": "Feature",
      "geometry": {
        "type": "Point",
        "coordinates": [
          74.01525641025641,
          14.98423076923077
        ]
      },
      "properties": {
        "layer": "interpolated_heatmap",
        "value": 0.4352,
        "label": "Interpolated anomaly intensity",
        "disclaimer": "Interpolated estimate \u2014 NOT a direct measurement",
        "data_provenance": "INFERRED"
      }
    },
    {
      "type": "Feature",
      "geometry": {
        "type": "Point",
        "coordinates": [
          74.01525641025641,
          14.984538461538461
        ]
      },
      "properties": {
        "layer": "interpolated_heatmap",
        "value": 0.4353,
        "label": "Interpolated anomaly intensity",
        "disclaimer": "Interpolated estimate \u2014 NOT a direct measurement",
        "data_provenance": "INFERRED"
      }
    },
    {
      "type": "Feature",
      "geometry": {
        "type": "Point",
        "coordinates": [
          74.01525641025641,
          14.984846153846155
        ]
      },
      "properties": {
        "layer": "interpolated_heatmap",
        "value": 0.4354,
        "label": "Interpolated anomaly intensity",
        "disclaimer": "Interpolated estimate \u2014 NOT a direct measurement",
        "data_provenance": "INFERRED"
      }
    },
    {
      "type": "Feature",
      "geometry": {
        "type": "Point",
        "coordinates": [
          74.01525641025641,
          14.985153846153846
        ]
      },
      "properties": {
        "layer": "interpolated_heatmap",
        "value": 0.4355,
        "label": "Interpolated anomaly intensity",
        "disclaimer": "Interpolated estimate \u2014 NOT a direct measurement",
        "data_provenance": "INFERRED"
      }
    },
    {
      "type": "Feature",
      "geometry": {
        "type": "Point",
        "coordinates": [
          74.01525641025641,
          14.98546153846154
        ]
      },
      "properties": {
        "layer": "interpolated_heatmap",
        "value": 0.4356,
        "label": "Interpolated anomaly intensity",
        "disclaimer": "Interpolated estimate \u2014 NOT a direct measurement",
        "data_provenance": "INFERRED"
      }
    },
    {
      "type": "Feature",
      "geometry": {
        "type": "Point",
        "coordinates": [
          74.01525641025641,
          14.98576923076923
        ]
      },
      "properties": {
        "layer": "interpolated_heatmap",
        "value": 0.4357,
        "label": "Interpolated anomaly intensity",
        "disclaimer": "Interpolated estimate \u2014 NOT a direct measurement",
        "data_provenance": "INFERRED"
      }
    },
    {
      "type": "Feature",
      "geometry": {
        "type": "Point",
        "coordinates": [
          74.01525641025641,
          14.986076923076924
        ]
      },
      "properties": {
        "layer": "interpolated_heatmap",
        "value": 0.4358,
        "label": "Interpolated anomaly intensity",
        "disclaimer": "Interpolated estimate \u2014 NOT a direct measurement",
        "data_provenance": "INFERRED"
      }
    },
    {
      "type": "Feature",
      "geometry": {
        "type": "Point",
        "coordinates": [
          74.01525641025641,
          14.986384615384615
        ]
      },
      "properties": {
        "layer": "interpolated_heatmap",
        "value": 0.4358,
        "label": "Interpolated anomaly intensity",
        "disclaimer": "Interpolated estimate \u2014 NOT a direct measurement",
        "data_provenance": "INFERRED"
      }
    },
    {
      "type": "Feature",
      "geometry": {
        "type": "Point",
        "coordinates": [
          74.01525641025641,
          14.986692307692309
        ]
      },
      "properties": {
        "layer": "interpolated_heatmap",
        "value": 0.4359,
        "label": "Interpolated anomaly intensity",
        "disclaimer": "Interpolated estimate \u2014 NOT a direct measurement",
        "data_provenance": "INFERRED"
      }
    },
    {
      "type": "Feature",
      "geometry": {
        "type": "Point",
        "coordinates": [
          74.01525641025641,
          14.987
        ]
      },
      "properties": {
        "layer": "interpolated_heatmap",
        "value": 0.436,
        "label": "Interpolated anomaly intensity",
        "disclaimer": "Interpolated estimate \u2014 NOT a direct measurement",
        "data_provenance": "INFERRED"
      }
    },
    {
      "type": "Feature",
      "geometry": {
        "type": "Point",
        "coordinates": [
          74.01566666666668,
          14.975
        ]
      },
      "properties": {
        "layer": "interpolated_heatmap",
        "value": 0.4365,
        "label": "Interpolated anomaly intensity",
        "disclaimer": "Interpolated estimate \u2014 NOT a direct measurement",
        "data_provenance": "INFERRED"
      }
    },
    {
      "type": "Feature",
      "geometry": {
        "type": "Point",
        "coordinates": [
          74.01566666666668,
          14.975307692307691
        ]
      },
      "properties": {
        "layer": "interpolated_heatmap",
        "value": 0.4363,
        "label": "Interpolated anomaly intensity",
        "disclaimer": "Interpolated estimate \u2014 NOT a direct measurement",
        "data_provenance": "INFERRED"
      }
    },
    {
      "type": "Feature",
      "geometry": {
        "type": "Point",
        "coordinates": [
          74.01566666666668,
          14.975615384615384
        ]
      },
      "properties": {
        "layer": "interpolated_heatmap",
        "value": 0.4362,
        "label": "Interpolated anomaly intensity",
        "disclaimer": "Interpolated estimate \u2014 NOT a direct measurement",
        "data_provenance": "INFERRED"
      }
    },
    {
      "type": "Feature",
      "geometry": {
        "type": "Point",
        "coordinates": [
          74.01566666666668,
          14.975923076923076
        ]
      },
      "properties": {
        "layer": "interpolated_heatmap",
        "value": 0.436,
        "label": "Interpolated anomaly intensity",
        "disclaimer": "Interpolated estimate \u2014 NOT a direct measurement",
        "data_provenance": "INFERRED"
      }
    },
    {
      "type": "Feature",
      "geometry": {
        "type": "Point",
        "coordinates": [
          74.01566666666668,
          14.976230769230769
        ]
      },
      "properties": {
        "layer": "interpolated_heatmap",
        "value": 0.4357,
        "label": "Interpolated anomaly intensity",
        "disclaimer": "Interpolated estimate \u2014 NOT a direct measurement",
        "data_provenance": "INFERRED"
      }
    },
    {
      "type": "Feature",
      "geometry": {
        "type": "Point",
        "coordinates": [
          74.01566666666668,
          14.97653846153846
        ]
      },
      "properties": {
        "layer": "interpolated_heatmap",
        "value": 0.4355,
        "label": "Interpolated anomaly intensity",
        "disclaimer": "Interpolated estimate \u2014 NOT a direct measurement",
        "data_provenance": "INFERRED"
      }
    },
    {
      "type": "Feature",
      "geometry": {
        "type": "Point",
        "coordinates": [
          74.01566666666668,
          14.976846153846154
        ]
      },
      "properties": {
        "layer": "interpolated_heatmap",
        "value": 0.4352,
        "label": "Interpolated anomaly intensity",
        "disclaimer": "Interpolated estimate \u2014 NOT a direct measurement",
        "data_provenance": "INFERRED"
      }
    },
    {
      "type": "Feature",
      "geometry": {
        "type": "Point",
        "coordinates": [
          74.01566666666668,
          14.977153846153845
        ]
      },
      "properties": {
        "layer": "interpolated_heatmap",
        "value": 0.4348,
        "label": "Interpolated anomaly intensity",
        "disclaimer": "Interpolated estimate \u2014 NOT a direct measurement",
        "data_provenance": "INFERRED"
      }
    },
    {
      "type": "Feature",
      "geometry": {
        "type": "Point",
        "coordinates": [
          74.01566666666668,
          14.977461538461538
        ]
      },
      "properties": {
        "layer": "interpolated_heatmap",
        "value": 0.4344,
        "label": "Interpolated anomaly intensity",
        "disclaimer": "Interpolated estimate \u2014 NOT a direct measurement",
        "data_provenance": "INFERRED"
      }
    },
    {
      "type": "Feature",
      "geometry": {
        "type": "Point",
        "coordinates": [
          74.01566666666668,
          14.97776923076923
        ]
      },
      "properties": {
        "layer": "interpolated_heatmap",
        "value": 0.4339,
        "label": "Interpolated anomaly intensity",
        "disclaimer": "Interpolated estimate \u2014 NOT a direct measurement",
        "data_provenance": "INFERRED"
      }
    },
    {
      "type": "Feature",
      "geometry": {
        "type": "Point",
        "coordinates": [
          74.01566666666668,
          14.978076923076923
        ]
      },
      "properties": {
        "layer": "interpolated_heatmap",
        "value": 0.4332,
        "label": "Interpolated anomaly intensity",
        "disclaimer": "Interpolated estimate \u2014 NOT a direct measurement",
        "data_provenance": "INFERRED"
      }
    },
    {
      "type": "Feature",
      "geometry": {
        "type": "Point",
        "coordinates": [
          74.01566666666668,
          14.978384615384615
        ]
      },
      "properties": {
        "layer": "interpolated_heatmap",
        "value": 0.4323,
        "label": "Interpolated anomaly intensity",
        "disclaimer": "Interpolated estimate \u2014 NOT a direct measurement",
        "data_provenance": "INFERRED"
      }
    },
    {
      "type": "Feature",
      "geometry": {
        "type": "Point",
        "coordinates": [
          74.01566666666668,
          14.978692307692308
        ]
      },
      "properties": {
        "layer": "interpolated_heatmap",
        "value": 0.4312,
        "label": "Interpolated anomaly intensity",
        "disclaimer": "Interpolated estimate \u2014 NOT a direct measurement",
        "data_provenance": "INFERRED"
      }
    },
    {
      "type": "Feature",
      "geometry": {
        "type": "Point",
        "coordinates": [
          74.01566666666668,
          14.979
        ]
      },
      "properties": {
        "layer": "interpolated_heatmap",
        "value": 0.4297,
        "label": "Interpolated anomaly intensity",
        "disclaimer": "Interpolated estimate \u2014 NOT a direct measurement",
        "data_provenance": "INFERRED"
      }
    },
    {
      "type": "Feature",
      "geometry": {
        "type": "Point",
        "coordinates": [
          74.01566666666668,
          14.979307692307692
        ]
      },
      "properties": {
        "layer": "interpolated_heatmap",
        "value": 0.4274,
        "label": "Interpolated anomaly intensity",
        "disclaimer": "Interpolated estimate \u2014 NOT a direct measurement",
        "data_provenance": "INFERRED"
      }
    },
    {
      "type": "Feature",
      "geometry": {
        "type": "Point",
        "coordinates": [
          74.01566666666668,
          14.979615384615384
        ]
      },
      "properties": {
        "layer": "interpolated_heatmap",
        "value": 0.4239,
        "label": "Interpolated anomaly intensity",
        "disclaimer": "Interpolated estimate \u2014 NOT a direct measurement",
        "data_provenance": "INFERRED"
      }
    },
    {
      "type": "Feature",
      "geometry": {
        "type": "Point",
        "coordinates": [
          74.01566666666668,
          14.979923076923077
        ]
      },
      "properties": {
        "layer": "interpolated_heatmap",
        "value": 0.4186,
        "label": "Interpolated anomaly intensity",
        "disclaimer": "Interpolated estimate \u2014 NOT a direct measurement",
        "data_provenance": "INFERRED"
      }
    },
    {
      "type": "Feature",
      "geometry": {
        "type": "Point",
        "coordinates": [
          74.01566666666668,
          14.980230769230769
        ]
      },
      "properties": {
        "layer": "interpolated_heatmap",
        "value": 0.4118,
        "label": "Interpolated anomaly intensity",
        "disclaimer": "Interpolated estimate \u2014 NOT a direct measurement",
        "data_provenance": "INFERRED"
      }
    },
    {
      "type": "Feature",
      "geometry": {
        "type": "Point",
        "coordinates": [
          74.01566666666668,
          14.980538461538462
        ]
      },
      "properties": {
        "layer": "interpolated_heatmap",
        "value": 0.409,
        "label": "Interpolated anomaly intensity",
        "disclaimer": "Interpolated estimate \u2014 NOT a direct measurement",
        "data_provenance": "INFERRED"
      }
    },
    {
      "type": "Feature",
      "geometry": {
        "type": "Point",
        "coordinates": [
          74.01566666666668,
          14.980846153846153
        ]
      },
      "properties": {
        "layer": "interpolated_heatmap",
        "value": 0.4156,
        "label": "Interpolated anomaly intensity",
        "disclaimer": "Interpolated estimate \u2014 NOT a direct measurement",
        "data_provenance": "INFERRED"
      }
    },
    {
      "type": "Feature",
      "geometry": {
        "type": "Point",
        "coordinates": [
          74.01566666666668,
          14.981153846153846
        ]
      },
      "properties": {
        "layer": "interpolated_heatmap",
        "value": 0.4238,
        "label": "Interpolated anomaly intensity",
        "disclaimer": "Interpolated estimate \u2014 NOT a direct measurement",
        "data_provenance": "INFERRED"
      }
    },
    {
      "type": "Feature",
      "geometry": {
        "type": "Point",
        "coordinates": [
          74.01566666666668,
          14.981461538461538
        ]
      },
      "properties": {
        "layer": "interpolated_heatmap",
        "value": 0.4288,
        "label": "Interpolated anomaly intensity",
        "disclaimer": "Interpolated estimate \u2014 NOT a direct measurement",
        "data_provenance": "INFERRED"
      }
    },
    {
      "type": "Feature",
      "geometry": {
        "type": "Point",
        "coordinates": [
          74.01566666666668,
          14.981769230769231
        ]
      },
      "properties": {
        "layer": "interpolated_heatmap",
        "value": 0.4315,
        "label": "Interpolated anomaly intensity",
        "disclaimer": "Interpolated estimate \u2014 NOT a direct measurement",
        "data_provenance": "INFERRED"
      }
    },
    {
      "type": "Feature",
      "geometry": {
        "type": "Point",
        "coordinates": [
          74.01566666666668,
          14.982076923076923
        ]
      },
      "properties": {
        "layer": "interpolated_heatmap",
        "value": 0.4329,
        "label": "Interpolated anomaly intensity",
        "disclaimer": "Interpolated estimate \u2014 NOT a direct measurement",
        "data_provenance": "INFERRED"
      }
    },
    {
      "type": "Feature",
      "geometry": {
        "type": "Point",
        "coordinates": [
          74.01566666666668,
          14.982384615384616
        ]
      },
      "properties": {
        "layer": "interpolated_heatmap",
        "value": 0.4336,
        "label": "Interpolated anomaly intensity",
        "disclaimer": "Interpolated estimate \u2014 NOT a direct measurement",
        "data_provenance": "INFERRED"
      }
    },
    {
      "type": "Feature",
      "geometry": {
        "type": "Point",
        "coordinates": [
          74.01566666666668,
          14.982692307692307
        ]
      },
      "properties": {
        "layer": "interpolated_heatmap",
        "value": 0.4341,
        "label": "Interpolated anomaly intensity",
        "disclaimer": "Interpolated estimate \u2014 NOT a direct measurement",
        "data_provenance": "INFERRED"
      }
    },
    {
      "type": "Feature",
      "geometry": {
        "type": "Point",
        "coordinates": [
          74.01566666666668,
          14.983
        ]
      },
      "properties": {
        "layer": "interpolated_heatmap",
        "value": 0.4344,
        "label": "Interpolated anomaly intensity",
        "disclaimer": "Interpolated estimate \u2014 NOT a direct measurement",
        "data_provenance": "INFERRED"
      }
    },
    {
      "type": "Feature",
      "geometry": {
        "type": "Point",
        "coordinates": [
          74.01566666666668,
          14.983307692307692
        ]
      },
      "properties": {
        "layer": "interpolated_heatmap",
        "value": 0.4347,
        "label": "Interpolated anomaly intensity",
        "disclaimer": "Interpolated estimate \u2014 NOT a direct measurement",
        "data_provenance": "INFERRED"
      }
    },
    {
      "type": "Feature",
      "geometry": {
        "type": "Point",
        "coordinates": [
          74.01566666666668,
          14.983615384615385
        ]
      },
      "properties": {
        "layer": "interpolated_heatmap",
        "value": 0.4348,
        "label": "Interpolated anomaly intensity",
        "disclaimer": "Interpolated estimate \u2014 NOT a direct measurement",
        "data_provenance": "INFERRED"
      }
    },
    {
      "type": "Feature",
      "geometry": {
        "type": "Point",
        "coordinates": [
          74.01566666666668,
          14.983923076923077
        ]
      },
      "properties": {
        "layer": "interpolated_heatmap",
        "value": 0.435,
        "label": "Interpolated anomaly intensity",
        "disclaimer": "Interpolated estimate \u2014 NOT a direct measurement",
        "data_provenance": "INFERRED"
      }
    },
    {
      "type": "Feature",
      "geometry": {
        "type": "Point",
        "coordinates": [
          74.01566666666668,
          14.98423076923077
        ]
      },
      "properties": {
        "layer": "interpolated_heatmap",
        "value": 0.4351,
        "label": "Interpolated anomaly intensity",
        "disclaimer": "Interpolated estimate \u2014 NOT a direct measurement",
        "data_provenance": "INFERRED"
      }
    },
    {
      "type": "Feature",
      "geometry": {
        "type": "Point",
        "coordinates": [
          74.01566666666668,
          14.984538461538461
        ]
      },
      "properties": {
        "layer": "interpolated_heatmap",
        "value": 0.4352,
        "label": "Interpolated anomaly intensity",
        "disclaimer": "Interpolated estimate \u2014 NOT a direct measurement",
        "data_provenance": "INFERRED"
      }
    },
    {
      "type": "Feature",
      "geometry": {
        "type": "Point",
        "coordinates": [
          74.01566666666668,
          14.984846153846155
        ]
      },
      "properties": {
        "layer": "interpolated_heatmap",
        "value": 0.4353,
        "label": "Interpolated anomaly intensity",
        "disclaimer": "Interpolated estimate \u2014 NOT a direct measurement",
        "data_provenance": "INFERRED"
      }
    },
    {
      "type": "Feature",
      "geometry": {
        "type": "Point",
        "coordinates": [
          74.01566666666668,
          14.985153846153846
        ]
      },
      "properties": {
        "layer": "interpolated_heatmap",
        "value": 0.4354,
        "label": "Interpolated anomaly intensity",
        "disclaimer": "Interpolated estimate \u2014 NOT a direct measurement",
        "data_provenance": "INFERRED"
      }
    },
    {
      "type": "Feature",
      "geometry": {
        "type": "Point",
        "coordinates": [
          74.01566666666668,
          14.98546153846154
        ]
      },
      "properties": {
        "layer": "interpolated_heatmap",
        "value": 0.4355,
        "label": "Interpolated anomaly intensity",
        "disclaimer": "Interpolated estimate \u2014 NOT a direct measurement",
        "data_provenance": "INFERRED"
      }
    },
    {
      "type": "Feature",
      "geometry": {
        "type": "Point",
        "coordinates": [
          74.01566666666668,
          14.98576923076923
        ]
      },
      "properties": {
        "layer": "interpolated_heatmap",
        "value": 0.4356,
        "label": "Interpolated anomaly intensity",
        "disclaimer": "Interpolated estimate \u2014 NOT a direct measurement",
        "data_provenance": "INFERRED"
      }
    },
    {
      "type": "Feature",
      "geometry": {
        "type": "Point",
        "coordinates": [
          74.01566666666668,
          14.986076923076924
        ]
      },
      "properties": {
        "layer": "interpolated_heatmap",
        "value": 0.4357,
        "label": "Interpolated anomaly intensity",
        "disclaimer": "Interpolated estimate \u2014 NOT a direct measurement",
        "data_provenance": "INFERRED"
      }
    },
    {
      "type": "Feature",
      "geometry": {
        "type": "Point",
        "coordinates": [
          74.01566666666668,
          14.986384615384615
        ]
      },
      "properties": {
        "layer": "interpolated_heatmap",
        "value": 0.4358,
        "label": "Interpolated anomaly intensity",
        "disclaimer": "Interpolated estimate \u2014 NOT a direct measurement",
        "data_provenance": "INFERRED"
      }
    },
    {
      "type": "Feature",
      "geometry": {
        "type": "Point",
        "coordinates": [
          74.01566666666668,
          14.986692307692309
        ]
      },
      "properties": {
        "layer": "interpolated_heatmap",
        "value": 0.4358,
        "label": "Interpolated anomaly intensity",
        "disclaimer": "Interpolated estimate \u2014 NOT a direct measurement",
        "data_provenance": "INFERRED"
      }
    },
    {
      "type": "Feature",
      "geometry": {
        "type": "Point",
        "coordinates": [
          74.01566666666668,
          14.987
        ]
      },
      "properties": {
        "layer": "interpolated_heatmap",
        "value": 0.4359,
        "label": "Interpolated anomaly intensity",
        "disclaimer": "Interpolated estimate \u2014 NOT a direct measurement",
        "data_provenance": "INFERRED"
      }
    },
    {
      "type": "Feature",
      "geometry": {
        "type": "Point",
        "coordinates": [
          74.01607692307692,
          14.975
        ]
      },
      "properties": {
        "layer": "interpolated_heatmap",
        "value": 0.4363,
        "label": "Interpolated anomaly intensity",
        "disclaimer": "Interpolated estimate \u2014 NOT a direct measurement",
        "data_provenance": "INFERRED"
      }
    },
    {
      "type": "Feature",
      "geometry": {
        "type": "Point",
        "coordinates": [
          74.01607692307692,
          14.975307692307691
        ]
      },
      "properties": {
        "layer": "interpolated_heatmap",
        "value": 0.4361,
        "label": "Interpolated anomaly intensity",
        "disclaimer": "Interpolated estimate \u2014 NOT a direct measurement",
        "data_provenance": "INFERRED"
      }
    },
    {
      "type": "Feature",
      "geometry": {
        "type": "Point",
        "coordinates": [
          74.01607692307692,
          14.975615384615384
        ]
      },
      "properties": {
        "layer": "interpolated_heatmap",
        "value": 0.4359,
        "label": "Interpolated anomaly intensity",
        "disclaimer": "Interpolated estimate \u2014 NOT a direct measurement",
        "data_provenance": "INFERRED"
      }
    },
    {
      "type": "Feature",
      "geometry": {
        "type": "Point",
        "coordinates": [
          74.01607692307692,
          14.975923076923076
        ]
      },
      "properties": {
        "layer": "interpolated_heatmap",
        "value": 0.4357,
        "label": "Interpolated anomaly intensity",
        "disclaimer": "Interpolated estimate \u2014 NOT a direct measurement",
        "data_provenance": "INFERRED"
      }
    },
    {
      "type": "Feature",
      "geometry": {
        "type": "Point",
        "coordinates": [
          74.01607692307692,
          14.976230769230769
        ]
      },
      "properties": {
        "layer": "interpolated_heatmap",
        "value": 0.4355,
        "label": "Interpolated anomaly intensity",
        "disclaimer": "Interpolated estimate \u2014 NOT a direct measurement",
        "data_provenance": "INFERRED"
      }
    },
    {
      "type": "Feature",
      "geometry": {
        "type": "Point",
        "coordinates": [
          74.01607692307692,
          14.97653846153846
        ]
      },
      "properties": {
        "layer": "interpolated_heatmap",
        "value": 0.4352,
        "label": "Interpolated anomaly intensity",
        "disclaimer": "Interpolated estimate \u2014 NOT a direct measurement",
        "data_provenance": "INFERRED"
      }
    },
    {
      "type": "Feature",
      "geometry": {
        "type": "Point",
        "coordinates": [
          74.01607692307692,
          14.976846153846154
        ]
      },
      "properties": {
        "layer": "interpolated_heatmap",
        "value": 0.4349,
        "label": "Interpolated anomaly intensity",
        "disclaimer": "Interpolated estimate \u2014 NOT a direct measurement",
        "data_provenance": "INFERRED"
      }
    },
    {
      "type": "Feature",
      "geometry": {
        "type": "Point",
        "coordinates": [
          74.01607692307692,
          14.977153846153845
        ]
      },
      "properties": {
        "layer": "interpolated_heatmap",
        "value": 0.4345,
        "label": "Interpolated anomaly intensity",
        "disclaimer": "Interpolated estimate \u2014 NOT a direct measurement",
        "data_provenance": "INFERRED"
      }
    },
    {
      "type": "Feature",
      "geometry": {
        "type": "Point",
        "coordinates": [
          74.01607692307692,
          14.977461538461538
        ]
      },
      "properties": {
        "layer": "interpolated_heatmap",
        "value": 0.434,
        "label": "Interpolated anomaly intensity",
        "disclaimer": "Interpolated estimate \u2014 NOT a direct measurement",
        "data_provenance": "INFERRED"
      }
    },
    {
      "type": "Feature",
      "geometry": {
        "type": "Point",
        "coordinates": [
          74.01607692307692,
          14.97776923076923
        ]
      },
      "properties": {
        "layer": "interpolated_heatmap",
        "value": 0.4334,
        "label": "Interpolated anomaly intensity",
        "disclaimer": "Interpolated estimate \u2014 NOT a direct measurement",
        "data_provenance": "INFERRED"
      }
    },
    {
      "type": "Feature",
      "geometry": {
        "type": "Point",
        "coordinates": [
          74.01607692307692,
          14.978076923076923
        ]
      },
      "properties": {
        "layer": "interpolated_heatmap",
        "value": 0.4327,
        "label": "Interpolated anomaly intensity",
        "disclaimer": "Interpolated estimate \u2014 NOT a direct measurement",
        "data_provenance": "INFERRED"
      }
    },
    {
      "type": "Feature",
      "geometry": {
        "type": "Point",
        "coordinates": [
          74.01607692307692,
          14.978384615384615
        ]
      },
      "properties": {
        "layer": "interpolated_heatmap",
        "value": 0.4317,
        "label": "Interpolated anomaly intensity",
        "disclaimer": "Interpolated estimate \u2014 NOT a direct measurement",
        "data_provenance": "INFERRED"
      }
    },
    {
      "type": "Feature",
      "geometry": {
        "type": "Point",
        "coordinates": [
          74.01607692307692,
          14.978692307692308
        ]
      },
      "properties": {
        "layer": "interpolated_heatmap",
        "value": 0.4304,
        "label": "Interpolated anomaly intensity",
        "disclaimer": "Interpolated estimate \u2014 NOT a direct measurement",
        "data_provenance": "INFERRED"
      }
    },
    {
      "type": "Feature",
      "geometry": {
        "type": "Point",
        "coordinates": [
          74.01607692307692,
          14.979
        ]
      },
      "properties": {
        "layer": "interpolated_heatmap",
        "value": 0.4285,
        "label": "Interpolated anomaly intensity",
        "disclaimer": "Interpolated estimate \u2014 NOT a direct measurement",
        "data_provenance": "INFERRED"
      }
    },
    {
      "type": "Feature",
      "geometry": {
        "type": "Point",
        "coordinates": [
          74.01607692307692,
          14.979307692307692
        ]
      },
      "properties": {
        "layer": "interpolated_heatmap",
        "value": 0.4258,
        "label": "Interpolated anomaly intensity",
        "disclaimer": "Interpolated estimate \u2014 NOT a direct measurement",
        "data_provenance": "INFERRED"
      }
    },
    {
      "type": "Feature",
      "geometry": {
        "type": "Point",
        "coordinates": [
          74.01607692307692,
          14.979615384615384
        ]
      },
      "properties": {
        "layer": "interpolated_heatmap",
        "value": 0.4214,
        "label": "Interpolated anomaly intensity",
        "disclaimer": "Interpolated estimate \u2014 NOT a direct measurement",
        "data_provenance": "INFERRED"
      }
    },
    {
      "type": "Feature",
      "geometry": {
        "type": "Point",
        "coordinates": [
          74.01607692307692,
          14.979923076923077
        ]
      },
      "properties": {
        "layer": "interpolated_heatmap",
        "value": 0.4145,
        "label": "Interpolated anomaly intensity",
        "disclaimer": "Interpolated estimate \u2014 NOT a direct measurement",
        "data_provenance": "INFERRED"
      }
    },
    {
      "type": "Feature",
      "geometry": {
        "type": "Point",
        "coordinates": [
          74.01607692307692,
          14.980230769230769
        ]
      },
      "properties": {
        "layer": "interpolated_heatmap",
        "value": 0.4052,
        "label": "Interpolated anomaly intensity",
        "disclaimer": "Interpolated estimate \u2014 NOT a direct measurement",
        "data_provenance": "INFERRED"
      }
    },
    {
      "type": "Feature",
      "geometry": {
        "type": "Point",
        "coordinates": [
          74.01607692307692,
          14.980538461538462
        ]
      },
      "properties": {
        "layer": "interpolated_heatmap",
        "value": 0.4006,
        "label": "Interpolated anomaly intensity",
        "disclaimer": "Interpolated estimate \u2014 NOT a direct measurement",
        "data_provenance": "INFERRED"
      }
    },
    {
      "type": "Feature",
      "geometry": {
        "type": "Point",
        "coordinates": [
          74.01607692307692,
          14.980846153846153
        ]
      },
      "properties": {
        "layer": "interpolated_heatmap",
        "value": 0.4087,
        "label": "Interpolated anomaly intensity",
        "disclaimer": "Interpolated estimate \u2014 NOT a direct measurement",
        "data_provenance": "INFERRED"
      }
    },
    {
      "type": "Feature",
      "geometry": {
        "type": "Point",
        "coordinates": [
          74.01607692307692,
          14.981153846153846
        ]
      },
      "properties": {
        "layer": "interpolated_heatmap",
        "value": 0.4195,
        "label": "Interpolated anomaly intensity",
        "disclaimer": "Interpolated estimate \u2014 NOT a direct measurement",
        "data_provenance": "INFERRED"
      }
    },
    {
      "type": "Feature",
      "geometry": {
        "type": "Point",
        "coordinates": [
          74.01607692307692,
          14.981461538461538
        ]
      },
      "properties": {
        "layer": "interpolated_heatmap",
        "value": 0.4262,
        "label": "Interpolated anomaly intensity",
        "disclaimer": "Interpolated estimate \u2014 NOT a direct measurement",
        "data_provenance": "INFERRED"
      }
    },
    {
      "type": "Feature",
      "geometry": {
        "type": "Point",
        "coordinates": [
          74.01607692307692,
          14.981769230769231
        ]
      },
      "properties": {
        "layer": "interpolated_heatmap",
        "value": 0.4298,
        "label": "Interpolated anomaly intensity",
        "disclaimer": "Interpolated estimate \u2014 NOT a direct measurement",
        "data_provenance": "INFERRED"
      }
    },
    {
      "type": "Feature",
      "geometry": {
        "type": "Point",
        "coordinates": [
          74.01607692307692,
          14.982076923076923
        ]
      },
      "properties": {
        "layer": "interpolated_heatmap",
        "value": 0.4318,
        "label": "Interpolated anomaly intensity",
        "disclaimer": "Interpolated estimate \u2014 NOT a direct measurement",
        "data_provenance": "INFERRED"
      }
    },
    {
      "type": "Feature",
      "geometry": {
        "type": "Point",
        "coordinates": [
          74.01607692307692,
          14.982384615384616
        ]
      },
      "properties": {
        "layer": "interpolated_heatmap",
        "value": 0.4329,
        "label": "Interpolated anomaly intensity",
        "disclaimer": "Interpolated estimate \u2014 NOT a direct measurement",
        "data_provenance": "INFERRED"
      }
    },
    {
      "type": "Feature",
      "geometry": {
        "type": "Point",
        "coordinates": [
          74.01607692307692,
          14.982692307692307
        ]
      },
      "properties": {
        "layer": "interpolated_heatmap",
        "value": 0.4336,
        "label": "Interpolated anomaly intensity",
        "disclaimer": "Interpolated estimate \u2014 NOT a direct measurement",
        "data_provenance": "INFERRED"
      }
    },
    {
      "type": "Feature",
      "geometry": {
        "type": "Point",
        "coordinates": [
          74.01607692307692,
          14.983
        ]
      },
      "properties": {
        "layer": "interpolated_heatmap",
        "value": 0.4341,
        "label": "Interpolated anomaly intensity",
        "disclaimer": "Interpolated estimate \u2014 NOT a direct measurement",
        "data_provenance": "INFERRED"
      }
    },
    {
      "type": "Feature",
      "geometry": {
        "type": "Point",
        "coordinates": [
          74.01607692307692,
          14.983307692307692
        ]
      },
      "properties": {
        "layer": "interpolated_heatmap",
        "value": 0.4344,
        "label": "Interpolated anomaly intensity",
        "disclaimer": "Interpolated estimate \u2014 NOT a direct measurement",
        "data_provenance": "INFERRED"
      }
    },
    {
      "type": "Feature",
      "geometry": {
        "type": "Point",
        "coordinates": [
          74.01607692307692,
          14.983615384615385
        ]
      },
      "properties": {
        "layer": "interpolated_heatmap",
        "value": 0.4346,
        "label": "Interpolated anomaly intensity",
        "disclaimer": "Interpolated estimate \u2014 NOT a direct measurement",
        "data_provenance": "INFERRED"
      }
    },
    {
      "type": "Feature",
      "geometry": {
        "type": "Point",
        "coordinates": [
          74.01607692307692,
          14.983923076923077
        ]
      },
      "properties": {
        "layer": "interpolated_heatmap",
        "value": 0.4348,
        "label": "Interpolated anomaly intensity",
        "disclaimer": "Interpolated estimate \u2014 NOT a direct measurement",
        "data_provenance": "INFERRED"
      }
    },
    {
      "type": "Feature",
      "geometry": {
        "type": "Point",
        "coordinates": [
          74.01607692307692,
          14.98423076923077
        ]
      },
      "properties": {
        "layer": "interpolated_heatmap",
        "value": 0.435,
        "label": "Interpolated anomaly intensity",
        "disclaimer": "Interpolated estimate \u2014 NOT a direct measurement",
        "data_provenance": "INFERRED"
      }
    },
    {
      "type": "Feature",
      "geometry": {
        "type": "Point",
        "coordinates": [
          74.01607692307692,
          14.984538461538461
        ]
      },
      "properties": {
        "layer": "interpolated_heatmap",
        "value": 0.4351,
        "label": "Interpolated anomaly intensity",
        "disclaimer": "Interpolated estimate \u2014 NOT a direct measurement",
        "data_provenance": "INFERRED"
      }
    },
    {
      "type": "Feature",
      "geometry": {
        "type": "Point",
        "coordinates": [
          74.01607692307692,
          14.984846153846155
        ]
      },
      "properties": {
        "layer": "interpolated_heatmap",
        "value": 0.4352,
        "label": "Interpolated anomaly intensity",
        "disclaimer": "Interpolated estimate \u2014 NOT a direct measurement",
        "data_provenance": "INFERRED"
      }
    },
    {
      "type": "Feature",
      "geometry": {
        "type": "Point",
        "coordinates": [
          74.01607692307692,
          14.985153846153846
        ]
      },
      "properties": {
        "layer": "interpolated_heatmap",
        "value": 0.4353,
        "label": "Interpolated anomaly intensity",
        "disclaimer": "Interpolated estimate \u2014 NOT a direct measurement",
        "data_provenance": "INFERRED"
      }
    },
    {
      "type": "Feature",
      "geometry": {
        "type": "Point",
        "coordinates": [
          74.01607692307692,
          14.98546153846154
        ]
      },
      "properties": {
        "layer": "interpolated_heatmap",
        "value": 0.4354,
        "label": "Interpolated anomaly intensity",
        "disclaimer": "Interpolated estimate \u2014 NOT a direct measurement",
        "data_provenance": "INFERRED"
      }
    },
    {
      "type": "Feature",
      "geometry": {
        "type": "Point",
        "coordinates": [
          74.01607692307692,
          14.98576923076923
        ]
      },
      "properties": {
        "layer": "interpolated_heatmap",
        "value": 0.4355,
        "label": "Interpolated anomaly intensity",
        "disclaimer": "Interpolated estimate \u2014 NOT a direct measurement",
        "data_provenance": "INFERRED"
      }
    },
    {
      "type": "Feature",
      "geometry": {
        "type": "Point",
        "coordinates": [
          74.01607692307692,
          14.986076923076924
        ]
      },
      "properties": {
        "layer": "interpolated_heatmap",
        "value": 0.4356,
        "label": "Interpolated anomaly intensity",
        "disclaimer": "Interpolated estimate \u2014 NOT a direct measurement",
        "data_provenance": "INFERRED"
      }
    },
    {
      "type": "Feature",
      "geometry": {
        "type": "Point",
        "coordinates": [
          74.01607692307692,
          14.986384615384615
        ]
      },
      "properties": {
        "layer": "interpolated_heatmap",
        "value": 0.4357,
        "label": "Interpolated anomaly intensity",
        "disclaimer": "Interpolated estimate \u2014 NOT a direct measurement",
        "data_provenance": "INFERRED"
      }
    },
    {
      "type": "Feature",
      "geometry": {
        "type": "Point",
        "coordinates": [
          74.01607692307692,
          14.986692307692309
        ]
      },
      "properties": {
        "layer": "interpolated_heatmap",
        "value": 0.4358,
        "label": "Interpolated anomaly intensity",
        "disclaimer": "Interpolated estimate \u2014 NOT a direct measurement",
        "data_provenance": "INFERRED"
      }
    },
    {
      "type": "Feature",
      "geometry": {
        "type": "Point",
        "coordinates": [
          74.01607692307692,
          14.987
        ]
      },
      "properties": {
        "layer": "interpolated_heatmap",
        "value": 0.4358,
        "label": "Interpolated anomaly intensity",
        "disclaimer": "Interpolated estimate \u2014 NOT a direct measurement",
        "data_provenance": "INFERRED"
      }
    },
    {
      "type": "Feature",
      "geometry": {
        "type": "Point",
        "coordinates": [
          74.01648717948719,
          14.975
        ]
      },
      "properties": {
        "layer": "interpolated_heatmap",
        "value": 0.4361,
        "label": "Interpolated anomaly intensity",
        "disclaimer": "Interpolated estimate \u2014 NOT a direct measurement",
        "data_provenance": "INFERRED"
      }
    },
    {
      "type": "Feature",
      "geometry": {
        "type": "Point",
        "coordinates": [
          74.01648717948719,
          14.975307692307691
        ]
      },
      "properties": {
        "layer": "interpolated_heatmap",
        "value": 0.4359,
        "label": "Interpolated anomaly intensity",
        "disclaimer": "Interpolated estimate \u2014 NOT a direct measurement",
        "data_provenance": "INFERRED"
      }
    },
    {
      "type": "Feature",
      "geometry": {
        "type": "Point",
        "coordinates": [
          74.01648717948719,
          14.975615384615384
        ]
      },
      "properties": {
        "layer": "interpolated_heatmap",
        "value": 0.4357,
        "label": "Interpolated anomaly intensity",
        "disclaimer": "Interpolated estimate \u2014 NOT a direct measurement",
        "data_provenance": "INFERRED"
      }
    },
    {
      "type": "Feature",
      "geometry": {
        "type": "Point",
        "coordinates": [
          74.01648717948719,
          14.975923076923076
        ]
      },
      "properties": {
        "layer": "interpolated_heatmap",
        "value": 0.4355,
        "label": "Interpolated anomaly intensity",
        "disclaimer": "Interpolated estimate \u2014 NOT a direct measurement",
        "data_provenance": "INFERRED"
      }
    },
    {
      "type": "Feature",
      "geometry": {
        "type": "Point",
        "coordinates": [
          74.01648717948719,
          14.976230769230769
        ]
      },
      "properties": {
        "layer": "interpolated_heatmap",
        "value": 0.4353,
        "label": "Interpolated anomaly intensity",
        "disclaimer": "Interpolated estimate \u2014 NOT a direct measurement",
        "data_provenance": "INFERRED"
      }
    },
    {
      "type": "Feature",
      "geometry": {
        "type": "Point",
        "coordinates": [
          74.01648717948719,
          14.97653846153846
        ]
      },
      "properties": {
        "layer": "interpolated_heatmap",
        "value": 0.435,
        "label": "Interpolated anomaly intensity",
        "disclaimer": "Interpolated estimate \u2014 NOT a direct measurement",
        "data_provenance": "INFERRED"
      }
    },
    {
      "type": "Feature",
      "geometry": {
        "type": "Point",
        "coordinates": [
          74.01648717948719,
          14.976846153846154
        ]
      },
      "properties": {
        "layer": "interpolated_heatmap",
        "value": 0.4346,
        "label": "Interpolated anomaly intensity",
        "disclaimer": "Interpolated estimate \u2014 NOT a direct measurement",
        "data_provenance": "INFERRED"
      }
    },
    {
      "type": "Feature",
      "geometry": {
        "type": "Point",
        "coordinates": [
          74.01648717948719,
          14.977153846153845
        ]
      },
      "properties": {
        "layer": "interpolated_heatmap",
        "value": 0.4342,
        "label": "Interpolated anomaly intensity",
        "disclaimer": "Interpolated estimate \u2014 NOT a direct measurement",
        "data_provenance": "INFERRED"
      }
    },
    {
      "type": "Feature",
      "geometry": {
        "type": "Point",
        "coordinates": [
          74.01648717948719,
          14.977461538461538
        ]
      },
      "properties": {
        "layer": "interpolated_heatmap",
        "value": 0.4337,
        "label": "Interpolated anomaly intensity",
        "disclaimer": "Interpolated estimate \u2014 NOT a direct measurement",
        "data_provenance": "INFERRED"
      }
    },
    {
      "type": "Feature",
      "geometry": {
        "type": "Point",
        "coordinates": [
          74.01648717948719,
          14.97776923076923
        ]
      },
      "properties": {
        "layer": "interpolated_heatmap",
        "value": 0.4331,
        "label": "Interpolated anomaly intensity",
        "disclaimer": "Interpolated estimate \u2014 NOT a direct measurement",
        "data_provenance": "INFERRED"
      }
    },
    {
      "type": "Feature",
      "geometry": {
        "type": "Point",
        "coordinates": [
          74.01648717948719,
          14.978076923076923
        ]
      },
      "properties": {
        "layer": "interpolated_heatmap",
        "value": 0.4323,
        "label": "Interpolated anomaly intensity",
        "disclaimer": "Interpolated estimate \u2014 NOT a direct measurement",
        "data_provenance": "INFERRED"
      }
    },
    {
      "type": "Feature",
      "geometry": {
        "type": "Point",
        "coordinates": [
          74.01648717948719,
          14.978384615384615
        ]
      },
      "properties": {
        "layer": "interpolated_heatmap",
        "value": 0.4314,
        "label": "Interpolated anomaly intensity",
        "disclaimer": "Interpolated estimate \u2014 NOT a direct measurement",
        "data_provenance": "INFERRED"
      }
    },
    {
      "type": "Feature",
      "geometry": {
        "type": "Point",
        "coordinates": [
          74.01648717948719,
          14.978692307692308
        ]
      },
      "properties": {
        "layer": "interpolated_heatmap",
        "value": 0.4301,
        "label": "Interpolated anomaly intensity",
        "disclaimer": "Interpolated estimate \u2014 NOT a direct measurement",
        "data_provenance": "INFERRED"
      }
    },
    {
      "type": "Feature",
      "geometry": {
        "type": "Point",
        "coordinates": [
          74.01648717948719,
          14.979
        ]
      },
      "properties": {
        "layer": "interpolated_heatmap",
        "value": 0.4283,
        "label": "Interpolated anomaly intensity",
        "disclaimer": "Interpolated estimate \u2014 NOT a direct measurement",
        "data_provenance": "INFERRED"
      }
    },
    {
      "type": "Feature",
      "geometry": {
        "type": "Point",
        "coordinates": [
          74.01648717948719,
          14.979307692307692
        ]
      },
      "properties": {
        "layer": "interpolated_heatmap",
        "value": 0.4258,
        "label": "Interpolated anomaly intensity",
        "disclaimer": "Interpolated estimate \u2014 NOT a direct measurement",
        "data_provenance": "INFERRED"
      }
    },
    {
      "type": "Feature",
      "geometry": {
        "type": "Point",
        "coordinates": [
          74.01648717948719,
          14.979615384615384
        ]
      },
      "properties": {
        "layer": "interpolated_heatmap",
        "value": 0.4223,
        "label": "Interpolated anomaly intensity",
        "disclaimer": "Interpolated estimate \u2014 NOT a direct measurement",
        "data_provenance": "INFERRED"
      }
    },
    {
      "type": "Feature",
      "geometry": {
        "type": "Point",
        "coordinates": [
          74.01648717948719,
          14.979923076923077
        ]
      },
      "properties": {
        "layer": "interpolated_heatmap",
        "value": 0.4177,
        "label": "Interpolated anomaly intensity",
        "disclaimer": "Interpolated estimate \u2014 NOT a direct measurement",
        "data_provenance": "INFERRED"
      }
    },
    {
      "type": "Feature",
      "geometry": {
        "type": "Point",
        "coordinates": [
          74.01648717948719,
          14.980230769230769
        ]
      },
      "properties": {
        "layer": "interpolated_heatmap",
        "value": 0.4129,
        "label": "Interpolated anomaly intensity",
        "disclaimer": "Interpolated estimate \u2014 NOT a direct measurement",
        "data_provenance": "INFERRED"
      }
    },
    {
      "type": "Feature",
      "geometry": {
        "type": "Point",
        "coordinates": [
          74.01648717948719,
          14.980538461538462
        ]
      },
      "properties": {
        "layer": "interpolated_heatmap",
        "value": 0.4113,
        "label": "Interpolated anomaly intensity",
        "disclaimer": "Interpolated estimate \u2014 NOT a direct measurement",
        "data_provenance": "INFERRED"
      }
    },
    {
      "type": "Feature",
      "geometry": {
        "type": "Point",
        "coordinates": [
          74.01648717948719,
          14.980846153846153
        ]
      },
      "properties": {
        "layer": "interpolated_heatmap",
        "value": 0.4152,
        "label": "Interpolated anomaly intensity",
        "disclaimer": "Interpolated estimate \u2014 NOT a direct measurement",
        "data_provenance": "INFERRED"
      }
    },
    {
      "type": "Feature",
      "geometry": {
        "type": "Point",
        "coordinates": [
          74.01648717948719,
          14.981153846153846
        ]
      },
      "properties": {
        "layer": "interpolated_heatmap",
        "value": 0.4212,
        "label": "Interpolated anomaly intensity",
        "disclaimer": "Interpolated estimate \u2014 NOT a direct measurement",
        "data_provenance": "INFERRED"
      }
    },
    {
      "type": "Feature",
      "geometry": {
        "type": "Point",
        "coordinates": [
          74.01648717948719,
          14.981461538461538
        ]
      },
      "properties": {
        "layer": "interpolated_heatmap",
        "value": 0.426,
        "label": "Interpolated anomaly intensity",
        "disclaimer": "Interpolated estimate \u2014 NOT a direct measurement",
        "data_provenance": "INFERRED"
      }
    },
    {
      "type": "Feature",
      "geometry": {
        "type": "Point",
        "coordinates": [
          74.01648717948719,
          14.981769230769231
        ]
      },
      "properties": {
        "layer": "interpolated_heatmap",
        "value": 0.4292,
        "label": "Interpolated anomaly intensity",
        "disclaimer": "Interpolated estimate \u2014 NOT a direct measurement",
        "data_provenance": "INFERRED"
      }
    },
    {
      "type": "Feature",
      "geometry": {
        "type": "Point",
        "coordinates": [
          74.01648717948719,
          14.982076923076923
        ]
      },
      "properties": {
        "layer": "interpolated_heatmap",
        "value": 0.4311,
        "label": "Interpolated anomaly intensity",
        "disclaimer": "Interpolated estimate \u2014 NOT a direct measurement",
        "data_provenance": "INFERRED"
      }
    },
    {
      "type": "Feature",
      "geometry": {
        "type": "Point",
        "coordinates": [
          74.01648717948719,
          14.982384615384616
        ]
      },
      "properties": {
        "layer": "interpolated_heatmap",
        "value": 0.4324,
        "label": "Interpolated anomaly intensity",
        "disclaimer": "Interpolated estimate \u2014 NOT a direct measurement",
        "data_provenance": "INFERRED"
      }
    },
    {
      "type": "Feature",
      "geometry": {
        "type": "Point",
        "coordinates": [
          74.01648717948719,
          14.982692307692307
        ]
      },
      "properties": {
        "layer": "interpolated_heatmap",
        "value": 0.4332,
        "label": "Interpolated anomaly intensity",
        "disclaimer": "Interpolated estimate \u2014 NOT a direct measurement",
        "data_provenance": "INFERRED"
      }
    },
    {
      "type": "Feature",
      "geometry": {
        "type": "Point",
        "coordinates": [
          74.01648717948719,
          14.983
        ]
      },
      "properties": {
        "layer": "interpolated_heatmap",
        "value": 0.4337,
        "label": "Interpolated anomaly intensity",
        "disclaimer": "Interpolated estimate \u2014 NOT a direct measurement",
        "data_provenance": "INFERRED"
      }
    },
    {
      "type": "Feature",
      "geometry": {
        "type": "Point",
        "coordinates": [
          74.01648717948719,
          14.983307692307692
        ]
      },
      "properties": {
        "layer": "interpolated_heatmap",
        "value": 0.4341,
        "label": "Interpolated anomaly intensity",
        "disclaimer": "Interpolated estimate \u2014 NOT a direct measurement",
        "data_provenance": "INFERRED"
      }
    },
    {
      "type": "Feature",
      "geometry": {
        "type": "Point",
        "coordinates": [
          74.01648717948719,
          14.983615384615385
        ]
      },
      "properties": {
        "layer": "interpolated_heatmap",
        "value": 0.4344,
        "label": "Interpolated anomaly intensity",
        "disclaimer": "Interpolated estimate \u2014 NOT a direct measurement",
        "data_provenance": "INFERRED"
      }
    },
    {
      "type": "Feature",
      "geometry": {
        "type": "Point",
        "coordinates": [
          74.01648717948719,
          14.983923076923077
        ]
      },
      "properties": {
        "layer": "interpolated_heatmap",
        "value": 0.4346,
        "label": "Interpolated anomaly intensity",
        "disclaimer": "Interpolated estimate \u2014 NOT a direct measurement",
        "data_provenance": "INFERRED"
      }
    },
    {
      "type": "Feature",
      "geometry": {
        "type": "Point",
        "coordinates": [
          74.01648717948719,
          14.98423076923077
        ]
      },
      "properties": {
        "layer": "interpolated_heatmap",
        "value": 0.4348,
        "label": "Interpolated anomaly intensity",
        "disclaimer": "Interpolated estimate \u2014 NOT a direct measurement",
        "data_provenance": "INFERRED"
      }
    },
    {
      "type": "Feature",
      "geometry": {
        "type": "Point",
        "coordinates": [
          74.01648717948719,
          14.984538461538461
        ]
      },
      "properties": {
        "layer": "interpolated_heatmap",
        "value": 0.435,
        "label": "Interpolated anomaly intensity",
        "disclaimer": "Interpolated estimate \u2014 NOT a direct measurement",
        "data_provenance": "INFERRED"
      }
    },
    {
      "type": "Feature",
      "geometry": {
        "type": "Point",
        "coordinates": [
          74.01648717948719,
          14.984846153846155
        ]
      },
      "properties": {
        "layer": "interpolated_heatmap",
        "value": 0.4351,
        "label": "Interpolated anomaly intensity",
        "disclaimer": "Interpolated estimate \u2014 NOT a direct measurement",
        "data_provenance": "INFERRED"
      }
    },
    {
      "type": "Feature",
      "geometry": {
        "type": "Point",
        "coordinates": [
          74.01648717948719,
          14.985153846153846
        ]
      },
      "properties": {
        "layer": "interpolated_heatmap",
        "value": 0.4352,
        "label": "Interpolated anomaly intensity",
        "disclaimer": "Interpolated estimate \u2014 NOT a direct measurement",
        "data_provenance": "INFERRED"
      }
    },
    {
      "type": "Feature",
      "geometry": {
        "type": "Point",
        "coordinates": [
          74.01648717948719,
          14.98546153846154
        ]
      },
      "properties": {
        "layer": "interpolated_heatmap",
        "value": 0.4353,
        "label": "Interpolated anomaly intensity",
        "disclaimer": "Interpolated estimate \u2014 NOT a direct measurement",
        "data_provenance": "INFERRED"
      }
    },
    {
      "type": "Feature",
      "geometry": {
        "type": "Point",
        "coordinates": [
          74.01648717948719,
          14.98576923076923
        ]
      },
      "properties": {
        "layer": "interpolated_heatmap",
        "value": 0.4354,
        "label": "Interpolated anomaly intensity",
        "disclaimer": "Interpolated estimate \u2014 NOT a direct measurement",
        "data_provenance": "INFERRED"
      }
    },
    {
      "type": "Feature",
      "geometry": {
        "type": "Point",
        "coordinates": [
          74.01648717948719,
          14.986076923076924
        ]
      },
      "properties": {
        "layer": "interpolated_heatmap",
        "value": 0.4355,
        "label": "Interpolated anomaly intensity",
        "disclaimer": "Interpolated estimate \u2014 NOT a direct measurement",
        "data_provenance": "INFERRED"
      }
    },
    {
      "type": "Feature",
      "geometry": {
        "type": "Point",
        "coordinates": [
          74.01648717948719,
          14.986384615384615
        ]
      },
      "properties": {
        "layer": "interpolated_heatmap",
        "value": 0.4356,
        "label": "Interpolated anomaly intensity",
        "disclaimer": "Interpolated estimate \u2014 NOT a direct measurement",
        "data_provenance": "INFERRED"
      }
    },
    {
      "type": "Feature",
      "geometry": {
        "type": "Point",
        "coordinates": [
          74.01648717948719,
          14.986692307692309
        ]
      },
      "properties": {
        "layer": "interpolated_heatmap",
        "value": 0.4357,
        "label": "Interpolated anomaly intensity",
        "disclaimer": "Interpolated estimate \u2014 NOT a direct measurement",
        "data_provenance": "INFERRED"
      }
    },
    {
      "type": "Feature",
      "geometry": {
        "type": "Point",
        "coordinates": [
          74.01648717948719,
          14.987
        ]
      },
      "properties": {
        "layer": "interpolated_heatmap",
        "value": 0.4358,
        "label": "Interpolated anomaly intensity",
        "disclaimer": "Interpolated estimate \u2014 NOT a direct measurement",
        "data_provenance": "INFERRED"
      }
    },
    {
      "type": "Feature",
      "geometry": {
        "type": "Point",
        "coordinates": [
          74.01689743589743,
          14.975
        ]
      },
      "properties": {
        "layer": "interpolated_heatmap",
        "value": 0.4359,
        "label": "Interpolated anomaly intensity",
        "disclaimer": "Interpolated estimate \u2014 NOT a direct measurement",
        "data_provenance": "INFERRED"
      }
    },
    {
      "type": "Feature",
      "geometry": {
        "type": "Point",
        "coordinates": [
          74.01689743589743,
          14.975307692307691
        ]
      },
      "properties": {
        "layer": "interpolated_heatmap",
        "value": 0.4358,
        "label": "Interpolated anomaly intensity",
        "disclaimer": "Interpolated estimate \u2014 NOT a direct measurement",
        "data_provenance": "INFERRED"
      }
    },
    {
      "type": "Feature",
      "geometry": {
        "type": "Point",
        "coordinates": [
          74.01689743589743,
          14.975615384615384
        ]
      },
      "properties": {
        "layer": "interpolated_heatmap",
        "value": 0.4356,
        "label": "Interpolated anomaly intensity",
        "disclaimer": "Interpolated estimate \u2014 NOT a direct measurement",
        "data_provenance": "INFERRED"
      }
    },
    {
      "type": "Feature",
      "geometry": {
        "type": "Point",
        "coordinates": [
          74.01689743589743,
          14.975923076923076
        ]
      },
      "properties": {
        "layer": "interpolated_heatmap",
        "value": 0.4353,
        "label": "Interpolated anomaly intensity",
        "disclaimer": "Interpolated estimate \u2014 NOT a direct measurement",
        "data_provenance": "INFERRED"
      }
    },
    {
      "type": "Feature",
      "geometry": {
        "type": "Point",
        "coordinates": [
          74.01689743589743,
          14.976230769230769
        ]
      },
      "properties": {
        "layer": "interpolated_heatmap",
        "value": 0.4351,
        "label": "Interpolated anomaly intensity",
        "disclaimer": "Interpolated estimate \u2014 NOT a direct measurement",
        "data_provenance": "INFERRED"
      }
    },
    {
      "type": "Feature",
      "geometry": {
        "type": "Point",
        "coordinates": [
          74.01689743589743,
          14.97653846153846
        ]
      },
      "properties": {
        "layer": "interpolated_heatmap",
        "value": 0.4348,
        "label": "Interpolated anomaly intensity",
        "disclaimer": "Interpolated estimate \u2014 NOT a direct measurement",
        "data_provenance": "INFERRED"
      }
    },
    {
      "type": "Feature",
      "geometry": {
        "type": "Point",
        "coordinates": [
          74.01689743589743,
          14.976846153846154
        ]
      },
      "properties": {
        "layer": "interpolated_heatmap",
        "value": 0.4344,
        "label": "Interpolated anomaly intensity",
        "disclaimer": "Interpolated estimate \u2014 NOT a direct measurement",
        "data_provenance": "INFERRED"
      }
    },
    {
      "type": "Feature",
      "geometry": {
        "type": "Point",
        "coordinates": [
          74.01689743589743,
          14.977153846153845
        ]
      },
      "properties": {
        "layer": "interpolated_heatmap",
        "value": 0.434,
        "label": "Interpolated anomaly intensity",
        "disclaimer": "Interpolated estimate \u2014 NOT a direct measurement",
        "data_provenance": "INFERRED"
      }
    },
    {
      "type": "Feature",
      "geometry": {
        "type": "Point",
        "coordinates": [
          74.01689743589743,
          14.977461538461538
        ]
      },
      "properties": {
        "layer": "interpolated_heatmap",
        "value": 0.4335,
        "label": "Interpolated anomaly intensity",
        "disclaimer": "Interpolated estimate \u2014 NOT a direct measurement",
        "data_provenance": "INFERRED"
      }
    },
    {
      "type": "Feature",
      "geometry": {
        "type": "Point",
        "coordinates": [
          74.01689743589743,
          14.97776923076923
        ]
      },
      "properties": {
        "layer": "interpolated_heatmap",
        "value": 0.433,
        "label": "Interpolated anomaly intensity",
        "disclaimer": "Interpolated estimate \u2014 NOT a direct measurement",
        "data_provenance": "INFERRED"
      }
    },
    {
      "type": "Feature",
      "geometry": {
        "type": "Point",
        "coordinates": [
          74.01689743589743,
          14.978076923076923
        ]
      },
      "properties": {
        "layer": "interpolated_heatmap",
        "value": 0.4322,
        "label": "Interpolated anomaly intensity",
        "disclaimer": "Interpolated estimate \u2014 NOT a direct measurement",
        "data_provenance": "INFERRED"
      }
    },
    {
      "type": "Feature",
      "geometry": {
        "type": "Point",
        "coordinates": [
          74.01689743589743,
          14.978384615384615
        ]
      },
      "properties": {
        "layer": "interpolated_heatmap",
        "value": 0.4313,
        "label": "Interpolated anomaly intensity",
        "disclaimer": "Interpolated estimate \u2014 NOT a direct measurement",
        "data_provenance": "INFERRED"
      }
    },
    {
      "type": "Feature",
      "geometry": {
        "type": "Point",
        "coordinates": [
          74.01689743589743,
          14.978692307692308
        ]
      },
      "properties": {
        "layer": "interpolated_heatmap",
        "value": 0.4302,
        "label": "Interpolated anomaly intensity",
        "disclaimer": "Interpolated estimate \u2014 NOT a direct measurement",
        "data_provenance": "INFERRED"
      }
    },
    {
      "type": "Feature",
      "geometry": {
        "type": "Point",
        "coordinates": [
          74.01689743589743,
          14.979
        ]
      },
      "properties": {
        "layer": "interpolated_heatmap",
        "value": 0.4288,
        "label": "Interpolated anomaly intensity",
        "disclaimer": "Interpolated estimate \u2014 NOT a direct measurement",
        "data_provenance": "INFERRED"
      }
    },
    {
      "type": "Feature",
      "geometry": {
        "type": "Point",
        "coordinates": [
          74.01689743589743,
          14.979307692307692
        ]
      },
      "properties": {
        "layer": "interpolated_heatmap",
        "value": 0.427,
        "label": "Interpolated anomaly intensity",
        "disclaimer": "Interpolated estimate \u2014 NOT a direct measurement",
        "data_provenance": "INFERRED"
      }
    },
    {
      "type": "Feature",
      "geometry": {
        "type": "Point",
        "coordinates": [
          74.01689743589743,
          14.979615384615384
        ]
      },
      "properties": {
        "layer": "interpolated_heatmap",
        "value": 0.4248,
        "label": "Interpolated anomaly intensity",
        "disclaimer": "Interpolated estimate \u2014 NOT a direct measurement",
        "data_provenance": "INFERRED"
      }
    },
    {
      "type": "Feature",
      "geometry": {
        "type": "Point",
        "coordinates": [
          74.01689743589743,
          14.979923076923077
        ]
      },
      "properties": {
        "layer": "interpolated_heatmap",
        "value": 0.4225,
        "label": "Interpolated anomaly intensity",
        "disclaimer": "Interpolated estimate \u2014 NOT a direct measurement",
        "data_provenance": "INFERRED"
      }
    },
    {
      "type": "Feature",
      "geometry": {
        "type": "Point",
        "coordinates": [
          74.01689743589743,
          14.980230769230769
        ]
      },
      "properties": {
        "layer": "interpolated_heatmap",
        "value": 0.4206,
        "label": "Interpolated anomaly intensity",
        "disclaimer": "Interpolated estimate \u2014 NOT a direct measurement",
        "data_provenance": "INFERRED"
      }
    },
    {
      "type": "Feature",
      "geometry": {
        "type": "Point",
        "coordinates": [
          74.01689743589743,
          14.980538461538462
        ]
      },
      "properties": {
        "layer": "interpolated_heatmap",
        "value": 0.4203,
        "label": "Interpolated anomaly intensity",
        "disclaimer": "Interpolated estimate \u2014 NOT a direct measurement",
        "data_provenance": "INFERRED"
      }
    },
    {
      "type": "Feature",
      "geometry": {
        "type": "Point",
        "coordinates": [
          74.01689743589743,
          14.980846153846153
        ]
      },
      "properties": {
        "layer": "interpolated_heatmap",
        "value": 0.4219,
        "label": "Interpolated anomaly intensity",
        "disclaimer": "Interpolated estimate \u2014 NOT a direct measurement",
        "data_provenance": "INFERRED"
      }
    },
    {
      "type": "Feature",
      "geometry": {
        "type": "Point",
        "coordinates": [
          74.01689743589743,
          14.981153846153846
        ]
      },
      "properties": {
        "layer": "interpolated_heatmap",
        "value": 0.4246,
        "label": "Interpolated anomaly intensity",
        "disclaimer": "Interpolated estimate \u2014 NOT a direct measurement",
        "data_provenance": "INFERRED"
      }
    },
    {
      "type": "Feature",
      "geometry": {
        "type": "Point",
        "coordinates": [
          74.01689743589743,
          14.981461538461538
        ]
      },
      "properties": {
        "layer": "interpolated_heatmap",
        "value": 0.4273,
        "label": "Interpolated anomaly intensity",
        "disclaimer": "Interpolated estimate \u2014 NOT a direct measurement",
        "data_provenance": "INFERRED"
      }
    },
    {
      "type": "Feature",
      "geometry": {
        "type": "Point",
        "coordinates": [
          74.01689743589743,
          14.981769230769231
        ]
      },
      "properties": {
        "layer": "interpolated_heatmap",
        "value": 0.4295,
        "label": "Interpolated anomaly intensity",
        "disclaimer": "Interpolated estimate \u2014 NOT a direct measurement",
        "data_provenance": "INFERRED"
      }
    },
    {
      "type": "Feature",
      "geometry": {
        "type": "Point",
        "coordinates": [
          74.01689743589743,
          14.982076923076923
        ]
      },
      "properties": {
        "layer": "interpolated_heatmap",
        "value": 0.4311,
        "label": "Interpolated anomaly intensity",
        "disclaimer": "Interpolated estimate \u2014 NOT a direct measurement",
        "data_provenance": "INFERRED"
      }
    },
    {
      "type": "Feature",
      "geometry": {
        "type": "Point",
        "coordinates": [
          74.01689743589743,
          14.982384615384616
        ]
      },
      "properties": {
        "layer": "interpolated_heatmap",
        "value": 0.4322,
        "label": "Interpolated anomaly intensity",
        "disclaimer": "Interpolated estimate \u2014 NOT a direct measurement",
        "data_provenance": "INFERRED"
      }
    },
    {
      "type": "Feature",
      "geometry": {
        "type": "Point",
        "coordinates": [
          74.01689743589743,
          14.982692307692307
        ]
      },
      "properties": {
        "layer": "interpolated_heatmap",
        "value": 0.4329,
        "label": "Interpolated anomaly intensity",
        "disclaimer": "Interpolated estimate \u2014 NOT a direct measurement",
        "data_provenance": "INFERRED"
      }
    },
    {
      "type": "Feature",
      "geometry": {
        "type": "Point",
        "coordinates": [
          74.01689743589743,
          14.983
        ]
      },
      "properties": {
        "layer": "interpolated_heatmap",
        "value": 0.4335,
        "label": "Interpolated anomaly intensity",
        "disclaimer": "Interpolated estimate \u2014 NOT a direct measurement",
        "data_provenance": "INFERRED"
      }
    },
    {
      "type": "Feature",
      "geometry": {
        "type": "Point",
        "coordinates": [
          74.01689743589743,
          14.983307692307692
        ]
      },
      "properties": {
        "layer": "interpolated_heatmap",
        "value": 0.4339,
        "label": "Interpolated anomaly intensity",
        "disclaimer": "Interpolated estimate \u2014 NOT a direct measurement",
        "data_provenance": "INFERRED"
      }
    },
    {
      "type": "Feature",
      "geometry": {
        "type": "Point",
        "coordinates": [
          74.01689743589743,
          14.983615384615385
        ]
      },
      "properties": {
        "layer": "interpolated_heatmap",
        "value": 0.4342,
        "label": "Interpolated anomaly intensity",
        "disclaimer": "Interpolated estimate \u2014 NOT a direct measurement",
        "data_provenance": "INFERRED"
      }
    },
    {
      "type": "Feature",
      "geometry": {
        "type": "Point",
        "coordinates": [
          74.01689743589743,
          14.983923076923077
        ]
      },
      "properties": {
        "layer": "interpolated_heatmap",
        "value": 0.4345,
        "label": "Interpolated anomaly intensity",
        "disclaimer": "Interpolated estimate \u2014 NOT a direct measurement",
        "data_provenance": "INFERRED"
      }
    },
    {
      "type": "Feature",
      "geometry": {
        "type": "Point",
        "coordinates": [
          74.01689743589743,
          14.98423076923077
        ]
      },
      "properties": {
        "layer": "interpolated_heatmap",
        "value": 0.4347,
        "label": "Interpolated anomaly intensity",
        "disclaimer": "Interpolated estimate \u2014 NOT a direct measurement",
        "data_provenance": "INFERRED"
      }
    },
    {
      "type": "Feature",
      "geometry": {
        "type": "Point",
        "coordinates": [
          74.01689743589743,
          14.984538461538461
        ]
      },
      "properties": {
        "layer": "interpolated_heatmap",
        "value": 0.4349,
        "label": "Interpolated anomaly intensity",
        "disclaimer": "Interpolated estimate \u2014 NOT a direct measurement",
        "data_provenance": "INFERRED"
      }
    },
    {
      "type": "Feature",
      "geometry": {
        "type": "Point",
        "coordinates": [
          74.01689743589743,
          14.984846153846155
        ]
      },
      "properties": {
        "layer": "interpolated_heatmap",
        "value": 0.435,
        "label": "Interpolated anomaly intensity",
        "disclaimer": "Interpolated estimate \u2014 NOT a direct measurement",
        "data_provenance": "INFERRED"
      }
    },
    {
      "type": "Feature",
      "geometry": {
        "type": "Point",
        "coordinates": [
          74.01689743589743,
          14.985153846153846
        ]
      },
      "properties": {
        "layer": "interpolated_heatmap",
        "value": 0.4352,
        "label": "Interpolated anomaly intensity",
        "disclaimer": "Interpolated estimate \u2014 NOT a direct measurement",
        "data_provenance": "INFERRED"
      }
    },
    {
      "type": "Feature",
      "geometry": {
        "type": "Point",
        "coordinates": [
          74.01689743589743,
          14.98546153846154
        ]
      },
      "properties": {
        "layer": "interpolated_heatmap",
        "value": 0.4353,
        "label": "Interpolated anomaly intensity",
        "disclaimer": "Interpolated estimate \u2014 NOT a direct measurement",
        "data_provenance": "INFERRED"
      }
    },
    {
      "type": "Feature",
      "geometry": {
        "type": "Point",
        "coordinates": [
          74.01689743589743,
          14.98576923076923
        ]
      },
      "properties": {
        "layer": "interpolated_heatmap",
        "value": 0.4354,
        "label": "Interpolated anomaly intensity",
        "disclaimer": "Interpolated estimate \u2014 NOT a direct measurement",
        "data_provenance": "INFERRED"
      }
    },
    {
      "type": "Feature",
      "geometry": {
        "type": "Point",
        "coordinates": [
          74.01689743589743,
          14.986076923076924
        ]
      },
      "properties": {
        "layer": "interpolated_heatmap",
        "value": 0.4355,
        "label": "Interpolated anomaly intensity",
        "disclaimer": "Interpolated estimate \u2014 NOT a direct measurement",
        "data_provenance": "INFERRED"
      }
    },
    {
      "type": "Feature",
      "geometry": {
        "type": "Point",
        "coordinates": [
          74.01689743589743,
          14.986384615384615
        ]
      },
      "properties": {
        "layer": "interpolated_heatmap",
        "value": 0.4356,
        "label": "Interpolated anomaly intensity",
        "disclaimer": "Interpolated estimate \u2014 NOT a direct measurement",
        "data_provenance": "INFERRED"
      }
    },
    {
      "type": "Feature",
      "geometry": {
        "type": "Point",
        "coordinates": [
          74.01689743589743,
          14.986692307692309
        ]
      },
      "properties": {
        "layer": "interpolated_heatmap",
        "value": 0.4357,
        "label": "Interpolated anomaly intensity",
        "disclaimer": "Interpolated estimate \u2014 NOT a direct measurement",
        "data_provenance": "INFERRED"
      }
    },
    {
      "type": "Feature",
      "geometry": {
        "type": "Point",
        "coordinates": [
          74.01689743589743,
          14.987
        ]
      },
      "properties": {
        "layer": "interpolated_heatmap",
        "value": 0.4357,
        "label": "Interpolated anomaly intensity",
        "disclaimer": "Interpolated estimate \u2014 NOT a direct measurement",
        "data_provenance": "INFERRED"
      }
    },
    {
      "type": "Feature",
      "geometry": {
        "type": "Point",
        "coordinates": [
          74.0173076923077,
          14.975
        ]
      },
      "properties": {
        "layer": "interpolated_heatmap",
        "value": 0.4358,
        "label": "Interpolated anomaly intensity",
        "disclaimer": "Interpolated estimate \u2014 NOT a direct measurement",
        "data_provenance": "INFERRED"
      }
    },
    {
      "type": "Feature",
      "geometry": {
        "type": "Point",
        "coordinates": [
          74.0173076923077,
          14.975307692307691
        ]
      },
      "properties": {
        "layer": "interpolated_heatmap",
        "value": 0.4356,
        "label": "Interpolated anomaly intensity",
        "disclaimer": "Interpolated estimate \u2014 NOT a direct measurement",
        "data_provenance": "INFERRED"
      }
    },
    {
      "type": "Feature",
      "geometry": {
        "type": "Point",
        "coordinates": [
          74.0173076923077,
          14.975615384615384
        ]
      },
      "properties": {
        "layer": "interpolated_heatmap",
        "value": 0.4354,
        "label": "Interpolated anomaly intensity",
        "disclaimer": "Interpolated estimate \u2014 NOT a direct measurement",
        "data_provenance": "INFERRED"
      }
    },
    {
      "type": "Feature",
      "geometry": {
        "type": "Point",
        "coordinates": [
          74.0173076923077,
          14.975923076923076
        ]
      },
      "properties": {
        "layer": "interpolated_heatmap",
        "value": 0.4352,
        "label": "Interpolated anomaly intensity",
        "disclaimer": "Interpolated estimate \u2014 NOT a direct measurement",
        "data_provenance": "INFERRED"
      }
    },
    {
      "type": "Feature",
      "geometry": {
        "type": "Point",
        "coordinates": [
          74.0173076923077,
          14.976230769230769
        ]
      },
      "properties": {
        "layer": "interpolated_heatmap",
        "value": 0.435,
        "label": "Interpolated anomaly intensity",
        "disclaimer": "Interpolated estimate \u2014 NOT a direct measurement",
        "data_provenance": "INFERRED"
      }
    },
    {
      "type": "Feature",
      "geometry": {
        "type": "Point",
        "coordinates": [
          74.0173076923077,
          14.97653846153846
        ]
      },
      "properties": {
        "layer": "interpolated_heatmap",
        "value": 0.4347,
        "label": "Interpolated anomaly intensity",
        "disclaimer": "Interpolated estimate \u2014 NOT a direct measurement",
        "data_provenance": "INFERRED"
      }
    },
    {
      "type": "Feature",
      "geometry": {
        "type": "Point",
        "coordinates": [
          74.0173076923077,
          14.976846153846154
        ]
      },
      "properties": {
        "layer": "interpolated_heatmap",
        "value": 0.4343,
        "label": "Interpolated anomaly intensity",
        "disclaimer": "Interpolated estimate \u2014 NOT a direct measurement",
        "data_provenance": "INFERRED"
      }
    },
    {
      "type": "Feature",
      "geometry": {
        "type": "Point",
        "coordinates": [
          74.0173076923077,
          14.977153846153845
        ]
      },
      "properties": {
        "layer": "interpolated_heatmap",
        "value": 0.4339,
        "label": "Interpolated anomaly intensity",
        "disclaimer": "Interpolated estimate \u2014 NOT a direct measurement",
        "data_provenance": "INFERRED"
      }
    },
    {
      "type": "Feature",
      "geometry": {
        "type": "Point",
        "coordinates": [
          74.0173076923077,
          14.977461538461538
        ]
      },
      "properties": {
        "layer": "interpolated_heatmap",
        "value": 0.4335,
        "label": "Interpolated anomaly intensity",
        "disclaimer": "Interpolated estimate \u2014 NOT a direct measurement",
        "data_provenance": "INFERRED"
      }
    },
    {
      "type": "Feature",
      "geometry": {
        "type": "Point",
        "coordinates": [
          74.0173076923077,
          14.97776923076923
        ]
      },
      "properties": {
        "layer": "interpolated_heatmap",
        "value": 0.433,
        "label": "Interpolated anomaly intensity",
        "disclaimer": "Interpolated estimate \u2014 NOT a direct measurement",
        "data_provenance": "INFERRED"
      }
    },
    {
      "type": "Feature",
      "geometry": {
        "type": "Point",
        "coordinates": [
          74.0173076923077,
          14.978076923076923
        ]
      },
      "properties": {
        "layer": "interpolated_heatmap",
        "value": 0.4323,
        "label": "Interpolated anomaly intensity",
        "disclaimer": "Interpolated estimate \u2014 NOT a direct measurement",
        "data_provenance": "INFERRED"
      }
    },
    {
      "type": "Feature",
      "geometry": {
        "type": "Point",
        "coordinates": [
          74.0173076923077,
          14.978384615384615
        ]
      },
      "properties": {
        "layer": "interpolated_heatmap",
        "value": 0.4316,
        "label": "Interpolated anomaly intensity",
        "disclaimer": "Interpolated estimate \u2014 NOT a direct measurement",
        "data_provenance": "INFERRED"
      }
    },
    {
      "type": "Feature",
      "geometry": {
        "type": "Point",
        "coordinates": [
          74.0173076923077,
          14.978692307692308
        ]
      },
      "properties": {
        "layer": "interpolated_heatmap",
        "value": 0.4307,
        "label": "Interpolated anomaly intensity",
        "disclaimer": "Interpolated estimate \u2014 NOT a direct measurement",
        "data_provenance": "INFERRED"
      }
    },
    {
      "type": "Feature",
      "geometry": {
        "type": "Point",
        "coordinates": [
          74.0173076923077,
          14.979
        ]
      },
      "properties": {
        "layer": "interpolated_heatmap",
        "value": 0.4296,
        "label": "Interpolated anomaly intensity",
        "disclaimer": "Interpolated estimate \u2014 NOT a direct measurement",
        "data_provenance": "INFERRED"
      }
    },
    {
      "type": "Feature",
      "geometry": {
        "type": "Point",
        "coordinates": [
          74.0173076923077,
          14.979307692307692
        ]
      },
      "properties": {
        "layer": "interpolated_heatmap",
        "value": 0.4285,
        "label": "Interpolated anomaly intensity",
        "disclaimer": "Interpolated estimate \u2014 NOT a direct measurement",
        "data_provenance": "INFERRED"
      }
    },
    {
      "type": "Feature",
      "geometry": {
        "type": "Point",
        "coordinates": [
          74.0173076923077,
          14.979615384615384
        ]
      },
      "properties": {
        "layer": "interpolated_heatmap",
        "value": 0.4272,
        "label": "Interpolated anomaly intensity",
        "disclaimer": "Interpolated estimate \u2014 NOT a direct measurement",
        "data_provenance": "INFERRED"
      }
    },
    {
      "type": "Feature",
      "geometry": {
        "type": "Point",
        "coordinates": [
          74.0173076923077,
          14.979923076923077
        ]
      },
      "properties": {
        "layer": "interpolated_heatmap",
        "value": 0.4261,
        "label": "Interpolated anomaly intensity",
        "disclaimer": "Interpolated estimate \u2014 NOT a direct measurement",
        "data_provenance": "INFERRED"
      }
    },
    {
      "type": "Feature",
      "geometry": {
        "type": "Point",
        "coordinates": [
          74.0173076923077,
          14.980230769230769
        ]
      },
      "properties": {
        "layer": "interpolated_heatmap",
        "value": 0.4253,
        "label": "Interpolated anomaly intensity",
        "disclaimer": "Interpolated estimate \u2014 NOT a direct measurement",
        "data_provenance": "INFERRED"
      }
    },
    {
      "type": "Feature",
      "geometry": {
        "type": "Point",
        "coordinates": [
          74.0173076923077,
          14.980538461538462
        ]
      },
      "properties": {
        "layer": "interpolated_heatmap",
        "value": 0.4253,
        "label": "Interpolated anomaly intensity",
        "disclaimer": "Interpolated estimate \u2014 NOT a direct measurement",
        "data_provenance": "INFERRED"
      }
    },
    {
      "type": "Feature",
      "geometry": {
        "type": "Point",
        "coordinates": [
          74.0173076923077,
          14.980846153846153
        ]
      },
      "properties": {
        "layer": "interpolated_heatmap",
        "value": 0.4261,
        "label": "Interpolated anomaly intensity",
        "disclaimer": "Interpolated estimate \u2014 NOT a direct measurement",
        "data_provenance": "INFERRED"
      }
    },
    {
      "type": "Feature",
      "geometry": {
        "type": "Point",
        "coordinates": [
          74.0173076923077,
          14.981153846153846
        ]
      },
      "properties": {
        "layer": "interpolated_heatmap",
        "value": 0.4274,
        "label": "Interpolated anomaly intensity",
        "disclaimer": "Interpolated estimate \u2014 NOT a direct measurement",
        "data_provenance": "INFERRED"
      }
    },
    {
      "type": "Feature",
      "geometry": {
        "type": "Point",
        "coordinates": [
          74.0173076923077,
          14.981461538461538
        ]
      },
      "properties": {
        "layer": "interpolated_heatmap",
        "value": 0.4288,
        "label": "Interpolated anomaly intensity",
        "disclaimer": "Interpolated estimate \u2014 NOT a direct measurement",
        "data_provenance": "INFERRED"
      }
    },
    {
      "type": "Feature",
      "geometry": {
        "type": "Point",
        "coordinates": [
          74.0173076923077,
          14.981769230769231
        ]
      },
      "properties": {
        "layer": "interpolated_heatmap",
        "value": 0.4302,
        "label": "Interpolated anomaly intensity",
        "disclaimer": "Interpolated estimate \u2014 NOT a direct measurement",
        "data_provenance": "INFERRED"
      }
    },
    {
      "type": "Feature",
      "geometry": {
        "type": "Point",
        "coordinates": [
          74.0173076923077,
          14.982076923076923
        ]
      },
      "properties": {
        "layer": "interpolated_heatmap",
        "value": 0.4313,
        "label": "Interpolated anomaly intensity",
        "disclaimer": "Interpolated estimate \u2014 NOT a direct measurement",
        "data_provenance": "INFERRED"
      }
    },
    {
      "type": "Feature",
      "geometry": {
        "type": "Point",
        "coordinates": [
          74.0173076923077,
          14.982384615384616
        ]
      },
      "properties": {
        "layer": "interpolated_heatmap",
        "value": 0.4322,
        "label": "Interpolated anomaly intensity",
        "disclaimer": "Interpolated estimate \u2014 NOT a direct measurement",
        "data_provenance": "INFERRED"
      }
    },
    {
      "type": "Feature",
      "geometry": {
        "type": "Point",
        "coordinates": [
          74.0173076923077,
          14.982692307692307
        ]
      },
      "properties": {
        "layer": "interpolated_heatmap",
        "value": 0.4329,
        "label": "Interpolated anomaly intensity",
        "disclaimer": "Interpolated estimate \u2014 NOT a direct measurement",
        "data_provenance": "INFERRED"
      }
    },
    {
      "type": "Feature",
      "geometry": {
        "type": "Point",
        "coordinates": [
          74.0173076923077,
          14.983
        ]
      },
      "properties": {
        "layer": "interpolated_heatmap",
        "value": 0.4334,
        "label": "Interpolated anomaly intensity",
        "disclaimer": "Interpolated estimate \u2014 NOT a direct measurement",
        "data_provenance": "INFERRED"
      }
    },
    {
      "type": "Feature",
      "geometry": {
        "type": "Point",
        "coordinates": [
          74.0173076923077,
          14.983307692307692
        ]
      },
      "properties": {
        "layer": "interpolated_heatmap",
        "value": 0.4338,
        "label": "Interpolated anomaly intensity",
        "disclaimer": "Interpolated estimate \u2014 NOT a direct measurement",
        "data_provenance": "INFERRED"
      }
    },
    {
      "type": "Feature",
      "geometry": {
        "type": "Point",
        "coordinates": [
          74.0173076923077,
          14.983615384615385
        ]
      },
      "properties": {
        "layer": "interpolated_heatmap",
        "value": 0.4341,
        "label": "Interpolated anomaly intensity",
        "disclaimer": "Interpolated estimate \u2014 NOT a direct measurement",
        "data_provenance": "INFERRED"
      }
    },
    {
      "type": "Feature",
      "geometry": {
        "type": "Point",
        "coordinates": [
          74.0173076923077,
          14.983923076923077
        ]
      },
      "properties": {
        "layer": "interpolated_heatmap",
        "value": 0.4344,
        "label": "Interpolated anomaly intensity",
        "disclaimer": "Interpolated estimate \u2014 NOT a direct measurement",
        "data_provenance": "INFERRED"
      }
    },
    {
      "type": "Feature",
      "geometry": {
        "type": "Point",
        "coordinates": [
          74.0173076923077,
          14.98423076923077
        ]
      },
      "properties": {
        "layer": "interpolated_heatmap",
        "value": 0.4346,
        "label": "Interpolated anomaly intensity",
        "disclaimer": "Interpolated estimate \u2014 NOT a direct measurement",
        "data_provenance": "INFERRED"
      }
    },
    {
      "type": "Feature",
      "geometry": {
        "type": "Point",
        "coordinates": [
          74.0173076923077,
          14.984538461538461
        ]
      },
      "properties": {
        "layer": "interpolated_heatmap",
        "value": 0.4348,
        "label": "Interpolated anomaly intensity",
        "disclaimer": "Interpolated estimate \u2014 NOT a direct measurement",
        "data_provenance": "INFERRED"
      }
    },
    {
      "type": "Feature",
      "geometry": {
        "type": "Point",
        "coordinates": [
          74.0173076923077,
          14.984846153846155
        ]
      },
      "properties": {
        "layer": "interpolated_heatmap",
        "value": 0.435,
        "label": "Interpolated anomaly intensity",
        "disclaimer": "Interpolated estimate \u2014 NOT a direct measurement",
        "data_provenance": "INFERRED"
      }
    },
    {
      "type": "Feature",
      "geometry": {
        "type": "Point",
        "coordinates": [
          74.0173076923077,
          14.985153846153846
        ]
      },
      "properties": {
        "layer": "interpolated_heatmap",
        "value": 0.4351,
        "label": "Interpolated anomaly intensity",
        "disclaimer": "Interpolated estimate \u2014 NOT a direct measurement",
        "data_provenance": "INFERRED"
      }
    },
    {
      "type": "Feature",
      "geometry": {
        "type": "Point",
        "coordinates": [
          74.0173076923077,
          14.98546153846154
        ]
      },
      "properties": {
        "layer": "interpolated_heatmap",
        "value": 0.4352,
        "label": "Interpolated anomaly intensity",
        "disclaimer": "Interpolated estimate \u2014 NOT a direct measurement",
        "data_provenance": "INFERRED"
      }
    },
    {
      "type": "Feature",
      "geometry": {
        "type": "Point",
        "coordinates": [
          74.0173076923077,
          14.98576923076923
        ]
      },
      "properties": {
        "layer": "interpolated_heatmap",
        "value": 0.4353,
        "label": "Interpolated anomaly intensity",
        "disclaimer": "Interpolated estimate \u2014 NOT a direct measurement",
        "data_provenance": "INFERRED"
      }
    },
    {
      "type": "Feature",
      "geometry": {
        "type": "Point",
        "coordinates": [
          74.0173076923077,
          14.986076923076924
        ]
      },
      "properties": {
        "layer": "interpolated_heatmap",
        "value": 0.4354,
        "label": "Interpolated anomaly intensity",
        "disclaimer": "Interpolated estimate \u2014 NOT a direct measurement",
        "data_provenance": "INFERRED"
      }
    },
    {
      "type": "Feature",
      "geometry": {
        "type": "Point",
        "coordinates": [
          74.0173076923077,
          14.986384615384615
        ]
      },
      "properties": {
        "layer": "interpolated_heatmap",
        "value": 0.4355,
        "label": "Interpolated anomaly intensity",
        "disclaimer": "Interpolated estimate \u2014 NOT a direct measurement",
        "data_provenance": "INFERRED"
      }
    },
    {
      "type": "Feature",
      "geometry": {
        "type": "Point",
        "coordinates": [
          74.0173076923077,
          14.986692307692309
        ]
      },
      "properties": {
        "layer": "interpolated_heatmap",
        "value": 0.4356,
        "label": "Interpolated anomaly intensity",
        "disclaimer": "Interpolated estimate \u2014 NOT a direct measurement",
        "data_provenance": "INFERRED"
      }
    },
    {
      "type": "Feature",
      "geometry": {
        "type": "Point",
        "coordinates": [
          74.0173076923077,
          14.987
        ]
      },
      "properties": {
        "layer": "interpolated_heatmap",
        "value": 0.4357,
        "label": "Interpolated anomaly intensity",
        "disclaimer": "Interpolated estimate \u2014 NOT a direct measurement",
        "data_provenance": "INFERRED"
      }
    },
    {
      "type": "Feature",
      "geometry": {
        "type": "Point",
        "coordinates": [
          74.01771794871794,
          14.975
        ]
      },
      "properties": {
        "layer": "interpolated_heatmap",
        "value": 0.4357,
        "label": "Interpolated anomaly intensity",
        "disclaimer": "Interpolated estimate \u2014 NOT a direct measurement",
        "data_provenance": "INFERRED"
      }
    },
    {
      "type": "Feature",
      "geometry": {
        "type": "Point",
        "coordinates": [
          74.01771794871794,
          14.975307692307691
        ]
      },
      "properties": {
        "layer": "interpolated_heatmap",
        "value": 0.4355,
        "label": "Interpolated anomaly intensity",
        "disclaimer": "Interpolated estimate \u2014 NOT a direct measurement",
        "data_provenance": "INFERRED"
      }
    },
    {
      "type": "Feature",
      "geometry": {
        "type": "Point",
        "coordinates": [
          74.01771794871794,
          14.975615384615384
        ]
      },
      "properties": {
        "layer": "interpolated_heatmap",
        "value": 0.4353,
        "label": "Interpolated anomaly intensity",
        "disclaimer": "Interpolated estimate \u2014 NOT a direct measurement",
        "data_provenance": "INFERRED"
      }
    },
    {
      "type": "Feature",
      "geometry": {
        "type": "Point",
        "coordinates": [
          74.01771794871794,
          14.975923076923076
        ]
      },
      "properties": {
        "layer": "interpolated_heatmap",
        "value": 0.4351,
        "label": "Interpolated anomaly intensity",
        "disclaimer": "Interpolated estimate \u2014 NOT a direct measurement",
        "data_provenance": "INFERRED"
      }
    },
    {
      "type": "Feature",
      "geometry": {
        "type": "Point",
        "coordinates": [
          74.01771794871794,
          14.976230769230769
        ]
      },
      "properties": {
        "layer": "interpolated_heatmap",
        "value": 0.4349,
        "label": "Interpolated anomaly intensity",
        "disclaimer": "Interpolated estimate \u2014 NOT a direct measurement",
        "data_provenance": "INFERRED"
      }
    },
    {
      "type": "Feature",
      "geometry": {
        "type": "Point",
        "coordinates": [
          74.01771794871794,
          14.97653846153846
        ]
      },
      "properties": {
        "layer": "interpolated_heatmap",
        "value": 0.4346,
        "label": "Interpolated anomaly intensity",
        "disclaimer": "Interpolated estimate \u2014 NOT a direct measurement",
        "data_provenance": "INFERRED"
      }
    },
    {
      "type": "Feature",
      "geometry": {
        "type": "Point",
        "coordinates": [
          74.01771794871794,
          14.976846153846154
        ]
      },
      "properties": {
        "layer": "interpolated_heatmap",
        "value": 0.4343,
        "label": "Interpolated anomaly intensity",
        "disclaimer": "Interpolated estimate \u2014 NOT a direct measurement",
        "data_provenance": "INFERRED"
      }
    },
    {
      "type": "Feature",
      "geometry": {
        "type": "Point",
        "coordinates": [
          74.01771794871794,
          14.977153846153845
        ]
      },
      "properties": {
        "layer": "interpolated_heatmap",
        "value": 0.4339,
        "label": "Interpolated anomaly intensity",
        "disclaimer": "Interpolated estimate \u2014 NOT a direct measurement",
        "data_provenance": "INFERRED"
      }
    },
    {
      "type": "Feature",
      "geometry": {
        "type": "Point",
        "coordinates": [
          74.01771794871794,
          14.977461538461538
        ]
      },
      "properties": {
        "layer": "interpolated_heatmap",
        "value": 0.4335,
        "label": "Interpolated anomaly intensity",
        "disclaimer": "Interpolated estimate \u2014 NOT a direct measurement",
        "data_provenance": "INFERRED"
      }
    },
    {
      "type": "Feature",
      "geometry": {
        "type": "Point",
        "coordinates": [
          74.01771794871794,
          14.97776923076923
        ]
      },
      "properties": {
        "layer": "interpolated_heatmap",
        "value": 0.4331,
        "label": "Interpolated anomaly intensity",
        "disclaimer": "Interpolated estimate \u2014 NOT a direct measurement",
        "data_provenance": "INFERRED"
      }
    },
    {
      "type": "Feature",
      "geometry": {
        "type": "Point",
        "coordinates": [
          74.01771794871794,
          14.978076923076923
        ]
      },
      "properties": {
        "layer": "interpolated_heatmap",
        "value": 0.4325,
        "label": "Interpolated anomaly intensity",
        "disclaimer": "Interpolated estimate \u2014 NOT a direct measurement",
        "data_provenance": "INFERRED"
      }
    },
    {
      "type": "Feature",
      "geometry": {
        "type": "Point",
        "coordinates": [
          74.01771794871794,
          14.978384615384615
        ]
      },
      "properties": {
        "layer": "interpolated_heatmap",
        "value": 0.4319,
        "label": "Interpolated anomaly intensity",
        "disclaimer": "Interpolated estimate \u2014 NOT a direct measurement",
        "data_provenance": "INFERRED"
      }
    },
    {
      "type": "Feature",
      "geometry": {
        "type": "Point",
        "coordinates": [
          74.01771794871794,
          14.978692307692308
        ]
      },
      "properties": {
        "layer": "interpolated_heatmap",
        "value": 0.4313,
        "label": "Interpolated anomaly intensity",
        "disclaimer": "Interpolated estimate \u2014 NOT a direct measurement",
        "data_provenance": "INFERRED"
      }
    },
    {
      "type": "Feature",
      "geometry": {
        "type": "Point",
        "coordinates": [
          74.01771794871794,
          14.979
        ]
      },
      "properties": {
        "layer": "interpolated_heatmap",
        "value": 0.4305,
        "label": "Interpolated anomaly intensity",
        "disclaimer": "Interpolated estimate \u2014 NOT a direct measurement",
        "data_provenance": "INFERRED"
      }
    },
    {
      "type": "Feature",
      "geometry": {
        "type": "Point",
        "coordinates": [
          74.01771794871794,
          14.979307692307692
        ]
      },
      "properties": {
        "layer": "interpolated_heatmap",
        "value": 0.4298,
        "label": "Interpolated anomaly intensity",
        "disclaimer": "Interpolated estimate \u2014 NOT a direct measurement",
        "data_provenance": "INFERRED"
      }
    },
    {
      "type": "Feature",
      "geometry": {
        "type": "Point",
        "coordinates": [
          74.01771794871794,
          14.979615384615384
        ]
      },
      "properties": {
        "layer": "interpolated_heatmap",
        "value": 0.429,
        "label": "Interpolated anomaly intensity",
        "disclaimer": "Interpolated estimate \u2014 NOT a direct measurement",
        "data_provenance": "INFERRED"
      }
    },
    {
      "type": "Feature",
      "geometry": {
        "type": "Point",
        "coordinates": [
          74.01771794871794,
          14.979923076923077
        ]
      },
      "properties": {
        "layer": "interpolated_heatmap",
        "value": 0.4284,
        "label": "Interpolated anomaly intensity",
        "disclaimer": "Interpolated estimate \u2014 NOT a direct measurement",
        "data_provenance": "INFERRED"
      }
    },
    {
      "type": "Feature",
      "geometry": {
        "type": "Point",
        "coordinates": [
          74.01771794871794,
          14.980230769230769
        ]
      },
      "properties": {
        "layer": "interpolated_heatmap",
        "value": 0.4281,
        "label": "Interpolated anomaly intensity",
        "disclaimer": "Interpolated estimate \u2014 NOT a direct measurement",
        "data_provenance": "INFERRED"
      }
    },
    {
      "type": "Feature",
      "geometry": {
        "type": "Point",
        "coordinates": [
          74.01771794871794,
          14.980538461538462
        ]
      },
      "properties": {
        "layer": "interpolated_heatmap",
        "value": 0.4282,
        "label": "Interpolated anomaly intensity",
        "disclaimer": "Interpolated estimate \u2014 NOT a direct measurement",
        "data_provenance": "INFERRED"
      }
    },
    {
      "type": "Feature",
      "geometry": {
        "type": "Point",
        "coordinates": [
          74.01771794871794,
          14.980846153846153
        ]
      },
      "properties": {
        "layer": "interpolated_heatmap",
        "value": 0.4286,
        "label": "Interpolated anomaly intensity",
        "disclaimer": "Interpolated estimate \u2014 NOT a direct measurement",
        "data_provenance": "INFERRED"
      }
    },
    {
      "type": "Feature",
      "geometry": {
        "type": "Point",
        "coordinates": [
          74.01771794871794,
          14.981153846153846
        ]
      },
      "properties": {
        "layer": "interpolated_heatmap",
        "value": 0.4293,
        "label": "Interpolated anomaly intensity",
        "disclaimer": "Interpolated estimate \u2014 NOT a direct measurement",
        "data_provenance": "INFERRED"
      }
    },
    {
      "type": "Feature",
      "geometry": {
        "type": "Point",
        "coordinates": [
          74.01771794871794,
          14.981461538461538
        ]
      },
      "properties": {
        "layer": "interpolated_heatmap",
        "value": 0.4301,
        "label": "Interpolated anomaly intensity",
        "disclaimer": "Interpolated estimate \u2014 NOT a direct measurement",
        "data_provenance": "INFERRED"
      }
    },
    {
      "type": "Feature",
      "geometry": {
        "type": "Point",
        "coordinates": [
          74.01771794871794,
          14.981769230769231
        ]
      },
      "properties": {
        "layer": "interpolated_heatmap",
        "value": 0.431,
        "label": "Interpolated anomaly intensity",
        "disclaimer": "Interpolated estimate \u2014 NOT a direct measurement",
        "data_provenance": "INFERRED"
      }
    },
    {
      "type": "Feature",
      "geometry": {
        "type": "Point",
        "coordinates": [
          74.01771794871794,
          14.982076923076923
        ]
      },
      "properties": {
        "layer": "interpolated_heatmap",
        "value": 0.4317,
        "label": "Interpolated anomaly intensity",
        "disclaimer": "Interpolated estimate \u2014 NOT a direct measurement",
        "data_provenance": "INFERRED"
      }
    },
    {
      "type": "Feature",
      "geometry": {
        "type": "Point",
        "coordinates": [
          74.01771794871794,
          14.982384615384616
        ]
      },
      "properties": {
        "layer": "interpolated_heatmap",
        "value": 0.4324,
        "label": "Interpolated anomaly intensity",
        "disclaimer": "Interpolated estimate \u2014 NOT a direct measurement",
        "data_provenance": "INFERRED"
      }
    },
    {
      "type": "Feature",
      "geometry": {
        "type": "Point",
        "coordinates": [
          74.01771794871794,
          14.982692307692307
        ]
      },
      "properties": {
        "layer": "interpolated_heatmap",
        "value": 0.433,
        "label": "Interpolated anomaly intensity",
        "disclaimer": "Interpolated estimate \u2014 NOT a direct measurement",
        "data_provenance": "INFERRED"
      }
    },
    {
      "type": "Feature",
      "geometry": {
        "type": "Point",
        "coordinates": [
          74.01771794871794,
          14.983
        ]
      },
      "properties": {
        "layer": "interpolated_heatmap",
        "value": 0.4334,
        "label": "Interpolated anomaly intensity",
        "disclaimer": "Interpolated estimate \u2014 NOT a direct measurement",
        "data_provenance": "INFERRED"
      }
    },
    {
      "type": "Feature",
      "geometry": {
        "type": "Point",
        "coordinates": [
          74.01771794871794,
          14.983307692307692
        ]
      },
      "properties": {
        "layer": "interpolated_heatmap",
        "value": 0.4338,
        "label": "Interpolated anomaly intensity",
        "disclaimer": "Interpolated estimate \u2014 NOT a direct measurement",
        "data_provenance": "INFERRED"
      }
    },
    {
      "type": "Feature",
      "geometry": {
        "type": "Point",
        "coordinates": [
          74.01771794871794,
          14.983615384615385
        ]
      },
      "properties": {
        "layer": "interpolated_heatmap",
        "value": 0.4341,
        "label": "Interpolated anomaly intensity",
        "disclaimer": "Interpolated estimate \u2014 NOT a direct measurement",
        "data_provenance": "INFERRED"
      }
    },
    {
      "type": "Feature",
      "geometry": {
        "type": "Point",
        "coordinates": [
          74.01771794871794,
          14.983923076923077
        ]
      },
      "properties": {
        "layer": "interpolated_heatmap",
        "value": 0.4343,
        "label": "Interpolated anomaly intensity",
        "disclaimer": "Interpolated estimate \u2014 NOT a direct measurement",
        "data_provenance": "INFERRED"
      }
    },
    {
      "type": "Feature",
      "geometry": {
        "type": "Point",
        "coordinates": [
          74.01771794871794,
          14.98423076923077
        ]
      },
      "properties": {
        "layer": "interpolated_heatmap",
        "value": 0.4346,
        "label": "Interpolated anomaly intensity",
        "disclaimer": "Interpolated estimate \u2014 NOT a direct measurement",
        "data_provenance": "INFERRED"
      }
    },
    {
      "type": "Feature",
      "geometry": {
        "type": "Point",
        "coordinates": [
          74.01771794871794,
          14.984538461538461
        ]
      },
      "properties": {
        "layer": "interpolated_heatmap",
        "value": 0.4347,
        "label": "Interpolated anomaly intensity",
        "disclaimer": "Interpolated estimate \u2014 NOT a direct measurement",
        "data_provenance": "INFERRED"
      }
    },
    {
      "type": "Feature",
      "geometry": {
        "type": "Point",
        "coordinates": [
          74.01771794871794,
          14.984846153846155
        ]
      },
      "properties": {
        "layer": "interpolated_heatmap",
        "value": 0.4349,
        "label": "Interpolated anomaly intensity",
        "disclaimer": "Interpolated estimate \u2014 NOT a direct measurement",
        "data_provenance": "INFERRED"
      }
    },
    {
      "type": "Feature",
      "geometry": {
        "type": "Point",
        "coordinates": [
          74.01771794871794,
          14.985153846153846
        ]
      },
      "properties": {
        "layer": "interpolated_heatmap",
        "value": 0.435,
        "label": "Interpolated anomaly intensity",
        "disclaimer": "Interpolated estimate \u2014 NOT a direct measurement",
        "data_provenance": "INFERRED"
      }
    },
    {
      "type": "Feature",
      "geometry": {
        "type": "Point",
        "coordinates": [
          74.01771794871794,
          14.98546153846154
        ]
      },
      "properties": {
        "layer": "interpolated_heatmap",
        "value": 0.4352,
        "label": "Interpolated anomaly intensity",
        "disclaimer": "Interpolated estimate \u2014 NOT a direct measurement",
        "data_provenance": "INFERRED"
      }
    },
    {
      "type": "Feature",
      "geometry": {
        "type": "Point",
        "coordinates": [
          74.01771794871794,
          14.98576923076923
        ]
      },
      "properties": {
        "layer": "interpolated_heatmap",
        "value": 0.4353,
        "label": "Interpolated anomaly intensity",
        "disclaimer": "Interpolated estimate \u2014 NOT a direct measurement",
        "data_provenance": "INFERRED"
      }
    },
    {
      "type": "Feature",
      "geometry": {
        "type": "Point",
        "coordinates": [
          74.01771794871794,
          14.986076923076924
        ]
      },
      "properties": {
        "layer": "interpolated_heatmap",
        "value": 0.4354,
        "label": "Interpolated anomaly intensity",
        "disclaimer": "Interpolated estimate \u2014 NOT a direct measurement",
        "data_provenance": "INFERRED"
      }
    },
    {
      "type": "Feature",
      "geometry": {
        "type": "Point",
        "coordinates": [
          74.01771794871794,
          14.986384615384615
        ]
      },
      "properties": {
        "layer": "interpolated_heatmap",
        "value": 0.4355,
        "label": "Interpolated anomaly intensity",
        "disclaimer": "Interpolated estimate \u2014 NOT a direct measurement",
        "data_provenance": "INFERRED"
      }
    },
    {
      "type": "Feature",
      "geometry": {
        "type": "Point",
        "coordinates": [
          74.01771794871794,
          14.986692307692309
        ]
      },
      "properties": {
        "layer": "interpolated_heatmap",
        "value": 0.4356,
        "label": "Interpolated anomaly intensity",
        "disclaimer": "Interpolated estimate \u2014 NOT a direct measurement",
        "data_provenance": "INFERRED"
      }
    },
    {
      "type": "Feature",
      "geometry": {
        "type": "Point",
        "coordinates": [
          74.01771794871794,
          14.987
        ]
      },
      "properties": {
        "layer": "interpolated_heatmap",
        "value": 0.4356,
        "label": "Interpolated anomaly intensity",
        "disclaimer": "Interpolated estimate \u2014 NOT a direct measurement",
        "data_provenance": "INFERRED"
      }
    },
    {
      "type": "Feature",
      "geometry": {
        "type": "Point",
        "coordinates": [
          74.0181282051282,
          14.975
        ]
      },
      "properties": {
        "layer": "interpolated_heatmap",
        "value": 0.4356,
        "label": "Interpolated anomaly intensity",
        "disclaimer": "Interpolated estimate \u2014 NOT a direct measurement",
        "data_provenance": "INFERRED"
      }
    },
    {
      "type": "Feature",
      "geometry": {
        "type": "Point",
        "coordinates": [
          74.0181282051282,
          14.975307692307691
        ]
      },
      "properties": {
        "layer": "interpolated_heatmap",
        "value": 0.4355,
        "label": "Interpolated anomaly intensity",
        "disclaimer": "Interpolated estimate \u2014 NOT a direct measurement",
        "data_provenance": "INFERRED"
      }
    },
    {
      "type": "Feature",
      "geometry": {
        "type": "Point",
        "coordinates": [
          74.0181282051282,
          14.975615384615384
        ]
      },
      "properties": {
        "layer": "interpolated_heatmap",
        "value": 0.4353,
        "label": "Interpolated anomaly intensity",
        "disclaimer": "Interpolated estimate \u2014 NOT a direct measurement",
        "data_provenance": "INFERRED"
      }
    },
    {
      "type": "Feature",
      "geometry": {
        "type": "Point",
        "coordinates": [
          74.0181282051282,
          14.975923076923076
        ]
      },
      "properties": {
        "layer": "interpolated_heatmap",
        "value": 0.4351,
        "label": "Interpolated anomaly intensity",
        "disclaimer": "Interpolated estimate \u2014 NOT a direct measurement",
        "data_provenance": "INFERRED"
      }
    },
    {
      "type": "Feature",
      "geometry": {
        "type": "Point",
        "coordinates": [
          74.0181282051282,
          14.976230769230769
        ]
      },
      "properties": {
        "layer": "interpolated_heatmap",
        "value": 0.4349,
        "label": "Interpolated anomaly intensity",
        "disclaimer": "Interpolated estimate \u2014 NOT a direct measurement",
        "data_provenance": "INFERRED"
      }
    },
    {
      "type": "Feature",
      "geometry": {
        "type": "Point",
        "coordinates": [
          74.0181282051282,
          14.97653846153846
        ]
      },
      "properties": {
        "layer": "interpolated_heatmap",
        "value": 0.4346,
        "label": "Interpolated anomaly intensity",
        "disclaimer": "Interpolated estimate \u2014 NOT a direct measurement",
        "data_provenance": "INFERRED"
      }
    },
    {
      "type": "Feature",
      "geometry": {
        "type": "Point",
        "coordinates": [
          74.0181282051282,
          14.976846153846154
        ]
      },
      "properties": {
        "layer": "interpolated_heatmap",
        "value": 0.4343,
        "label": "Interpolated anomaly intensity",
        "disclaimer": "Interpolated estimate \u2014 NOT a direct measurement",
        "data_provenance": "INFERRED"
      }
    },
    {
      "type": "Feature",
      "geometry": {
        "type": "Point",
        "coordinates": [
          74.0181282051282,
          14.977153846153845
        ]
      },
      "properties": {
        "layer": "interpolated_heatmap",
        "value": 0.434,
        "label": "Interpolated anomaly intensity",
        "disclaimer": "Interpolated estimate \u2014 NOT a direct measurement",
        "data_provenance": "INFERRED"
      }
    },
    {
      "type": "Feature",
      "geometry": {
        "type": "Point",
        "coordinates": [
          74.0181282051282,
          14.977461538461538
        ]
      },
      "properties": {
        "layer": "interpolated_heatmap",
        "value": 0.4336,
        "label": "Interpolated anomaly intensity",
        "disclaimer": "Interpolated estimate \u2014 NOT a direct measurement",
        "data_provenance": "INFERRED"
      }
    },
    {
      "type": "Feature",
      "geometry": {
        "type": "Point",
        "coordinates": [
          74.0181282051282,
          14.97776923076923
        ]
      },
      "properties": {
        "layer": "interpolated_heatmap",
        "value": 0.4333,
        "label": "Interpolated anomaly intensity",
        "disclaimer": "Interpolated estimate \u2014 NOT a direct measurement",
        "data_provenance": "INFERRED"
      }
    },
    {
      "type": "Feature",
      "geometry": {
        "type": "Point",
        "coordinates": [
          74.0181282051282,
          14.978076923076923
        ]
      },
      "properties": {
        "layer": "interpolated_heatmap",
        "value": 0.4328,
        "label": "Interpolated anomaly intensity",
        "disclaimer": "Interpolated estimate \u2014 NOT a direct measurement",
        "data_provenance": "INFERRED"
      }
    },
    {
      "type": "Feature",
      "geometry": {
        "type": "Point",
        "coordinates": [
          74.0181282051282,
          14.978384615384615
        ]
      },
      "properties": {
        "layer": "interpolated_heatmap",
        "value": 0.4324,
        "label": "Interpolated anomaly intensity",
        "disclaimer": "Interpolated estimate \u2014 NOT a direct measurement",
        "data_provenance": "INFERRED"
      }
    },
    {
      "type": "Feature",
      "geometry": {
        "type": "Point",
        "coordinates": [
          74.0181282051282,
          14.978692307692308
        ]
      },
      "properties": {
        "layer": "interpolated_heatmap",
        "value": 0.4318,
        "label": "Interpolated anomaly intensity",
        "disclaimer": "Interpolated estimate \u2014 NOT a direct measurement",
        "data_provenance": "INFERRED"
      }
    },
    {
      "type": "Feature",
      "geometry": {
        "type": "Point",
        "coordinates": [
          74.0181282051282,
          14.979
        ]
      },
      "properties": {
        "layer": "interpolated_heatmap",
        "value": 0.4313,
        "label": "Interpolated anomaly intensity",
        "disclaimer": "Interpolated estimate \u2014 NOT a direct measurement",
        "data_provenance": "INFERRED"
      }
    },
    {
      "type": "Feature",
      "geometry": {
        "type": "Point",
        "coordinates": [
          74.0181282051282,
          14.979307692307692
        ]
      },
      "properties": {
        "layer": "interpolated_heatmap",
        "value": 0.4308,
        "label": "Interpolated anomaly intensity",
        "disclaimer": "Interpolated estimate \u2014 NOT a direct measurement",
        "data_provenance": "INFERRED"
      }
    },
    {
      "type": "Feature",
      "geometry": {
        "type": "Point",
        "coordinates": [
          74.0181282051282,
          14.979615384615384
        ]
      },
      "properties": {
        "layer": "interpolated_heatmap",
        "value": 0.4304,
        "label": "Interpolated anomaly intensity",
        "disclaimer": "Interpolated estimate \u2014 NOT a direct measurement",
        "data_provenance": "INFERRED"
      }
    },
    {
      "type": "Feature",
      "geometry": {
        "type": "Point",
        "coordinates": [
          74.0181282051282,
          14.979923076923077
        ]
      },
      "properties": {
        "layer": "interpolated_heatmap",
        "value": 0.43,
        "label": "Interpolated anomaly intensity",
        "disclaimer": "Interpolated estimate \u2014 NOT a direct measurement",
        "data_provenance": "INFERRED"
      }
    },
    {
      "type": "Feature",
      "geometry": {
        "type": "Point",
        "coordinates": [
          74.0181282051282,
          14.980230769230769
        ]
      },
      "properties": {
        "layer": "interpolated_heatmap",
        "value": 0.4299,
        "label": "Interpolated anomaly intensity",
        "disclaimer": "Interpolated estimate \u2014 NOT a direct measurement",
        "data_provenance": "INFERRED"
      }
    },
    {
      "type": "Feature",
      "geometry": {
        "type": "Point",
        "coordinates": [
          74.0181282051282,
          14.980538461538462
        ]
      },
      "properties": {
        "layer": "interpolated_heatmap",
        "value": 0.4299,
        "label": "Interpolated anomaly intensity",
        "disclaimer": "Interpolated estimate \u2014 NOT a direct measurement",
        "data_provenance": "INFERRED"
      }
    },
    {
      "type": "Feature",
      "geometry": {
        "type": "Point",
        "coordinates": [
          74.0181282051282,
          14.980846153846153
        ]
      },
      "properties": {
        "layer": "interpolated_heatmap",
        "value": 0.4302,
        "label": "Interpolated anomaly intensity",
        "disclaimer": "Interpolated estimate \u2014 NOT a direct measurement",
        "data_provenance": "INFERRED"
      }
    },
    {
      "type": "Feature",
      "geometry": {
        "type": "Point",
        "coordinates": [
          74.0181282051282,
          14.981153846153846
        ]
      },
      "properties": {
        "layer": "interpolated_heatmap",
        "value": 0.4306,
        "label": "Interpolated anomaly intensity",
        "disclaimer": "Interpolated estimate \u2014 NOT a direct measurement",
        "data_provenance": "INFERRED"
      }
    },
    {
      "type": "Feature",
      "geometry": {
        "type": "Point",
        "coordinates": [
          74.0181282051282,
          14.981461538461538
        ]
      },
      "properties": {
        "layer": "interpolated_heatmap",
        "value": 0.4311,
        "label": "Interpolated anomaly intensity",
        "disclaimer": "Interpolated estimate \u2014 NOT a direct measurement",
        "data_provenance": "INFERRED"
      }
    },
    {
      "type": "Feature",
      "geometry": {
        "type": "Point",
        "coordinates": [
          74.0181282051282,
          14.981769230769231
        ]
      },
      "properties": {
        "layer": "interpolated_heatmap",
        "value": 0.4316,
        "label": "Interpolated anomaly intensity",
        "disclaimer": "Interpolated estimate \u2014 NOT a direct measurement",
        "data_provenance": "INFERRED"
      }
    },
    {
      "type": "Feature",
      "geometry": {
        "type": "Point",
        "coordinates": [
          74.0181282051282,
          14.982076923076923
        ]
      },
      "properties": {
        "layer": "interpolated_heatmap",
        "value": 0.4322,
        "label": "Interpolated anomaly intensity",
        "disclaimer": "Interpolated estimate \u2014 NOT a direct measurement",
        "data_provenance": "INFERRED"
      }
    },
    {
      "type": "Feature",
      "geometry": {
        "type": "Point",
        "coordinates": [
          74.0181282051282,
          14.982384615384616
        ]
      },
      "properties": {
        "layer": "interpolated_heatmap",
        "value": 0.4327,
        "label": "Interpolated anomaly intensity",
        "disclaimer": "Interpolated estimate \u2014 NOT a direct measurement",
        "data_provenance": "INFERRED"
      }
    },
    {
      "type": "Feature",
      "geometry": {
        "type": "Point",
        "coordinates": [
          74.0181282051282,
          14.982692307692307
        ]
      },
      "properties": {
        "layer": "interpolated_heatmap",
        "value": 0.4331,
        "label": "Interpolated anomaly intensity",
        "disclaimer": "Interpolated estimate \u2014 NOT a direct measurement",
        "data_provenance": "INFERRED"
      }
    },
    {
      "type": "Feature",
      "geometry": {
        "type": "Point",
        "coordinates": [
          74.0181282051282,
          14.983
        ]
      },
      "properties": {
        "layer": "interpolated_heatmap",
        "value": 0.4335,
        "label": "Interpolated anomaly intensity",
        "disclaimer": "Interpolated estimate \u2014 NOT a direct measurement",
        "data_provenance": "INFERRED"
      }
    },
    {
      "type": "Feature",
      "geometry": {
        "type": "Point",
        "coordinates": [
          74.0181282051282,
          14.983307692307692
        ]
      },
      "properties": {
        "layer": "interpolated_heatmap",
        "value": 0.4338,
        "label": "Interpolated anomaly intensity",
        "disclaimer": "Interpolated estimate \u2014 NOT a direct measurement",
        "data_provenance": "INFERRED"
      }
    },
    {
      "type": "Feature",
      "geometry": {
        "type": "Point",
        "coordinates": [
          74.0181282051282,
          14.983615384615385
        ]
      },
      "properties": {
        "layer": "interpolated_heatmap",
        "value": 0.4341,
        "label": "Interpolated anomaly intensity",
        "disclaimer": "Interpolated estimate \u2014 NOT a direct measurement",
        "data_provenance": "INFERRED"
      }
    },
    {
      "type": "Feature",
      "geometry": {
        "type": "Point",
        "coordinates": [
          74.0181282051282,
          14.983923076923077
        ]
      },
      "properties": {
        "layer": "interpolated_heatmap",
        "value": 0.4343,
        "label": "Interpolated anomaly intensity",
        "disclaimer": "Interpolated estimate \u2014 NOT a direct measurement",
        "data_provenance": "INFERRED"
      }
    },
    {
      "type": "Feature",
      "geometry": {
        "type": "Point",
        "coordinates": [
          74.0181282051282,
          14.98423076923077
        ]
      },
      "properties": {
        "layer": "interpolated_heatmap",
        "value": 0.4345,
        "label": "Interpolated anomaly intensity",
        "disclaimer": "Interpolated estimate \u2014 NOT a direct measurement",
        "data_provenance": "INFERRED"
      }
    },
    {
      "type": "Feature",
      "geometry": {
        "type": "Point",
        "coordinates": [
          74.0181282051282,
          14.984538461538461
        ]
      },
      "properties": {
        "layer": "interpolated_heatmap",
        "value": 0.4347,
        "label": "Interpolated anomaly intensity",
        "disclaimer": "Interpolated estimate \u2014 NOT a direct measurement",
        "data_provenance": "INFERRED"
      }
    },
    {
      "type": "Feature",
      "geometry": {
        "type": "Point",
        "coordinates": [
          74.0181282051282,
          14.984846153846155
        ]
      },
      "properties": {
        "layer": "interpolated_heatmap",
        "value": 0.4349,
        "label": "Interpolated anomaly intensity",
        "disclaimer": "Interpolated estimate \u2014 NOT a direct measurement",
        "data_provenance": "INFERRED"
      }
    },
    {
      "type": "Feature",
      "geometry": {
        "type": "Point",
        "coordinates": [
          74.0181282051282,
          14.985153846153846
        ]
      },
      "properties": {
        "layer": "interpolated_heatmap",
        "value": 0.435,
        "label": "Interpolated anomaly intensity",
        "disclaimer": "Interpolated estimate \u2014 NOT a direct measurement",
        "data_provenance": "INFERRED"
      }
    },
    {
      "type": "Feature",
      "geometry": {
        "type": "Point",
        "coordinates": [
          74.0181282051282,
          14.98546153846154
        ]
      },
      "properties": {
        "layer": "interpolated_heatmap",
        "value": 0.4351,
        "label": "Interpolated anomaly intensity",
        "disclaimer": "Interpolated estimate \u2014 NOT a direct measurement",
        "data_provenance": "INFERRED"
      }
    },
    {
      "type": "Feature",
      "geometry": {
        "type": "Point",
        "coordinates": [
          74.0181282051282,
          14.98576923076923
        ]
      },
      "properties": {
        "layer": "interpolated_heatmap",
        "value": 0.4353,
        "label": "Interpolated anomaly intensity",
        "disclaimer": "Interpolated estimate \u2014 NOT a direct measurement",
        "data_provenance": "INFERRED"
      }
    },
    {
      "type": "Feature",
      "geometry": {
        "type": "Point",
        "coordinates": [
          74.0181282051282,
          14.986076923076924
        ]
      },
      "properties": {
        "layer": "interpolated_heatmap",
        "value": 0.4354,
        "label": "Interpolated anomaly intensity",
        "disclaimer": "Interpolated estimate \u2014 NOT a direct measurement",
        "data_provenance": "INFERRED"
      }
    },
    {
      "type": "Feature",
      "geometry": {
        "type": "Point",
        "coordinates": [
          74.0181282051282,
          14.986384615384615
        ]
      },
      "properties": {
        "layer": "interpolated_heatmap",
        "value": 0.4355,
        "label": "Interpolated anomaly intensity",
        "disclaimer": "Interpolated estimate \u2014 NOT a direct measurement",
        "data_provenance": "INFERRED"
      }
    },
    {
      "type": "Feature",
      "geometry": {
        "type": "Point",
        "coordinates": [
          74.0181282051282,
          14.986692307692309
        ]
      },
      "properties": {
        "layer": "interpolated_heatmap",
        "value": 0.4355,
        "label": "Interpolated anomaly intensity",
        "disclaimer": "Interpolated estimate \u2014 NOT a direct measurement",
        "data_provenance": "INFERRED"
      }
    },
    {
      "type": "Feature",
      "geometry": {
        "type": "Point",
        "coordinates": [
          74.0181282051282,
          14.987
        ]
      },
      "properties": {
        "layer": "interpolated_heatmap",
        "value": 0.4356,
        "label": "Interpolated anomaly intensity",
        "disclaimer": "Interpolated estimate \u2014 NOT a direct measurement",
        "data_provenance": "INFERRED"
      }
    },
    {
      "type": "Feature",
      "geometry": {
        "type": "Point",
        "coordinates": [
          74.01853846153847,
          14.975
        ]
      },
      "properties": {
        "layer": "interpolated_heatmap",
        "value": 0.4356,
        "label": "Interpolated anomaly intensity",
        "disclaimer": "Interpolated estimate \u2014 NOT a direct measurement",
        "data_provenance": "INFERRED"
      }
    },
    {
      "type": "Feature",
      "geometry": {
        "type": "Point",
        "coordinates": [
          74.01853846153847,
          14.975307692307691
        ]
      },
      "properties": {
        "layer": "interpolated_heatmap",
        "value": 0.4354,
        "label": "Interpolated anomaly intensity",
        "disclaimer": "Interpolated estimate \u2014 NOT a direct measurement",
        "data_provenance": "INFERRED"
      }
    },
    {
      "type": "Feature",
      "geometry": {
        "type": "Point",
        "coordinates": [
          74.01853846153847,
          14.975615384615384
        ]
      },
      "properties": {
        "layer": "interpolated_heatmap",
        "value": 0.4353,
        "label": "Interpolated anomaly intensity",
        "disclaimer": "Interpolated estimate \u2014 NOT a direct measurement",
        "data_provenance": "INFERRED"
      }
    },
    {
      "type": "Feature",
      "geometry": {
        "type": "Point",
        "coordinates": [
          74.01853846153847,
          14.975923076923076
        ]
      },
      "properties": {
        "layer": "interpolated_heatmap",
        "value": 0.4351,
        "label": "Interpolated anomaly intensity",
        "disclaimer": "Interpolated estimate \u2014 NOT a direct measurement",
        "data_provenance": "INFERRED"
      }
    },
    {
      "type": "Feature",
      "geometry": {
        "type": "Point",
        "coordinates": [
          74.01853846153847,
          14.976230769230769
        ]
      },
      "properties": {
        "layer": "interpolated_heatmap",
        "value": 0.4349,
        "label": "Interpolated anomaly intensity",
        "disclaimer": "Interpolated estimate \u2014 NOT a direct measurement",
        "data_provenance": "INFERRED"
      }
    },
    {
      "type": "Feature",
      "geometry": {
        "type": "Point",
        "coordinates": [
          74.01853846153847,
          14.97653846153846
        ]
      },
      "properties": {
        "layer": "interpolated_heatmap",
        "value": 0.4346,
        "label": "Interpolated anomaly intensity",
        "disclaimer": "Interpolated estimate \u2014 NOT a direct measurement",
        "data_provenance": "INFERRED"
      }
    },
    {
      "type": "Feature",
      "geometry": {
        "type": "Point",
        "coordinates": [
          74.01853846153847,
          14.976846153846154
        ]
      },
      "properties": {
        "layer": "interpolated_heatmap",
        "value": 0.4344,
        "label": "Interpolated anomaly intensity",
        "disclaimer": "Interpolated estimate \u2014 NOT a direct measurement",
        "data_provenance": "INFERRED"
      }
    },
    {
      "type": "Feature",
      "geometry": {
        "type": "Point",
        "coordinates": [
          74.01853846153847,
          14.977153846153845
        ]
      },
      "properties": {
        "layer": "interpolated_heatmap",
        "value": 0.4341,
        "label": "Interpolated anomaly intensity",
        "disclaimer": "Interpolated estimate \u2014 NOT a direct measurement",
        "data_provenance": "INFERRED"
      }
    },
    {
      "type": "Feature",
      "geometry": {
        "type": "Point",
        "coordinates": [
          74.01853846153847,
          14.977461538461538
        ]
      },
      "properties": {
        "layer": "interpolated_heatmap",
        "value": 0.4338,
        "label": "Interpolated anomaly intensity",
        "disclaimer": "Interpolated estimate \u2014 NOT a direct measurement",
        "data_provenance": "INFERRED"
      }
    },
    {
      "type": "Feature",
      "geometry": {
        "type": "Point",
        "coordinates": [
          74.01853846153847,
          14.97776923076923
        ]
      },
      "properties": {
        "layer": "interpolated_heatmap",
        "value": 0.4335,
        "label": "Interpolated anomaly intensity",
        "disclaimer": "Interpolated estimate \u2014 NOT a direct measurement",
        "data_provenance": "INFERRED"
      }
    },
    {
      "type": "Feature",
      "geometry": {
        "type": "Point",
        "coordinates": [
          74.01853846153847,
          14.978076923076923
        ]
      },
      "properties": {
        "layer": "interpolated_heatmap",
        "value": 0.4331,
        "label": "Interpolated anomaly intensity",
        "disclaimer": "Interpolated estimate \u2014 NOT a direct measurement",
        "data_provenance": "INFERRED"
      }
    },
    {
      "type": "Feature",
      "geometry": {
        "type": "Point",
        "coordinates": [
          74.01853846153847,
          14.978384615384615
        ]
      },
      "properties": {
        "layer": "interpolated_heatmap",
        "value": 0.4327,
        "label": "Interpolated anomaly intensity",
        "disclaimer": "Interpolated estimate \u2014 NOT a direct measurement",
        "data_provenance": "INFERRED"
      }
    },
    {
      "type": "Feature",
      "geometry": {
        "type": "Point",
        "coordinates": [
          74.01853846153847,
          14.978692307692308
        ]
      },
      "properties": {
        "layer": "interpolated_heatmap",
        "value": 0.4324,
        "label": "Interpolated anomaly intensity",
        "disclaimer": "Interpolated estimate \u2014 NOT a direct measurement",
        "data_provenance": "INFERRED"
      }
    },
    {
      "type": "Feature",
      "geometry": {
        "type": "Point",
        "coordinates": [
          74.01853846153847,
          14.979
        ]
      },
      "properties": {
        "layer": "interpolated_heatmap",
        "value": 0.432,
        "label": "Interpolated anomaly intensity",
        "disclaimer": "Interpolated estimate \u2014 NOT a direct measurement",
        "data_provenance": "INFERRED"
      }
    },
    {
      "type": "Feature",
      "geometry": {
        "type": "Point",
        "coordinates": [
          74.01853846153847,
          14.979307692307692
        ]
      },
      "properties": {
        "layer": "interpolated_heatmap",
        "value": 0.4317,
        "label": "Interpolated anomaly intensity",
        "disclaimer": "Interpolated estimate \u2014 NOT a direct measurement",
        "data_provenance": "INFERRED"
      }
    },
    {
      "type": "Feature",
      "geometry": {
        "type": "Point",
        "coordinates": [
          74.01853846153847,
          14.979615384615384
        ]
      },
      "properties": {
        "layer": "interpolated_heatmap",
        "value": 0.4314,
        "label": "Interpolated anomaly intensity",
        "disclaimer": "Interpolated estimate \u2014 NOT a direct measurement",
        "data_provenance": "INFERRED"
      }
    },
    {
      "type": "Feature",
      "geometry": {
        "type": "Point",
        "coordinates": [
          74.01853846153847,
          14.979923076923077
        ]
      },
      "properties": {
        "layer": "interpolated_heatmap",
        "value": 0.4312,
        "label": "Interpolated anomaly intensity",
        "disclaimer": "Interpolated estimate \u2014 NOT a direct measurement",
        "data_provenance": "INFERRED"
      }
    },
    {
      "type": "Feature",
      "geometry": {
        "type": "Point",
        "coordinates": [
          74.01853846153847,
          14.980230769230769
        ]
      },
      "properties": {
        "layer": "interpolated_heatmap",
        "value": 0.4311,
        "label": "Interpolated anomaly intensity",
        "disclaimer": "Interpolated estimate \u2014 NOT a direct measurement",
        "data_provenance": "INFERRED"
      }
    },
    {
      "type": "Feature",
      "geometry": {
        "type": "Point",
        "coordinates": [
          74.01853846153847,
          14.980538461538462
        ]
      },
      "properties": {
        "layer": "interpolated_heatmap",
        "value": 0.4311,
        "label": "Interpolated anomaly intensity",
        "disclaimer": "Interpolated estimate \u2014 NOT a direct measurement",
        "data_provenance": "INFERRED"
      }
    },
    {
      "type": "Feature",
      "geometry": {
        "type": "Point",
        "coordinates": [
          74.01853846153847,
          14.980846153846153
        ]
      },
      "properties": {
        "layer": "interpolated_heatmap",
        "value": 0.4313,
        "label": "Interpolated anomaly intensity",
        "disclaimer": "Interpolated estimate \u2014 NOT a direct measurement",
        "data_provenance": "INFERRED"
      }
    },
    {
      "type": "Feature",
      "geometry": {
        "type": "Point",
        "coordinates": [
          74.01853846153847,
          14.981153846153846
        ]
      },
      "properties": {
        "layer": "interpolated_heatmap",
        "value": 0.4315,
        "label": "Interpolated anomaly intensity",
        "disclaimer": "Interpolated estimate \u2014 NOT a direct measurement",
        "data_provenance": "INFERRED"
      }
    },
    {
      "type": "Feature",
      "geometry": {
        "type": "Point",
        "coordinates": [
          74.01853846153847,
          14.981461538461538
        ]
      },
      "properties": {
        "layer": "interpolated_heatmap",
        "value": 0.4319,
        "label": "Interpolated anomaly intensity",
        "disclaimer": "Interpolated estimate \u2014 NOT a direct measurement",
        "data_provenance": "INFERRED"
      }
    },
    {
      "type": "Feature",
      "geometry": {
        "type": "Point",
        "coordinates": [
          74.01853846153847,
          14.981769230769231
        ]
      },
      "properties": {
        "layer": "interpolated_heatmap",
        "value": 0.4322,
        "label": "Interpolated anomaly intensity",
        "disclaimer": "Interpolated estimate \u2014 NOT a direct measurement",
        "data_provenance": "INFERRED"
      }
    },
    {
      "type": "Feature",
      "geometry": {
        "type": "Point",
        "coordinates": [
          74.01853846153847,
          14.982076923076923
        ]
      },
      "properties": {
        "layer": "interpolated_heatmap",
        "value": 0.4326,
        "label": "Interpolated anomaly intensity",
        "disclaimer": "Interpolated estimate \u2014 NOT a direct measurement",
        "data_provenance": "INFERRED"
      }
    },
    {
      "type": "Feature",
      "geometry": {
        "type": "Point",
        "coordinates": [
          74.01853846153847,
          14.982384615384616
        ]
      },
      "properties": {
        "layer": "interpolated_heatmap",
        "value": 0.433,
        "label": "Interpolated anomaly intensity",
        "disclaimer": "Interpolated estimate \u2014 NOT a direct measurement",
        "data_provenance": "INFERRED"
      }
    },
    {
      "type": "Feature",
      "geometry": {
        "type": "Point",
        "coordinates": [
          74.01853846153847,
          14.982692307692307
        ]
      },
      "properties": {
        "layer": "interpolated_heatmap",
        "value": 0.4333,
        "label": "Interpolated anomaly intensity",
        "disclaimer": "Interpolated estimate \u2014 NOT a direct measurement",
        "data_provenance": "INFERRED"
      }
    },
    {
      "type": "Feature",
      "geometry": {
        "type": "Point",
        "coordinates": [
          74.01853846153847,
          14.983
        ]
      },
      "properties": {
        "layer": "interpolated_heatmap",
        "value": 0.4336,
        "label": "Interpolated anomaly intensity",
        "disclaimer": "Interpolated estimate \u2014 NOT a direct measurement",
        "data_provenance": "INFERRED"
      }
    },
    {
      "type": "Feature",
      "geometry": {
        "type": "Point",
        "coordinates": [
          74.01853846153847,
          14.983307692307692
        ]
      },
      "properties": {
        "layer": "interpolated_heatmap",
        "value": 0.4339,
        "label": "Interpolated anomaly intensity",
        "disclaimer": "Interpolated estimate \u2014 NOT a direct measurement",
        "data_provenance": "INFERRED"
      }
    },
    {
      "type": "Feature",
      "geometry": {
        "type": "Point",
        "coordinates": [
          74.01853846153847,
          14.983615384615385
        ]
      },
      "properties": {
        "layer": "interpolated_heatmap",
        "value": 0.4341,
        "label": "Interpolated anomaly intensity",
        "disclaimer": "Interpolated estimate \u2014 NOT a direct measurement",
        "data_provenance": "INFERRED"
      }
    },
    {
      "type": "Feature",
      "geometry": {
        "type": "Point",
        "coordinates": [
          74.01853846153847,
          14.983923076923077
        ]
      },
      "properties": {
        "layer": "interpolated_heatmap",
        "value": 0.4344,
        "label": "Interpolated anomaly intensity",
        "disclaimer": "Interpolated estimate \u2014 NOT a direct measurement",
        "data_provenance": "INFERRED"
      }
    },
    {
      "type": "Feature",
      "geometry": {
        "type": "Point",
        "coordinates": [
          74.01853846153847,
          14.98423076923077
        ]
      },
      "properties": {
        "layer": "interpolated_heatmap",
        "value": 0.4346,
        "label": "Interpolated anomaly intensity",
        "disclaimer": "Interpolated estimate \u2014 NOT a direct measurement",
        "data_provenance": "INFERRED"
      }
    },
    {
      "type": "Feature",
      "geometry": {
        "type": "Point",
        "coordinates": [
          74.01853846153847,
          14.984538461538461
        ]
      },
      "properties": {
        "layer": "interpolated_heatmap",
        "value": 0.4347,
        "label": "Interpolated anomaly intensity",
        "disclaimer": "Interpolated estimate \u2014 NOT a direct measurement",
        "data_provenance": "INFERRED"
      }
    },
    {
      "type": "Feature",
      "geometry": {
        "type": "Point",
        "coordinates": [
          74.01853846153847,
          14.984846153846155
        ]
      },
      "properties": {
        "layer": "interpolated_heatmap",
        "value": 0.4349,
        "label": "Interpolated anomaly intensity",
        "disclaimer": "Interpolated estimate \u2014 NOT a direct measurement",
        "data_provenance": "INFERRED"
      }
    },
    {
      "type": "Feature",
      "geometry": {
        "type": "Point",
        "coordinates": [
          74.01853846153847,
          14.985153846153846
        ]
      },
      "properties": {
        "layer": "interpolated_heatmap",
        "value": 0.435,
        "label": "Interpolated anomaly intensity",
        "disclaimer": "Interpolated estimate \u2014 NOT a direct measurement",
        "data_provenance": "INFERRED"
      }
    },
    {
      "type": "Feature",
      "geometry": {
        "type": "Point",
        "coordinates": [
          74.01853846153847,
          14.98546153846154
        ]
      },
      "properties": {
        "layer": "interpolated_heatmap",
        "value": 0.4351,
        "label": "Interpolated anomaly intensity",
        "disclaimer": "Interpolated estimate \u2014 NOT a direct measurement",
        "data_provenance": "INFERRED"
      }
    },
    {
      "type": "Feature",
      "geometry": {
        "type": "Point",
        "coordinates": [
          74.01853846153847,
          14.98576923076923
        ]
      },
      "properties": {
        "layer": "interpolated_heatmap",
        "value": 0.4352,
        "label": "Interpolated anomaly intensity",
        "disclaimer": "Interpolated estimate \u2014 NOT a direct measurement",
        "data_provenance": "INFERRED"
      }
    },
    {
      "type": "Feature",
      "geometry": {
        "type": "Point",
        "coordinates": [
          74.01853846153847,
          14.986076923076924
        ]
      },
      "properties": {
        "layer": "interpolated_heatmap",
        "value": 0.4353,
        "label": "Interpolated anomaly intensity",
        "disclaimer": "Interpolated estimate \u2014 NOT a direct measurement",
        "data_provenance": "INFERRED"
      }
    },
    {
      "type": "Feature",
      "geometry": {
        "type": "Point",
        "coordinates": [
          74.01853846153847,
          14.986384615384615
        ]
      },
      "properties": {
        "layer": "interpolated_heatmap",
        "value": 0.4354,
        "label": "Interpolated anomaly intensity",
        "disclaimer": "Interpolated estimate \u2014 NOT a direct measurement",
        "data_provenance": "INFERRED"
      }
    },
    {
      "type": "Feature",
      "geometry": {
        "type": "Point",
        "coordinates": [
          74.01853846153847,
          14.986692307692309
        ]
      },
      "properties": {
        "layer": "interpolated_heatmap",
        "value": 0.4355,
        "label": "Interpolated anomaly intensity",
        "disclaimer": "Interpolated estimate \u2014 NOT a direct measurement",
        "data_provenance": "INFERRED"
      }
    },
    {
      "type": "Feature",
      "geometry": {
        "type": "Point",
        "coordinates": [
          74.01853846153847,
          14.987
        ]
      },
      "properties": {
        "layer": "interpolated_heatmap",
        "value": 0.4356,
        "label": "Interpolated anomaly intensity",
        "disclaimer": "Interpolated estimate \u2014 NOT a direct measurement",
        "data_provenance": "INFERRED"
      }
    },
    {
      "type": "Feature",
      "geometry": {
        "type": "Point",
        "coordinates": [
          74.01894871794872,
          14.975
        ]
      },
      "properties": {
        "layer": "interpolated_heatmap",
        "value": 0.4356,
        "label": "Interpolated anomaly intensity",
        "disclaimer": "Interpolated estimate \u2014 NOT a direct measurement",
        "data_provenance": "INFERRED"
      }
    },
    {
      "type": "Feature",
      "geometry": {
        "type": "Point",
        "coordinates": [
          74.01894871794872,
          14.975307692307691
        ]
      },
      "properties": {
        "layer": "interpolated_heatmap",
        "value": 0.4354,
        "label": "Interpolated anomaly intensity",
        "disclaimer": "Interpolated estimate \u2014 NOT a direct measurement",
        "data_provenance": "INFERRED"
      }
    },
    {
      "type": "Feature",
      "geometry": {
        "type": "Point",
        "coordinates": [
          74.01894871794872,
          14.975615384615384
        ]
      },
      "properties": {
        "layer": "interpolated_heatmap",
        "value": 0.4353,
        "label": "Interpolated anomaly intensity",
        "disclaimer": "Interpolated estimate \u2014 NOT a direct measurement",
        "data_provenance": "INFERRED"
      }
    },
    {
      "type": "Feature",
      "geometry": {
        "type": "Point",
        "coordinates": [
          74.01894871794872,
          14.975923076923076
        ]
      },
      "properties": {
        "layer": "interpolated_heatmap",
        "value": 0.4351,
        "label": "Interpolated anomaly intensity",
        "disclaimer": "Interpolated estimate \u2014 NOT a direct measurement",
        "data_provenance": "INFERRED"
      }
    },
    {
      "type": "Feature",
      "geometry": {
        "type": "Point",
        "coordinates": [
          74.01894871794872,
          14.976230769230769
        ]
      },
      "properties": {
        "layer": "interpolated_heatmap",
        "value": 0.4349,
        "label": "Interpolated anomaly intensity",
        "disclaimer": "Interpolated estimate \u2014 NOT a direct measurement",
        "data_provenance": "INFERRED"
      }
    },
    {
      "type": "Feature",
      "geometry": {
        "type": "Point",
        "coordinates": [
          74.01894871794872,
          14.97653846153846
        ]
      },
      "properties": {
        "layer": "interpolated_heatmap",
        "value": 0.4347,
        "label": "Interpolated anomaly intensity",
        "disclaimer": "Interpolated estimate \u2014 NOT a direct measurement",
        "data_provenance": "INFERRED"
      }
    },
    {
      "type": "Feature",
      "geometry": {
        "type": "Point",
        "coordinates": [
          74.01894871794872,
          14.976846153846154
        ]
      },
      "properties": {
        "layer": "interpolated_heatmap",
        "value": 0.4344,
        "label": "Interpolated anomaly intensity",
        "disclaimer": "Interpolated estimate \u2014 NOT a direct measurement",
        "data_provenance": "INFERRED"
      }
    },
    {
      "type": "Feature",
      "geometry": {
        "type": "Point",
        "coordinates": [
          74.01894871794872,
          14.977153846153845
        ]
      },
      "properties": {
        "layer": "interpolated_heatmap",
        "value": 0.4342,
        "label": "Interpolated anomaly intensity",
        "disclaimer": "Interpolated estimate \u2014 NOT a direct measurement",
        "data_provenance": "INFERRED"
      }
    },
    {
      "type": "Feature",
      "geometry": {
        "type": "Point",
        "coordinates": [
          74.01894871794872,
          14.977461538461538
        ]
      },
      "properties": {
        "layer": "interpolated_heatmap",
        "value": 0.434,
        "label": "Interpolated anomaly intensity",
        "disclaimer": "Interpolated estimate \u2014 NOT a direct measurement",
        "data_provenance": "INFERRED"
      }
    },
    {
      "type": "Feature",
      "geometry": {
        "type": "Point",
        "coordinates": [
          74.01894871794872,
          14.97776923076923
        ]
      },
      "properties": {
        "layer": "interpolated_heatmap",
        "value": 0.4337,
        "label": "Interpolated anomaly intensity",
        "disclaimer": "Interpolated estimate \u2014 NOT a direct measurement",
        "data_provenance": "INFERRED"
      }
    },
    {
      "type": "Feature",
      "geometry": {
        "type": "Point",
        "coordinates": [
          74.01894871794872,
          14.978076923076923
        ]
      },
      "properties": {
        "layer": "interpolated_heatmap",
        "value": 0.4334,
        "label": "Interpolated anomaly intensity",
        "disclaimer": "Interpolated estimate \u2014 NOT a direct measurement",
        "data_provenance": "INFERRED"
      }
    },
    {
      "type": "Feature",
      "geometry": {
        "type": "Point",
        "coordinates": [
          74.01894871794872,
          14.978384615384615
        ]
      },
      "properties": {
        "layer": "interpolated_heatmap",
        "value": 0.4331,
        "label": "Interpolated anomaly intensity",
        "disclaimer": "Interpolated estimate \u2014 NOT a direct measurement",
        "data_provenance": "INFERRED"
      }
    },
    {
      "type": "Feature",
      "geometry": {
        "type": "Point",
        "coordinates": [
          74.01894871794872,
          14.978692307692308
        ]
      },
      "properties": {
        "layer": "interpolated_heatmap",
        "value": 0.4328,
        "label": "Interpolated anomaly intensity",
        "disclaimer": "Interpolated estimate \u2014 NOT a direct measurement",
        "data_provenance": "INFERRED"
      }
    },
    {
      "type": "Feature",
      "geometry": {
        "type": "Point",
        "coordinates": [
          74.01894871794872,
          14.979
        ]
      },
      "properties": {
        "layer": "interpolated_heatmap",
        "value": 0.4326,
        "label": "Interpolated anomaly intensity",
        "disclaimer": "Interpolated estimate \u2014 NOT a direct measurement",
        "data_provenance": "INFERRED"
      }
    },
    {
      "type": "Feature",
      "geometry": {
        "type": "Point",
        "coordinates": [
          74.01894871794872,
          14.979307692307692
        ]
      },
      "properties": {
        "layer": "interpolated_heatmap",
        "value": 0.4323,
        "label": "Interpolated anomaly intensity",
        "disclaimer": "Interpolated estimate \u2014 NOT a direct measurement",
        "data_provenance": "INFERRED"
      }
    },
    {
      "type": "Feature",
      "geometry": {
        "type": "Point",
        "coordinates": [
          74.01894871794872,
          14.979615384615384
        ]
      },
      "properties": {
        "layer": "interpolated_heatmap",
        "value": 0.4321,
        "label": "Interpolated anomaly intensity",
        "disclaimer": "Interpolated estimate \u2014 NOT a direct measurement",
        "data_provenance": "INFERRED"
      }
    },
    {
      "type": "Feature",
      "geometry": {
        "type": "Point",
        "coordinates": [
          74.01894871794872,
          14.979923076923077
        ]
      },
      "properties": {
        "layer": "interpolated_heatmap",
        "value": 0.432,
        "label": "Interpolated anomaly intensity",
        "disclaimer": "Interpolated estimate \u2014 NOT a direct measurement",
        "data_provenance": "INFERRED"
      }
    },
    {
      "type": "Feature",
      "geometry": {
        "type": "Point",
        "coordinates": [
          74.01894871794872,
          14.980230769230769
        ]
      },
      "properties": {
        "layer": "interpolated_heatmap",
        "value": 0.4319,
        "label": "Interpolated anomaly intensity",
        "disclaimer": "Interpolated estimate \u2014 NOT a direct measurement",
        "data_provenance": "INFERRED"
      }
    },
    {
      "type": "Feature",
      "geometry": {
        "type": "Point",
        "coordinates": [
          74.01894871794872,
          14.980538461538462
        ]
      },
      "properties": {
        "layer": "interpolated_heatmap",
        "value": 0.432,
        "label": "Interpolated anomaly intensity",
        "disclaimer": "Interpolated estimate \u2014 NOT a direct measurement",
        "data_provenance": "INFERRED"
      }
    },
    {
      "type": "Feature",
      "geometry": {
        "type": "Point",
        "coordinates": [
          74.01894871794872,
          14.980846153846153
        ]
      },
      "properties": {
        "layer": "interpolated_heatmap",
        "value": 0.4321,
        "label": "Interpolated anomaly intensity",
        "disclaimer": "Interpolated estimate \u2014 NOT a direct measurement",
        "data_provenance": "INFERRED"
      }
    },
    {
      "type": "Feature",
      "geometry": {
        "type": "Point",
        "coordinates": [
          74.01894871794872,
          14.981153846153846
        ]
      },
      "properties": {
        "layer": "interpolated_heatmap",
        "value": 0.4322,
        "label": "Interpolated anomaly intensity",
        "disclaimer": "Interpolated estimate \u2014 NOT a direct measurement",
        "data_provenance": "INFERRED"
      }
    },
    {
      "type": "Feature",
      "geometry": {
        "type": "Point",
        "coordinates": [
          74.01894871794872,
          14.981461538461538
        ]
      },
      "properties": {
        "layer": "interpolated_heatmap",
        "value": 0.4325,
        "label": "Interpolated anomaly intensity",
        "disclaimer": "Interpolated estimate \u2014 NOT a direct measurement",
        "data_provenance": "INFERRED"
      }
    },
    {
      "type": "Feature",
      "geometry": {
        "type": "Point",
        "coordinates": [
          74.01894871794872,
          14.981769230769231
        ]
      },
      "properties": {
        "layer": "interpolated_heatmap",
        "value": 0.4327,
        "label": "Interpolated anomaly intensity",
        "disclaimer": "Interpolated estimate \u2014 NOT a direct measurement",
        "data_provenance": "INFERRED"
      }
    },
    {
      "type": "Feature",
      "geometry": {
        "type": "Point",
        "coordinates": [
          74.01894871794872,
          14.982076923076923
        ]
      },
      "properties": {
        "layer": "interpolated_heatmap",
        "value": 0.433,
        "label": "Interpolated anomaly intensity",
        "disclaimer": "Interpolated estimate \u2014 NOT a direct measurement",
        "data_provenance": "INFERRED"
      }
    },
    {
      "type": "Feature",
      "geometry": {
        "type": "Point",
        "coordinates": [
          74.01894871794872,
          14.982384615384616
        ]
      },
      "properties": {
        "layer": "interpolated_heatmap",
        "value": 0.4333,
        "label": "Interpolated anomaly intensity",
        "disclaimer": "Interpolated estimate \u2014 NOT a direct measurement",
        "data_provenance": "INFERRED"
      }
    },
    {
      "type": "Feature",
      "geometry": {
        "type": "Point",
        "coordinates": [
          74.01894871794872,
          14.982692307692307
        ]
      },
      "properties": {
        "layer": "interpolated_heatmap",
        "value": 0.4335,
        "label": "Interpolated anomaly intensity",
        "disclaimer": "Interpolated estimate \u2014 NOT a direct measurement",
        "data_provenance": "INFERRED"
      }
    },
    {
      "type": "Feature",
      "geometry": {
        "type": "Point",
        "coordinates": [
          74.01894871794872,
          14.983
        ]
      },
      "properties": {
        "layer": "interpolated_heatmap",
        "value": 0.4338,
        "label": "Interpolated anomaly intensity",
        "disclaimer": "Interpolated estimate \u2014 NOT a direct measurement",
        "data_provenance": "INFERRED"
      }
    },
    {
      "type": "Feature",
      "geometry": {
        "type": "Point",
        "coordinates": [
          74.01894871794872,
          14.983307692307692
        ]
      },
      "properties": {
        "layer": "interpolated_heatmap",
        "value": 0.434,
        "label": "Interpolated anomaly intensity",
        "disclaimer": "Interpolated estimate \u2014 NOT a direct measurement",
        "data_provenance": "INFERRED"
      }
    },
    {
      "type": "Feature",
      "geometry": {
        "type": "Point",
        "coordinates": [
          74.01894871794872,
          14.983615384615385
        ]
      },
      "properties": {
        "layer": "interpolated_heatmap",
        "value": 0.4342,
        "label": "Interpolated anomaly intensity",
        "disclaimer": "Interpolated estimate \u2014 NOT a direct measurement",
        "data_provenance": "INFERRED"
      }
    },
    {
      "type": "Feature",
      "geometry": {
        "type": "Point",
        "coordinates": [
          74.01894871794872,
          14.983923076923077
        ]
      },
      "properties": {
        "layer": "interpolated_heatmap",
        "value": 0.4344,
        "label": "Interpolated anomaly intensity",
        "disclaimer": "Interpolated estimate \u2014 NOT a direct measurement",
        "data_provenance": "INFERRED"
      }
    },
    {
      "type": "Feature",
      "geometry": {
        "type": "Point",
        "coordinates": [
          74.01894871794872,
          14.98423076923077
        ]
      },
      "properties": {
        "layer": "interpolated_heatmap",
        "value": 0.4346,
        "label": "Interpolated anomaly intensity",
        "disclaimer": "Interpolated estimate \u2014 NOT a direct measurement",
        "data_provenance": "INFERRED"
      }
    },
    {
      "type": "Feature",
      "geometry": {
        "type": "Point",
        "coordinates": [
          74.01894871794872,
          14.984538461538461
        ]
      },
      "properties": {
        "layer": "interpolated_heatmap",
        "value": 0.4347,
        "label": "Interpolated anomaly intensity",
        "disclaimer": "Interpolated estimate \u2014 NOT a direct measurement",
        "data_provenance": "INFERRED"
      }
    },
    {
      "type": "Feature",
      "geometry": {
        "type": "Point",
        "coordinates": [
          74.01894871794872,
          14.984846153846155
        ]
      },
      "properties": {
        "layer": "interpolated_heatmap",
        "value": 0.4349,
        "label": "Interpolated anomaly intensity",
        "disclaimer": "Interpolated estimate \u2014 NOT a direct measurement",
        "data_provenance": "INFERRED"
      }
    },
    {
      "type": "Feature",
      "geometry": {
        "type": "Point",
        "coordinates": [
          74.01894871794872,
          14.985153846153846
        ]
      },
      "properties": {
        "layer": "interpolated_heatmap",
        "value": 0.435,
        "label": "Interpolated anomaly intensity",
        "disclaimer": "Interpolated estimate \u2014 NOT a direct measurement",
        "data_provenance": "INFERRED"
      }
    },
    {
      "type": "Feature",
      "geometry": {
        "type": "Point",
        "coordinates": [
          74.01894871794872,
          14.98546153846154
        ]
      },
      "properties": {
        "layer": "interpolated_heatmap",
        "value": 0.4351,
        "label": "Interpolated anomaly intensity",
        "disclaimer": "Interpolated estimate \u2014 NOT a direct measurement",
        "data_provenance": "INFERRED"
      }
    },
    {
      "type": "Feature",
      "geometry": {
        "type": "Point",
        "coordinates": [
          74.01894871794872,
          14.98576923076923
        ]
      },
      "properties": {
        "layer": "interpolated_heatmap",
        "value": 0.4352,
        "label": "Interpolated anomaly intensity",
        "disclaimer": "Interpolated estimate \u2014 NOT a direct measurement",
        "data_provenance": "INFERRED"
      }
    },
    {
      "type": "Feature",
      "geometry": {
        "type": "Point",
        "coordinates": [
          74.01894871794872,
          14.986076923076924
        ]
      },
      "properties": {
        "layer": "interpolated_heatmap",
        "value": 0.4353,
        "label": "Interpolated anomaly intensity",
        "disclaimer": "Interpolated estimate \u2014 NOT a direct measurement",
        "data_provenance": "INFERRED"
      }
    },
    {
      "type": "Feature",
      "geometry": {
        "type": "Point",
        "coordinates": [
          74.01894871794872,
          14.986384615384615
        ]
      },
      "properties": {
        "layer": "interpolated_heatmap",
        "value": 0.4354,
        "label": "Interpolated anomaly intensity",
        "disclaimer": "Interpolated estimate \u2014 NOT a direct measurement",
        "data_provenance": "INFERRED"
      }
    },
    {
      "type": "Feature",
      "geometry": {
        "type": "Point",
        "coordinates": [
          74.01894871794872,
          14.986692307692309
        ]
      },
      "properties": {
        "layer": "interpolated_heatmap",
        "value": 0.4355,
        "label": "Interpolated anomaly intensity",
        "disclaimer": "Interpolated estimate \u2014 NOT a direct measurement",
        "data_provenance": "INFERRED"
      }
    },
    {
      "type": "Feature",
      "geometry": {
        "type": "Point",
        "coordinates": [
          74.01894871794872,
          14.987
        ]
      },
      "properties": {
        "layer": "interpolated_heatmap",
        "value": 0.4356,
        "label": "Interpolated anomaly intensity",
        "disclaimer": "Interpolated estimate \u2014 NOT a direct measurement",
        "data_provenance": "INFERRED"
      }
    },
    {
      "type": "Feature",
      "geometry": {
        "type": "Point",
        "coordinates": [
          74.01935897435898,
          14.975
        ]
      },
      "properties": {
        "layer": "interpolated_heatmap",
        "value": 0.4356,
        "label": "Interpolated anomaly intensity",
        "disclaimer": "Interpolated estimate \u2014 NOT a direct measurement",
        "data_provenance": "INFERRED"
      }
    },
    {
      "type": "Feature",
      "geometry": {
        "type": "Point",
        "coordinates": [
          74.01935897435898,
          14.975307692307691
        ]
      },
      "properties": {
        "layer": "interpolated_heatmap",
        "value": 0.4354,
        "label": "Interpolated anomaly intensity",
        "disclaimer": "Interpolated estimate \u2014 NOT a direct measurement",
        "data_provenance": "INFERRED"
      }
    },
    {
      "type": "Feature",
      "geometry": {
        "type": "Point",
        "coordinates": [
          74.01935897435898,
          14.975615384615384
        ]
      },
      "properties": {
        "layer": "interpolated_heatmap",
        "value": 0.4353,
        "label": "Interpolated anomaly intensity",
        "disclaimer": "Interpolated estimate \u2014 NOT a direct measurement",
        "data_provenance": "INFERRED"
      }
    },
    {
      "type": "Feature",
      "geometry": {
        "type": "Point",
        "coordinates": [
          74.01935897435898,
          14.975923076923076
        ]
      },
      "properties": {
        "layer": "interpolated_heatmap",
        "value": 0.4351,
        "label": "Interpolated anomaly intensity",
        "disclaimer": "Interpolated estimate \u2014 NOT a direct measurement",
        "data_provenance": "INFERRED"
      }
    },
    {
      "type": "Feature",
      "geometry": {
        "type": "Point",
        "coordinates": [
          74.01935897435898,
          14.976230769230769
        ]
      },
      "properties": {
        "layer": "interpolated_heatmap",
        "value": 0.4349,
        "label": "Interpolated anomaly intensity",
        "disclaimer": "Interpolated estimate \u2014 NOT a direct measurement",
        "data_provenance": "INFERRED"
      }
    },
    {
      "type": "Feature",
      "geometry": {
        "type": "Point",
        "coordinates": [
          74.01935897435898,
          14.97653846153846
        ]
      },
      "properties": {
        "layer": "interpolated_heatmap",
        "value": 0.4347,
        "label": "Interpolated anomaly intensity",
        "disclaimer": "Interpolated estimate \u2014 NOT a direct measurement",
        "data_provenance": "INFERRED"
      }
    },
    {
      "type": "Feature",
      "geometry": {
        "type": "Point",
        "coordinates": [
          74.01935897435898,
          14.976846153846154
        ]
      },
      "properties": {
        "layer": "interpolated_heatmap",
        "value": 0.4345,
        "label": "Interpolated anomaly intensity",
        "disclaimer": "Interpolated estimate \u2014 NOT a direct measurement",
        "data_provenance": "INFERRED"
      }
    },
    {
      "type": "Feature",
      "geometry": {
        "type": "Point",
        "coordinates": [
          74.01935897435898,
          14.977153846153845
        ]
      },
      "properties": {
        "layer": "interpolated_heatmap",
        "value": 0.4343,
        "label": "Interpolated anomaly intensity",
        "disclaimer": "Interpolated estimate \u2014 NOT a direct measurement",
        "data_provenance": "INFERRED"
      }
    },
    {
      "type": "Feature",
      "geometry": {
        "type": "Point",
        "coordinates": [
          74.01935897435898,
          14.977461538461538
        ]
      },
      "properties": {
        "layer": "interpolated_heatmap",
        "value": 0.4341,
        "label": "Interpolated anomaly intensity",
        "disclaimer": "Interpolated estimate \u2014 NOT a direct measurement",
        "data_provenance": "INFERRED"
      }
    },
    {
      "type": "Feature",
      "geometry": {
        "type": "Point",
        "coordinates": [
          74.01935897435898,
          14.97776923076923
        ]
      },
      "properties": {
        "layer": "interpolated_heatmap",
        "value": 0.4339,
        "label": "Interpolated anomaly intensity",
        "disclaimer": "Interpolated estimate \u2014 NOT a direct measurement",
        "data_provenance": "INFERRED"
      }
    },
    {
      "type": "Feature",
      "geometry": {
        "type": "Point",
        "coordinates": [
          74.01935897435898,
          14.978076923076923
        ]
      },
      "properties": {
        "layer": "interpolated_heatmap",
        "value": 0.4337,
        "label": "Interpolated anomaly intensity",
        "disclaimer": "Interpolated estimate \u2014 NOT a direct measurement",
        "data_provenance": "INFERRED"
      }
    },
    {
      "type": "Feature",
      "geometry": {
        "type": "Point",
        "coordinates": [
          74.01935897435898,
          14.978384615384615
        ]
      },
      "properties": {
        "layer": "interpolated_heatmap",
        "value": 0.4334,
        "label": "Interpolated anomaly intensity",
        "disclaimer": "Interpolated estimate \u2014 NOT a direct measurement",
        "data_provenance": "INFERRED"
      }
    },
    {
      "type": "Feature",
      "geometry": {
        "type": "Point",
        "coordinates": [
          74.01935897435898,
          14.978692307692308
        ]
      },
      "properties": {
        "layer": "interpolated_heatmap",
        "value": 0.4332,
        "label": "Interpolated anomaly intensity",
        "disclaimer": "Interpolated estimate \u2014 NOT a direct measurement",
        "data_provenance": "INFERRED"
      }
    },
    {
      "type": "Feature",
      "geometry": {
        "type": "Point",
        "coordinates": [
          74.01935897435898,
          14.979
        ]
      },
      "properties": {
        "layer": "interpolated_heatmap",
        "value": 0.433,
        "label": "Interpolated anomaly intensity",
        "disclaimer": "Interpolated estimate \u2014 NOT a direct measurement",
        "data_provenance": "INFERRED"
      }
    },
    {
      "type": "Feature",
      "geometry": {
        "type": "Point",
        "coordinates": [
          74.01935897435898,
          14.979307692307692
        ]
      },
      "properties": {
        "layer": "interpolated_heatmap",
        "value": 0.4329,
        "label": "Interpolated anomaly intensity",
        "disclaimer": "Interpolated estimate \u2014 NOT a direct measurement",
        "data_provenance": "INFERRED"
      }
    },
    {
      "type": "Feature",
      "geometry": {
        "type": "Point",
        "coordinates": [
          74.01935897435898,
          14.979615384615384
        ]
      },
      "properties": {
        "layer": "interpolated_heatmap",
        "value": 0.4327,
        "label": "Interpolated anomaly intensity",
        "disclaimer": "Interpolated estimate \u2014 NOT a direct measurement",
        "data_provenance": "INFERRED"
      }
    },
    {
      "type": "Feature",
      "geometry": {
        "type": "Point",
        "coordinates": [
          74.01935897435898,
          14.979923076923077
        ]
      },
      "properties": {
        "layer": "interpolated_heatmap",
        "value": 0.4326,
        "label": "Interpolated anomaly intensity",
        "disclaimer": "Interpolated estimate \u2014 NOT a direct measurement",
        "data_provenance": "INFERRED"
      }
    },
    {
      "type": "Feature",
      "geometry": {
        "type": "Point",
        "coordinates": [
          74.01935897435898,
          14.980230769230769
        ]
      },
      "properties": {
        "layer": "interpolated_heatmap",
        "value": 0.4326,
        "label": "Interpolated anomaly intensity",
        "disclaimer": "Interpolated estimate \u2014 NOT a direct measurement",
        "data_provenance": "INFERRED"
      }
    },
    {
      "type": "Feature",
      "geometry": {
        "type": "Point",
        "coordinates": [
          74.01935897435898,
          14.980538461538462
        ]
      },
      "properties": {
        "layer": "interpolated_heatmap",
        "value": 0.4326,
        "label": "Interpolated anomaly intensity",
        "disclaimer": "Interpolated estimate \u2014 NOT a direct measurement",
        "data_provenance": "INFERRED"
      }
    },
    {
      "type": "Feature",
      "geometry": {
        "type": "Point",
        "coordinates": [
          74.01935897435898,
          14.980846153846153
        ]
      },
      "properties": {
        "layer": "interpolated_heatmap",
        "value": 0.4327,
        "label": "Interpolated anomaly intensity",
        "disclaimer": "Interpolated estimate \u2014 NOT a direct measurement",
        "data_provenance": "INFERRED"
      }
    },
    {
      "type": "Feature",
      "geometry": {
        "type": "Point",
        "coordinates": [
          74.01935897435898,
          14.981153846153846
        ]
      },
      "properties": {
        "layer": "interpolated_heatmap",
        "value": 0.4328,
        "label": "Interpolated anomaly intensity",
        "disclaimer": "Interpolated estimate \u2014 NOT a direct measurement",
        "data_provenance": "INFERRED"
      }
    },
    {
      "type": "Feature",
      "geometry": {
        "type": "Point",
        "coordinates": [
          74.01935897435898,
          14.981461538461538
        ]
      },
      "properties": {
        "layer": "interpolated_heatmap",
        "value": 0.4329,
        "label": "Interpolated anomaly intensity",
        "disclaimer": "Interpolated estimate \u2014 NOT a direct measurement",
        "data_provenance": "INFERRED"
      }
    },
    {
      "type": "Feature",
      "geometry": {
        "type": "Point",
        "coordinates": [
          74.01935897435898,
          14.981769230769231
        ]
      },
      "properties": {
        "layer": "interpolated_heatmap",
        "value": 0.4331,
        "label": "Interpolated anomaly intensity",
        "disclaimer": "Interpolated estimate \u2014 NOT a direct measurement",
        "data_provenance": "INFERRED"
      }
    },
    {
      "type": "Feature",
      "geometry": {
        "type": "Point",
        "coordinates": [
          74.01935897435898,
          14.982076923076923
        ]
      },
      "properties": {
        "layer": "interpolated_heatmap",
        "value": 0.4333,
        "label": "Interpolated anomaly intensity",
        "disclaimer": "Interpolated estimate \u2014 NOT a direct measurement",
        "data_provenance": "INFERRED"
      }
    },
    {
      "type": "Feature",
      "geometry": {
        "type": "Point",
        "coordinates": [
          74.01935897435898,
          14.982384615384616
        ]
      },
      "properties": {
        "layer": "interpolated_heatmap",
        "value": 0.4335,
        "label": "Interpolated anomaly intensity",
        "disclaimer": "Interpolated estimate \u2014 NOT a direct measurement",
        "data_provenance": "INFERRED"
      }
    },
    {
      "type": "Feature",
      "geometry": {
        "type": "Point",
        "coordinates": [
          74.01935897435898,
          14.982692307692307
        ]
      },
      "properties": {
        "layer": "interpolated_heatmap",
        "value": 0.4338,
        "label": "Interpolated anomaly intensity",
        "disclaimer": "Interpolated estimate \u2014 NOT a direct measurement",
        "data_provenance": "INFERRED"
      }
    },
    {
      "type": "Feature",
      "geometry": {
        "type": "Point",
        "coordinates": [
          74.01935897435898,
          14.983
        ]
      },
      "properties": {
        "layer": "interpolated_heatmap",
        "value": 0.434,
        "label": "Interpolated anomaly intensity",
        "disclaimer": "Interpolated estimate \u2014 NOT a direct measurement",
        "data_provenance": "INFERRED"
      }
    },
    {
      "type": "Feature",
      "geometry": {
        "type": "Point",
        "coordinates": [
          74.01935897435898,
          14.983307692307692
        ]
      },
      "properties": {
        "layer": "interpolated_heatmap",
        "value": 0.4341,
        "label": "Interpolated anomaly intensity",
        "disclaimer": "Interpolated estimate \u2014 NOT a direct measurement",
        "data_provenance": "INFERRED"
      }
    },
    {
      "type": "Feature",
      "geometry": {
        "type": "Point",
        "coordinates": [
          74.01935897435898,
          14.983615384615385
        ]
      },
      "properties": {
        "layer": "interpolated_heatmap",
        "value": 0.4343,
        "label": "Interpolated anomaly intensity",
        "disclaimer": "Interpolated estimate \u2014 NOT a direct measurement",
        "data_provenance": "INFERRED"
      }
    },
    {
      "type": "Feature",
      "geometry": {
        "type": "Point",
        "coordinates": [
          74.01935897435898,
          14.983923076923077
        ]
      },
      "properties": {
        "layer": "interpolated_heatmap",
        "value": 0.4345,
        "label": "Interpolated anomaly intensity",
        "disclaimer": "Interpolated estimate \u2014 NOT a direct measurement",
        "data_provenance": "INFERRED"
      }
    },
    {
      "type": "Feature",
      "geometry": {
        "type": "Point",
        "coordinates": [
          74.01935897435898,
          14.98423076923077
        ]
      },
      "properties": {
        "layer": "interpolated_heatmap",
        "value": 0.4346,
        "label": "Interpolated anomaly intensity",
        "disclaimer": "Interpolated estimate \u2014 NOT a direct measurement",
        "data_provenance": "INFERRED"
      }
    },
    {
      "type": "Feature",
      "geometry": {
        "type": "Point",
        "coordinates": [
          74.01935897435898,
          14.984538461538461
        ]
      },
      "properties": {
        "layer": "interpolated_heatmap",
        "value": 0.4348,
        "label": "Interpolated anomaly intensity",
        "disclaimer": "Interpolated estimate \u2014 NOT a direct measurement",
        "data_provenance": "INFERRED"
      }
    },
    {
      "type": "Feature",
      "geometry": {
        "type": "Point",
        "coordinates": [
          74.01935897435898,
          14.984846153846155
        ]
      },
      "properties": {
        "layer": "interpolated_heatmap",
        "value": 0.4349,
        "label": "Interpolated anomaly intensity",
        "disclaimer": "Interpolated estimate \u2014 NOT a direct measurement",
        "data_provenance": "INFERRED"
      }
    },
    {
      "type": "Feature",
      "geometry": {
        "type": "Point",
        "coordinates": [
          74.01935897435898,
          14.985153846153846
        ]
      },
      "properties": {
        "layer": "interpolated_heatmap",
        "value": 0.435,
        "label": "Interpolated anomaly intensity",
        "disclaimer": "Interpolated estimate \u2014 NOT a direct measurement",
        "data_provenance": "INFERRED"
      }
    },
    {
      "type": "Feature",
      "geometry": {
        "type": "Point",
        "coordinates": [
          74.01935897435898,
          14.98546153846154
        ]
      },
      "properties": {
        "layer": "interpolated_heatmap",
        "value": 0.4351,
        "label": "Interpolated anomaly intensity",
        "disclaimer": "Interpolated estimate \u2014 NOT a direct measurement",
        "data_provenance": "INFERRED"
      }
    },
    {
      "type": "Feature",
      "geometry": {
        "type": "Point",
        "coordinates": [
          74.01935897435898,
          14.98576923076923
        ]
      },
      "properties": {
        "layer": "interpolated_heatmap",
        "value": 0.4352,
        "label": "Interpolated anomaly intensity",
        "disclaimer": "Interpolated estimate \u2014 NOT a direct measurement",
        "data_provenance": "INFERRED"
      }
    },
    {
      "type": "Feature",
      "geometry": {
        "type": "Point",
        "coordinates": [
          74.01935897435898,
          14.986076923076924
        ]
      },
      "properties": {
        "layer": "interpolated_heatmap",
        "value": 0.4353,
        "label": "Interpolated anomaly intensity",
        "disclaimer": "Interpolated estimate \u2014 NOT a direct measurement",
        "data_provenance": "INFERRED"
      }
    },
    {
      "type": "Feature",
      "geometry": {
        "type": "Point",
        "coordinates": [
          74.01935897435898,
          14.986384615384615
        ]
      },
      "properties": {
        "layer": "interpolated_heatmap",
        "value": 0.4354,
        "label": "Interpolated anomaly intensity",
        "disclaimer": "Interpolated estimate \u2014 NOT a direct measurement",
        "data_provenance": "INFERRED"
      }
    },
    {
      "type": "Feature",
      "geometry": {
        "type": "Point",
        "coordinates": [
          74.01935897435898,
          14.986692307692309
        ]
      },
      "properties": {
        "layer": "interpolated_heatmap",
        "value": 0.4355,
        "label": "Interpolated anomaly intensity",
        "disclaimer": "Interpolated estimate \u2014 NOT a direct measurement",
        "data_provenance": "INFERRED"
      }
    },
    {
      "type": "Feature",
      "geometry": {
        "type": "Point",
        "coordinates": [
          74.01935897435898,
          14.987
        ]
      },
      "properties": {
        "layer": "interpolated_heatmap",
        "value": 0.4356,
        "label": "Interpolated anomaly intensity",
        "disclaimer": "Interpolated estimate \u2014 NOT a direct measurement",
        "data_provenance": "INFERRED"
      }
    },
    {
      "type": "Feature",
      "geometry": {
        "type": "Point",
        "coordinates": [
          74.01976923076923,
          14.975
        ]
      },
      "properties": {
        "layer": "interpolated_heatmap",
        "value": 0.4356,
        "label": "Interpolated anomaly intensity",
        "disclaimer": "Interpolated estimate \u2014 NOT a direct measurement",
        "data_provenance": "INFERRED"
      }
    },
    {
      "type": "Feature",
      "geometry": {
        "type": "Point",
        "coordinates": [
          74.01976923076923,
          14.975307692307691
        ]
      },
      "properties": {
        "layer": "interpolated_heatmap",
        "value": 0.4354,
        "label": "Interpolated anomaly intensity",
        "disclaimer": "Interpolated estimate \u2014 NOT a direct measurement",
        "data_provenance": "INFERRED"
      }
    },
    {
      "type": "Feature",
      "geometry": {
        "type": "Point",
        "coordinates": [
          74.01976923076923,
          14.975615384615384
        ]
      },
      "properties": {
        "layer": "interpolated_heatmap",
        "value": 0.4353,
        "label": "Interpolated anomaly intensity",
        "disclaimer": "Interpolated estimate \u2014 NOT a direct measurement",
        "data_provenance": "INFERRED"
      }
    },
    {
      "type": "Feature",
      "geometry": {
        "type": "Point",
        "coordinates": [
          74.01976923076923,
          14.975923076923076
        ]
      },
      "properties": {
        "layer": "interpolated_heatmap",
        "value": 0.4351,
        "label": "Interpolated anomaly intensity",
        "disclaimer": "Interpolated estimate \u2014 NOT a direct measurement",
        "data_provenance": "INFERRED"
      }
    },
    {
      "type": "Feature",
      "geometry": {
        "type": "Point",
        "coordinates": [
          74.01976923076923,
          14.976230769230769
        ]
      },
      "properties": {
        "layer": "interpolated_heatmap",
        "value": 0.435,
        "label": "Interpolated anomaly intensity",
        "disclaimer": "Interpolated estimate \u2014 NOT a direct measurement",
        "data_provenance": "INFERRED"
      }
    },
    {
      "type": "Feature",
      "geometry": {
        "type": "Point",
        "coordinates": [
          74.01976923076923,
          14.97653846153846
        ]
      },
      "properties": {
        "layer": "interpolated_heatmap",
        "value": 0.4348,
        "label": "Interpolated anomaly intensity",
        "disclaimer": "Interpolated estimate \u2014 NOT a direct measurement",
        "data_provenance": "INFERRED"
      }
    },
    {
      "type": "Feature",
      "geometry": {
        "type": "Point",
        "coordinates": [
          74.01976923076923,
          14.976846153846154
        ]
      },
      "properties": {
        "layer": "interpolated_heatmap",
        "value": 0.4346,
        "label": "Interpolated anomaly intensity",
        "disclaimer": "Interpolated estimate \u2014 NOT a direct measurement",
        "data_provenance": "INFERRED"
      }
    },
    {
      "type": "Feature",
      "geometry": {
        "type": "Point",
        "coordinates": [
          74.01976923076923,
          14.977153846153845
        ]
      },
      "properties": {
        "layer": "interpolated_heatmap",
        "value": 0.4345,
        "label": "Interpolated anomaly intensity",
        "disclaimer": "Interpolated estimate \u2014 NOT a direct measurement",
        "data_provenance": "INFERRED"
      }
    },
    {
      "type": "Feature",
      "geometry": {
        "type": "Point",
        "coordinates": [
          74.01976923076923,
          14.977461538461538
        ]
      },
      "properties": {
        "layer": "interpolated_heatmap",
        "value": 0.4343,
        "label": "Interpolated anomaly intensity",
        "disclaimer": "Interpolated estimate \u2014 NOT a direct measurement",
        "data_provenance": "INFERRED"
      }
    },
    {
      "type": "Feature",
      "geometry": {
        "type": "Point",
        "coordinates": [
          74.01976923076923,
          14.97776923076923
        ]
      },
      "properties": {
        "layer": "interpolated_heatmap",
        "value": 0.4341,
        "label": "Interpolated anomaly intensity",
        "disclaimer": "Interpolated estimate \u2014 NOT a direct measurement",
        "data_provenance": "INFERRED"
      }
    },
    {
      "type": "Feature",
      "geometry": {
        "type": "Point",
        "coordinates": [
          74.01976923076923,
          14.978076923076923
        ]
      },
      "properties": {
        "layer": "interpolated_heatmap",
        "value": 0.4339,
        "label": "Interpolated anomaly intensity",
        "disclaimer": "Interpolated estimate \u2014 NOT a direct measurement",
        "data_provenance": "INFERRED"
      }
    },
    {
      "type": "Feature",
      "geometry": {
        "type": "Point",
        "coordinates": [
          74.01976923076923,
          14.978384615384615
        ]
      },
      "properties": {
        "layer": "interpolated_heatmap",
        "value": 0.4337,
        "label": "Interpolated anomaly intensity",
        "disclaimer": "Interpolated estimate \u2014 NOT a direct measurement",
        "data_provenance": "INFERRED"
      }
    },
    {
      "type": "Feature",
      "geometry": {
        "type": "Point",
        "coordinates": [
          74.01976923076923,
          14.978692307692308
        ]
      },
      "properties": {
        "layer": "interpolated_heatmap",
        "value": 0.4336,
        "label": "Interpolated anomaly intensity",
        "disclaimer": "Interpolated estimate \u2014 NOT a direct measurement",
        "data_provenance": "INFERRED"
      }
    },
    {
      "type": "Feature",
      "geometry": {
        "type": "Point",
        "coordinates": [
          74.01976923076923,
          14.979
        ]
      },
      "properties": {
        "layer": "interpolated_heatmap",
        "value": 0.4334,
        "label": "Interpolated anomaly intensity",
        "disclaimer": "Interpolated estimate \u2014 NOT a direct measurement",
        "data_provenance": "INFERRED"
      }
    },
    {
      "type": "Feature",
      "geometry": {
        "type": "Point",
        "coordinates": [
          74.01976923076923,
          14.979307692307692
        ]
      },
      "properties": {
        "layer": "interpolated_heatmap",
        "value": 0.4333,
        "label": "Interpolated anomaly intensity",
        "disclaimer": "Interpolated estimate \u2014 NOT a direct measurement",
        "data_provenance": "INFERRED"
      }
    },
    {
      "type": "Feature",
      "geometry": {
        "type": "Point",
        "coordinates": [
          74.01976923076923,
          14.979615384615384
        ]
      },
      "properties": {
        "layer": "interpolated_heatmap",
        "value": 0.4332,
        "label": "Interpolated anomaly intensity",
        "disclaimer": "Interpolated estimate \u2014 NOT a direct measurement",
        "data_provenance": "INFERRED"
      }
    },
    {
      "type": "Feature",
      "geometry": {
        "type": "Point",
        "coordinates": [
          74.01976923076923,
          14.979923076923077
        ]
      },
      "properties": {
        "layer": "interpolated_heatmap",
        "value": 0.4331,
        "label": "Interpolated anomaly intensity",
        "disclaimer": "Interpolated estimate \u2014 NOT a direct measurement",
        "data_provenance": "INFERRED"
      }
    },
    {
      "type": "Feature",
      "geometry": {
        "type": "Point",
        "coordinates": [
          74.01976923076923,
          14.980230769230769
        ]
      },
      "properties": {
        "layer": "interpolated_heatmap",
        "value": 0.4331,
        "label": "Interpolated anomaly intensity",
        "disclaimer": "Interpolated estimate \u2014 NOT a direct measurement",
        "data_provenance": "INFERRED"
      }
    },
    {
      "type": "Feature",
      "geometry": {
        "type": "Point",
        "coordinates": [
          74.01976923076923,
          14.980538461538462
        ]
      },
      "properties": {
        "layer": "interpolated_heatmap",
        "value": 0.4331,
        "label": "Interpolated anomaly intensity",
        "disclaimer": "Interpolated estimate \u2014 NOT a direct measurement",
        "data_provenance": "INFERRED"
      }
    },
    {
      "type": "Feature",
      "geometry": {
        "type": "Point",
        "coordinates": [
          74.01976923076923,
          14.980846153846153
        ]
      },
      "properties": {
        "layer": "interpolated_heatmap",
        "value": 0.4331,
        "label": "Interpolated anomaly intensity",
        "disclaimer": "Interpolated estimate \u2014 NOT a direct measurement",
        "data_provenance": "INFERRED"
      }
    },
    {
      "type": "Feature",
      "geometry": {
        "type": "Point",
        "coordinates": [
          74.01976923076923,
          14.981153846153846
        ]
      },
      "properties": {
        "layer": "interpolated_heatmap",
        "value": 0.4332,
        "label": "Interpolated anomaly intensity",
        "disclaimer": "Interpolated estimate \u2014 NOT a direct measurement",
        "data_provenance": "INFERRED"
      }
    },
    {
      "type": "Feature",
      "geometry": {
        "type": "Point",
        "coordinates": [
          74.01976923076923,
          14.981461538461538
        ]
      },
      "properties": {
        "layer": "interpolated_heatmap",
        "value": 0.4333,
        "label": "Interpolated anomaly intensity",
        "disclaimer": "Interpolated estimate \u2014 NOT a direct measurement",
        "data_provenance": "INFERRED"
      }
    },
    {
      "type": "Feature",
      "geometry": {
        "type": "Point",
        "coordinates": [
          74.01976923076923,
          14.981769230769231
        ]
      },
      "properties": {
        "layer": "interpolated_heatmap",
        "value": 0.4335,
        "label": "Interpolated anomaly intensity",
        "disclaimer": "Interpolated estimate \u2014 NOT a direct measurement",
        "data_provenance": "INFERRED"
      }
    },
    {
      "type": "Feature",
      "geometry": {
        "type": "Point",
        "coordinates": [
          74.01976923076923,
          14.982076923076923
        ]
      },
      "properties": {
        "layer": "interpolated_heatmap",
        "value": 0.4336,
        "label": "Interpolated anomaly intensity",
        "disclaimer": "Interpolated estimate \u2014 NOT a direct measurement",
        "data_provenance": "INFERRED"
      }
    },
    {
      "type": "Feature",
      "geometry": {
        "type": "Point",
        "coordinates": [
          74.01976923076923,
          14.982384615384616
        ]
      },
      "properties": {
        "layer": "interpolated_heatmap",
        "value": 0.4338,
        "label": "Interpolated anomaly intensity",
        "disclaimer": "Interpolated estimate \u2014 NOT a direct measurement",
        "data_provenance": "INFERRED"
      }
    },
    {
      "type": "Feature",
      "geometry": {
        "type": "Point",
        "coordinates": [
          74.01976923076923,
          14.982692307692307
        ]
      },
      "properties": {
        "layer": "interpolated_heatmap",
        "value": 0.434,
        "label": "Interpolated anomaly intensity",
        "disclaimer": "Interpolated estimate \u2014 NOT a direct measurement",
        "data_provenance": "INFERRED"
      }
    },
    {
      "type": "Feature",
      "geometry": {
        "type": "Point",
        "coordinates": [
          74.01976923076923,
          14.983
        ]
      },
      "properties": {
        "layer": "interpolated_heatmap",
        "value": 0.4341,
        "label": "Interpolated anomaly intensity",
        "disclaimer": "Interpolated estimate \u2014 NOT a direct measurement",
        "data_provenance": "INFERRED"
      }
    },
    {
      "type": "Feature",
      "geometry": {
        "type": "Point",
        "coordinates": [
          74.01976923076923,
          14.983307692307692
        ]
      },
      "properties": {
        "layer": "interpolated_heatmap",
        "value": 0.4343,
        "label": "Interpolated anomaly intensity",
        "disclaimer": "Interpolated estimate \u2014 NOT a direct measurement",
        "data_provenance": "INFERRED"
      }
    },
    {
      "type": "Feature",
      "geometry": {
        "type": "Point",
        "coordinates": [
          74.01976923076923,
          14.983615384615385
        ]
      },
      "properties": {
        "layer": "interpolated_heatmap",
        "value": 0.4344,
        "label": "Interpolated anomaly intensity",
        "disclaimer": "Interpolated estimate \u2014 NOT a direct measurement",
        "data_provenance": "INFERRED"
      }
    },
    {
      "type": "Feature",
      "geometry": {
        "type": "Point",
        "coordinates": [
          74.01976923076923,
          14.983923076923077
        ]
      },
      "properties": {
        "layer": "interpolated_heatmap",
        "value": 0.4346,
        "label": "Interpolated anomaly intensity",
        "disclaimer": "Interpolated estimate \u2014 NOT a direct measurement",
        "data_provenance": "INFERRED"
      }
    },
    {
      "type": "Feature",
      "geometry": {
        "type": "Point",
        "coordinates": [
          74.01976923076923,
          14.98423076923077
        ]
      },
      "properties": {
        "layer": "interpolated_heatmap",
        "value": 0.4347,
        "label": "Interpolated anomaly intensity",
        "disclaimer": "Interpolated estimate \u2014 NOT a direct measurement",
        "data_provenance": "INFERRED"
      }
    },
    {
      "type": "Feature",
      "geometry": {
        "type": "Point",
        "coordinates": [
          74.01976923076923,
          14.984538461538461
        ]
      },
      "properties": {
        "layer": "interpolated_heatmap",
        "value": 0.4348,
        "label": "Interpolated anomaly intensity",
        "disclaimer": "Interpolated estimate \u2014 NOT a direct measurement",
        "data_provenance": "INFERRED"
      }
    },
    {
      "type": "Feature",
      "geometry": {
        "type": "Point",
        "coordinates": [
          74.01976923076923,
          14.984846153846155
        ]
      },
      "properties": {
        "layer": "interpolated_heatmap",
        "value": 0.4349,
        "label": "Interpolated anomaly intensity",
        "disclaimer": "Interpolated estimate \u2014 NOT a direct measurement",
        "data_provenance": "INFERRED"
      }
    },
    {
      "type": "Feature",
      "geometry": {
        "type": "Point",
        "coordinates": [
          74.01976923076923,
          14.985153846153846
        ]
      },
      "properties": {
        "layer": "interpolated_heatmap",
        "value": 0.4351,
        "label": "Interpolated anomaly intensity",
        "disclaimer": "Interpolated estimate \u2014 NOT a direct measurement",
        "data_provenance": "INFERRED"
      }
    },
    {
      "type": "Feature",
      "geometry": {
        "type": "Point",
        "coordinates": [
          74.01976923076923,
          14.98546153846154
        ]
      },
      "properties": {
        "layer": "interpolated_heatmap",
        "value": 0.4352,
        "label": "Interpolated anomaly intensity",
        "disclaimer": "Interpolated estimate \u2014 NOT a direct measurement",
        "data_provenance": "INFERRED"
      }
    },
    {
      "type": "Feature",
      "geometry": {
        "type": "Point",
        "coordinates": [
          74.01976923076923,
          14.98576923076923
        ]
      },
      "properties": {
        "layer": "interpolated_heatmap",
        "value": 0.4353,
        "label": "Interpolated anomaly intensity",
        "disclaimer": "Interpolated estimate \u2014 NOT a direct measurement",
        "data_provenance": "INFERRED"
      }
    },
    {
      "type": "Feature",
      "geometry": {
        "type": "Point",
        "coordinates": [
          74.01976923076923,
          14.986076923076924
        ]
      },
      "properties": {
        "layer": "interpolated_heatmap",
        "value": 0.4353,
        "label": "Interpolated anomaly intensity",
        "disclaimer": "Interpolated estimate \u2014 NOT a direct measurement",
        "data_provenance": "INFERRED"
      }
    },
    {
      "type": "Feature",
      "geometry": {
        "type": "Point",
        "coordinates": [
          74.01976923076923,
          14.986384615384615
        ]
      },
      "properties": {
        "layer": "interpolated_heatmap",
        "value": 0.4354,
        "label": "Interpolated anomaly intensity",
        "disclaimer": "Interpolated estimate \u2014 NOT a direct measurement",
        "data_provenance": "INFERRED"
      }
    },
    {
      "type": "Feature",
      "geometry": {
        "type": "Point",
        "coordinates": [
          74.01976923076923,
          14.986692307692309
        ]
      },
      "properties": {
        "layer": "interpolated_heatmap",
        "value": 0.4355,
        "label": "Interpolated anomaly intensity",
        "disclaimer": "Interpolated estimate \u2014 NOT a direct measurement",
        "data_provenance": "INFERRED"
      }
    },
    {
      "type": "Feature",
      "geometry": {
        "type": "Point",
        "coordinates": [
          74.01976923076923,
          14.987
        ]
      },
      "properties": {
        "layer": "interpolated_heatmap",
        "value": 0.4356,
        "label": "Interpolated anomaly intensity",
        "disclaimer": "Interpolated estimate \u2014 NOT a direct measurement",
        "data_provenance": "INFERRED"
      }
    },
    {
      "type": "Feature",
      "geometry": {
        "type": "Point",
        "coordinates": [
          74.02017948717949,
          14.975
        ]
      },
      "properties": {
        "layer": "interpolated_heatmap",
        "value": 0.4356,
        "label": "Interpolated anomaly intensity",
        "disclaimer": "Interpolated estimate \u2014 NOT a direct measurement",
        "data_provenance": "INFERRED"
      }
    },
    {
      "type": "Feature",
      "geometry": {
        "type": "Point",
        "coordinates": [
          74.02017948717949,
          14.975307692307691
        ]
      },
      "properties": {
        "layer": "interpolated_heatmap",
        "value": 0.4354,
        "label": "Interpolated anomaly intensity",
        "disclaimer": "Interpolated estimate \u2014 NOT a direct measurement",
        "data_provenance": "INFERRED"
      }
    },
    {
      "type": "Feature",
      "geometry": {
        "type": "Point",
        "coordinates": [
          74.02017948717949,
          14.975615384615384
        ]
      },
      "properties": {
        "layer": "interpolated_heatmap",
        "value": 0.4353,
        "label": "Interpolated anomaly intensity",
        "disclaimer": "Interpolated estimate \u2014 NOT a direct measurement",
        "data_provenance": "INFERRED"
      }
    },
    {
      "type": "Feature",
      "geometry": {
        "type": "Point",
        "coordinates": [
          74.02017948717949,
          14.975923076923076
        ]
      },
      "properties": {
        "layer": "interpolated_heatmap",
        "value": 0.4352,
        "label": "Interpolated anomaly intensity",
        "disclaimer": "Interpolated estimate \u2014 NOT a direct measurement",
        "data_provenance": "INFERRED"
      }
    },
    {
      "type": "Feature",
      "geometry": {
        "type": "Point",
        "coordinates": [
          74.02017948717949,
          14.976230769230769
        ]
      },
      "properties": {
        "layer": "interpolated_heatmap",
        "value": 0.435,
        "label": "Interpolated anomaly intensity",
        "disclaimer": "Interpolated estimate \u2014 NOT a direct measurement",
        "data_provenance": "INFERRED"
      }
    },
    {
      "type": "Feature",
      "geometry": {
        "type": "Point",
        "coordinates": [
          74.02017948717949,
          14.97653846153846
        ]
      },
      "properties": {
        "layer": "interpolated_heatmap",
        "value": 0.4349,
        "label": "Interpolated anomaly intensity",
        "disclaimer": "Interpolated estimate \u2014 NOT a direct measurement",
        "data_provenance": "INFERRED"
      }
    },
    {
      "type": "Feature",
      "geometry": {
        "type": "Point",
        "coordinates": [
          74.02017948717949,
          14.976846153846154
        ]
      },
      "properties": {
        "layer": "interpolated_heatmap",
        "value": 0.4348,
        "label": "Interpolated anomaly intensity",
        "disclaimer": "Interpolated estimate \u2014 NOT a direct measurement",
        "data_provenance": "INFERRED"
      }
    },
    {
      "type": "Feature",
      "geometry": {
        "type": "Point",
        "coordinates": [
          74.02017948717949,
          14.977153846153845
        ]
      },
      "properties": {
        "layer": "interpolated_heatmap",
        "value": 0.4346,
        "label": "Interpolated anomaly intensity",
        "disclaimer": "Interpolated estimate \u2014 NOT a direct measurement",
        "data_provenance": "INFERRED"
      }
    },
    {
      "type": "Feature",
      "geometry": {
        "type": "Point",
        "coordinates": [
          74.02017948717949,
          14.977461538461538
        ]
      },
      "properties": {
        "layer": "interpolated_heatmap",
        "value": 0.4344,
        "label": "Interpolated anomaly intensity",
        "disclaimer": "Interpolated estimate \u2014 NOT a direct measurement",
        "data_provenance": "INFERRED"
      }
    },
    {
      "type": "Feature",
      "geometry": {
        "type": "Point",
        "coordinates": [
          74.02017948717949,
          14.97776923076923
        ]
      },
      "properties": {
        "layer": "interpolated_heatmap",
        "value": 0.4343,
        "label": "Interpolated anomaly intensity",
        "disclaimer": "Interpolated estimate \u2014 NOT a direct measurement",
        "data_provenance": "INFERRED"
      }
    },
    {
      "type": "Feature",
      "geometry": {
        "type": "Point",
        "coordinates": [
          74.02017948717949,
          14.978076923076923
        ]
      },
      "properties": {
        "layer": "interpolated_heatmap",
        "value": 0.4341,
        "label": "Interpolated anomaly intensity",
        "disclaimer": "Interpolated estimate \u2014 NOT a direct measurement",
        "data_provenance": "INFERRED"
      }
    },
    {
      "type": "Feature",
      "geometry": {
        "type": "Point",
        "coordinates": [
          74.02017948717949,
          14.978384615384615
        ]
      },
      "properties": {
        "layer": "interpolated_heatmap",
        "value": 0.434,
        "label": "Interpolated anomaly intensity",
        "disclaimer": "Interpolated estimate \u2014 NOT a direct measurement",
        "data_provenance": "INFERRED"
      }
    },
    {
      "type": "Feature",
      "geometry": {
        "type": "Point",
        "coordinates": [
          74.02017948717949,
          14.978692307692308
        ]
      },
      "properties": {
        "layer": "interpolated_heatmap",
        "value": 0.4339,
        "label": "Interpolated anomaly intensity",
        "disclaimer": "Interpolated estimate \u2014 NOT a direct measurement",
        "data_provenance": "INFERRED"
      }
    },
    {
      "type": "Feature",
      "geometry": {
        "type": "Point",
        "coordinates": [
          74.02017948717949,
          14.979
        ]
      },
      "properties": {
        "layer": "interpolated_heatmap",
        "value": 0.4337,
        "label": "Interpolated anomaly intensity",
        "disclaimer": "Interpolated estimate \u2014 NOT a direct measurement",
        "data_provenance": "INFERRED"
      }
    },
    {
      "type": "Feature",
      "geometry": {
        "type": "Point",
        "coordinates": [
          74.02017948717949,
          14.979307692307692
        ]
      },
      "properties": {
        "layer": "interpolated_heatmap",
        "value": 0.4336,
        "label": "Interpolated anomaly intensity",
        "disclaimer": "Interpolated estimate \u2014 NOT a direct measurement",
        "data_provenance": "INFERRED"
      }
    },
    {
      "type": "Feature",
      "geometry": {
        "type": "Point",
        "coordinates": [
          74.02017948717949,
          14.979615384615384
        ]
      },
      "properties": {
        "layer": "interpolated_heatmap",
        "value": 0.4336,
        "label": "Interpolated anomaly intensity",
        "disclaimer": "Interpolated estimate \u2014 NOT a direct measurement",
        "data_provenance": "INFERRED"
      }
    },
    {
      "type": "Feature",
      "geometry": {
        "type": "Point",
        "coordinates": [
          74.02017948717949,
          14.979923076923077
        ]
      },
      "properties": {
        "layer": "interpolated_heatmap",
        "value": 0.4335,
        "label": "Interpolated anomaly intensity",
        "disclaimer": "Interpolated estimate \u2014 NOT a direct measurement",
        "data_provenance": "INFERRED"
      }
    },
    {
      "type": "Feature",
      "geometry": {
        "type": "Point",
        "coordinates": [
          74.02017948717949,
          14.980230769230769
        ]
      },
      "properties": {
        "layer": "interpolated_heatmap",
        "value": 0.4335,
        "label": "Interpolated anomaly intensity",
        "disclaimer": "Interpolated estimate \u2014 NOT a direct measurement",
        "data_provenance": "INFERRED"
      }
    },
    {
      "type": "Feature",
      "geometry": {
        "type": "Point",
        "coordinates": [
          74.02017948717949,
          14.980538461538462
        ]
      },
      "properties": {
        "layer": "interpolated_heatmap",
        "value": 0.4335,
        "label": "Interpolated anomaly intensity",
        "disclaimer": "Interpolated estimate \u2014 NOT a direct measurement",
        "data_provenance": "INFERRED"
      }
    },
    {
      "type": "Feature",
      "geometry": {
        "type": "Point",
        "coordinates": [
          74.02017948717949,
          14.980846153846153
        ]
      },
      "properties": {
        "layer": "interpolated_heatmap",
        "value": 0.4335,
        "label": "Interpolated anomaly intensity",
        "disclaimer": "Interpolated estimate \u2014 NOT a direct measurement",
        "data_provenance": "INFERRED"
      }
    },
    {
      "type": "Feature",
      "geometry": {
        "type": "Point",
        "coordinates": [
          74.02017948717949,
          14.981153846153846
        ]
      },
      "properties": {
        "layer": "interpolated_heatmap",
        "value": 0.4336,
        "label": "Interpolated anomaly intensity",
        "disclaimer": "Interpolated estimate \u2014 NOT a direct measurement",
        "data_provenance": "INFERRED"
      }
    },
    {
      "type": "Feature",
      "geometry": {
        "type": "Point",
        "coordinates": [
          74.02017948717949,
          14.981461538461538
        ]
      },
      "properties": {
        "layer": "interpolated_heatmap",
        "value": 0.4337,
        "label": "Interpolated anomaly intensity",
        "disclaimer": "Interpolated estimate \u2014 NOT a direct measurement",
        "data_provenance": "INFERRED"
      }
    },
    {
      "type": "Feature",
      "geometry": {
        "type": "Point",
        "coordinates": [
          74.02017948717949,
          14.981769230769231
        ]
      },
      "properties": {
        "layer": "interpolated_heatmap",
        "value": 0.4338,
        "label": "Interpolated anomaly intensity",
        "disclaimer": "Interpolated estimate \u2014 NOT a direct measurement",
        "data_provenance": "INFERRED"
      }
    },
    {
      "type": "Feature",
      "geometry": {
        "type": "Point",
        "coordinates": [
          74.02017948717949,
          14.982076923076923
        ]
      },
      "properties": {
        "layer": "interpolated_heatmap",
        "value": 0.4339,
        "label": "Interpolated anomaly intensity",
        "disclaimer": "Interpolated estimate \u2014 NOT a direct measurement",
        "data_provenance": "INFERRED"
      }
    },
    {
      "type": "Feature",
      "geometry": {
        "type": "Point",
        "coordinates": [
          74.02017948717949,
          14.982384615384616
        ]
      },
      "properties": {
        "layer": "interpolated_heatmap",
        "value": 0.434,
        "label": "Interpolated anomaly intensity",
        "disclaimer": "Interpolated estimate \u2014 NOT a direct measurement",
        "data_provenance": "INFERRED"
      }
    },
    {
      "type": "Feature",
      "geometry": {
        "type": "Point",
        "coordinates": [
          74.02017948717949,
          14.982692307692307
        ]
      },
      "properties": {
        "layer": "interpolated_heatmap",
        "value": 0.4341,
        "label": "Interpolated anomaly intensity",
        "disclaimer": "Interpolated estimate \u2014 NOT a direct measurement",
        "data_provenance": "INFERRED"
      }
    },
    {
      "type": "Feature",
      "geometry": {
        "type": "Point",
        "coordinates": [
          74.02017948717949,
          14.983
        ]
      },
      "properties": {
        "layer": "interpolated_heatmap",
        "value": 0.4343,
        "label": "Interpolated anomaly intensity",
        "disclaimer": "Interpolated estimate \u2014 NOT a direct measurement",
        "data_provenance": "INFERRED"
      }
    },
    {
      "type": "Feature",
      "geometry": {
        "type": "Point",
        "coordinates": [
          74.02017948717949,
          14.983307692307692
        ]
      },
      "properties": {
        "layer": "interpolated_heatmap",
        "value": 0.4344,
        "label": "Interpolated anomaly intensity",
        "disclaimer": "Interpolated estimate \u2014 NOT a direct measurement",
        "data_provenance": "INFERRED"
      }
    },
    {
      "type": "Feature",
      "geometry": {
        "type": "Point",
        "coordinates": [
          74.02017948717949,
          14.983615384615385
        ]
      },
      "properties": {
        "layer": "interpolated_heatmap",
        "value": 0.4345,
        "label": "Interpolated anomaly intensity",
        "disclaimer": "Interpolated estimate \u2014 NOT a direct measurement",
        "data_provenance": "INFERRED"
      }
    },
    {
      "type": "Feature",
      "geometry": {
        "type": "Point",
        "coordinates": [
          74.02017948717949,
          14.983923076923077
        ]
      },
      "properties": {
        "layer": "interpolated_heatmap",
        "value": 0.4347,
        "label": "Interpolated anomaly intensity",
        "disclaimer": "Interpolated estimate \u2014 NOT a direct measurement",
        "data_provenance": "INFERRED"
      }
    },
    {
      "type": "Feature",
      "geometry": {
        "type": "Point",
        "coordinates": [
          74.02017948717949,
          14.98423076923077
        ]
      },
      "properties": {
        "layer": "interpolated_heatmap",
        "value": 0.4348,
        "label": "Interpolated anomaly intensity",
        "disclaimer": "Interpolated estimate \u2014 NOT a direct measurement",
        "data_provenance": "INFERRED"
      }
    },
    {
      "type": "Feature",
      "geometry": {
        "type": "Point",
        "coordinates": [
          74.02017948717949,
          14.984538461538461
        ]
      },
      "properties": {
        "layer": "interpolated_heatmap",
        "value": 0.4349,
        "label": "Interpolated anomaly intensity",
        "disclaimer": "Interpolated estimate \u2014 NOT a direct measurement",
        "data_provenance": "INFERRED"
      }
    },
    {
      "type": "Feature",
      "geometry": {
        "type": "Point",
        "coordinates": [
          74.02017948717949,
          14.984846153846155
        ]
      },
      "properties": {
        "layer": "interpolated_heatmap",
        "value": 0.435,
        "label": "Interpolated anomaly intensity",
        "disclaimer": "Interpolated estimate \u2014 NOT a direct measurement",
        "data_provenance": "INFERRED"
      }
    },
    {
      "type": "Feature",
      "geometry": {
        "type": "Point",
        "coordinates": [
          74.02017948717949,
          14.985153846153846
        ]
      },
      "properties": {
        "layer": "interpolated_heatmap",
        "value": 0.4351,
        "label": "Interpolated anomaly intensity",
        "disclaimer": "Interpolated estimate \u2014 NOT a direct measurement",
        "data_provenance": "INFERRED"
      }
    },
    {
      "type": "Feature",
      "geometry": {
        "type": "Point",
        "coordinates": [
          74.02017948717949,
          14.98546153846154
        ]
      },
      "properties": {
        "layer": "interpolated_heatmap",
        "value": 0.4352,
        "label": "Interpolated anomaly intensity",
        "disclaimer": "Interpolated estimate \u2014 NOT a direct measurement",
        "data_provenance": "INFERRED"
      }
    },
    {
      "type": "Feature",
      "geometry": {
        "type": "Point",
        "coordinates": [
          74.02017948717949,
          14.98576923076923
        ]
      },
      "properties": {
        "layer": "interpolated_heatmap",
        "value": 0.4353,
        "label": "Interpolated anomaly intensity",
        "disclaimer": "Interpolated estimate \u2014 NOT a direct measurement",
        "data_provenance": "INFERRED"
      }
    },
    {
      "type": "Feature",
      "geometry": {
        "type": "Point",
        "coordinates": [
          74.02017948717949,
          14.986076923076924
        ]
      },
      "properties": {
        "layer": "interpolated_heatmap",
        "value": 0.4354,
        "label": "Interpolated anomaly intensity",
        "disclaimer": "Interpolated estimate \u2014 NOT a direct measurement",
        "data_provenance": "INFERRED"
      }
    },
    {
      "type": "Feature",
      "geometry": {
        "type": "Point",
        "coordinates": [
          74.02017948717949,
          14.986384615384615
        ]
      },
      "properties": {
        "layer": "interpolated_heatmap",
        "value": 0.4354,
        "label": "Interpolated anomaly intensity",
        "disclaimer": "Interpolated estimate \u2014 NOT a direct measurement",
        "data_provenance": "INFERRED"
      }
    },
    {
      "type": "Feature",
      "geometry": {
        "type": "Point",
        "coordinates": [
          74.02017948717949,
          14.986692307692309
        ]
      },
      "properties": {
        "layer": "interpolated_heatmap",
        "value": 0.4355,
        "label": "Interpolated anomaly intensity",
        "disclaimer": "Interpolated estimate \u2014 NOT a direct measurement",
        "data_provenance": "INFERRED"
      }
    },
    {
      "type": "Feature",
      "geometry": {
        "type": "Point",
        "coordinates": [
          74.02017948717949,
          14.987
        ]
      },
      "properties": {
        "layer": "interpolated_heatmap",
        "value": 0.4356,
        "label": "Interpolated anomaly intensity",
        "disclaimer": "Interpolated estimate \u2014 NOT a direct measurement",
        "data_provenance": "INFERRED"
      }
    },
    {
      "type": "Feature",
      "geometry": {
        "type": "Point",
        "coordinates": [
          74.02058974358974,
          14.975
        ]
      },
      "properties": {
        "layer": "interpolated_heatmap",
        "value": 0.4356,
        "label": "Interpolated anomaly intensity",
        "disclaimer": "Interpolated estimate \u2014 NOT a direct measurement",
        "data_provenance": "INFERRED"
      }
    },
    {
      "type": "Feature",
      "geometry": {
        "type": "Point",
        "coordinates": [
          74.02058974358974,
          14.975307692307691
        ]
      },
      "properties": {
        "layer": "interpolated_heatmap",
        "value": 0.4355,
        "label": "Interpolated anomaly intensity",
        "disclaimer": "Interpolated estimate \u2014 NOT a direct measurement",
        "data_provenance": "INFERRED"
      }
    },
    {
      "type": "Feature",
      "geometry": {
        "type": "Point",
        "coordinates": [
          74.02058974358974,
          14.975615384615384
        ]
      },
      "properties": {
        "layer": "interpolated_heatmap",
        "value": 0.4354,
        "label": "Interpolated anomaly intensity",
        "disclaimer": "Interpolated estimate \u2014 NOT a direct measurement",
        "data_provenance": "INFERRED"
      }
    },
    {
      "type": "Feature",
      "geometry": {
        "type": "Point",
        "coordinates": [
          74.02058974358974,
          14.975923076923076
        ]
      },
      "properties": {
        "layer": "interpolated_heatmap",
        "value": 0.4352,
        "label": "Interpolated anomaly intensity",
        "disclaimer": "Interpolated estimate \u2014 NOT a direct measurement",
        "data_provenance": "INFERRED"
      }
    },
    {
      "type": "Feature",
      "geometry": {
        "type": "Point",
        "coordinates": [
          74.02058974358974,
          14.976230769230769
        ]
      },
      "properties": {
        "layer": "interpolated_heatmap",
        "value": 0.4351,
        "label": "Interpolated anomaly intensity",
        "disclaimer": "Interpolated estimate \u2014 NOT a direct measurement",
        "data_provenance": "INFERRED"
      }
    },
    {
      "type": "Feature",
      "geometry": {
        "type": "Point",
        "coordinates": [
          74.02058974358974,
          14.97653846153846
        ]
      },
      "properties": {
        "layer": "interpolated_heatmap",
        "value": 0.435,
        "label": "Interpolated anomaly intensity",
        "disclaimer": "Interpolated estimate \u2014 NOT a direct measurement",
        "data_provenance": "INFERRED"
      }
    },
    {
      "type": "Feature",
      "geometry": {
        "type": "Point",
        "coordinates": [
          74.02058974358974,
          14.976846153846154
        ]
      },
      "properties": {
        "layer": "interpolated_heatmap",
        "value": 0.4349,
        "label": "Interpolated anomaly intensity",
        "disclaimer": "Interpolated estimate \u2014 NOT a direct measurement",
        "data_provenance": "INFERRED"
      }
    },
    {
      "type": "Feature",
      "geometry": {
        "type": "Point",
        "coordinates": [
          74.02058974358974,
          14.977153846153845
        ]
      },
      "properties": {
        "layer": "interpolated_heatmap",
        "value": 0.4347,
        "label": "Interpolated anomaly intensity",
        "disclaimer": "Interpolated estimate \u2014 NOT a direct measurement",
        "data_provenance": "INFERRED"
      }
    },
    {
      "type": "Feature",
      "geometry": {
        "type": "Point",
        "coordinates": [
          74.02058974358974,
          14.977461538461538
        ]
      },
      "properties": {
        "layer": "interpolated_heatmap",
        "value": 0.4346,
        "label": "Interpolated anomaly intensity",
        "disclaimer": "Interpolated estimate \u2014 NOT a direct measurement",
        "data_provenance": "INFERRED"
      }
    },
    {
      "type": "Feature",
      "geometry": {
        "type": "Point",
        "coordinates": [
          74.02058974358974,
          14.97776923076923
        ]
      },
      "properties": {
        "layer": "interpolated_heatmap",
        "value": 0.4345,
        "label": "Interpolated anomaly intensity",
        "disclaimer": "Interpolated estimate \u2014 NOT a direct measurement",
        "data_provenance": "INFERRED"
      }
    },
    {
      "type": "Feature",
      "geometry": {
        "type": "Point",
        "coordinates": [
          74.02058974358974,
          14.978076923076923
        ]
      },
      "properties": {
        "layer": "interpolated_heatmap",
        "value": 0.4343,
        "label": "Interpolated anomaly intensity",
        "disclaimer": "Interpolated estimate \u2014 NOT a direct measurement",
        "data_provenance": "INFERRED"
      }
    },
    {
      "type": "Feature",
      "geometry": {
        "type": "Point",
        "coordinates": [
          74.02058974358974,
          14.978384615384615
        ]
      },
      "properties": {
        "layer": "interpolated_heatmap",
        "value": 0.4342,
        "label": "Interpolated anomaly intensity",
        "disclaimer": "Interpolated estimate \u2014 NOT a direct measurement",
        "data_provenance": "INFERRED"
      }
    },
    {
      "type": "Feature",
      "geometry": {
        "type": "Point",
        "coordinates": [
          74.02058974358974,
          14.978692307692308
        ]
      },
      "properties": {
        "layer": "interpolated_heatmap",
        "value": 0.4341,
        "label": "Interpolated anomaly intensity",
        "disclaimer": "Interpolated estimate \u2014 NOT a direct measurement",
        "data_provenance": "INFERRED"
      }
    },
    {
      "type": "Feature",
      "geometry": {
        "type": "Point",
        "coordinates": [
          74.02058974358974,
          14.979
        ]
      },
      "properties": {
        "layer": "interpolated_heatmap",
        "value": 0.434,
        "label": "Interpolated anomaly intensity",
        "disclaimer": "Interpolated estimate \u2014 NOT a direct measurement",
        "data_provenance": "INFERRED"
      }
    },
    {
      "type": "Feature",
      "geometry": {
        "type": "Point",
        "coordinates": [
          74.02058974358974,
          14.979307692307692
        ]
      },
      "properties": {
        "layer": "interpolated_heatmap",
        "value": 0.4339,
        "label": "Interpolated anomaly intensity",
        "disclaimer": "Interpolated estimate \u2014 NOT a direct measurement",
        "data_provenance": "INFERRED"
      }
    },
    {
      "type": "Feature",
      "geometry": {
        "type": "Point",
        "coordinates": [
          74.02058974358974,
          14.979615384615384
        ]
      },
      "properties": {
        "layer": "interpolated_heatmap",
        "value": 0.4339,
        "label": "Interpolated anomaly intensity",
        "disclaimer": "Interpolated estimate \u2014 NOT a direct measurement",
        "data_provenance": "INFERRED"
      }
    },
    {
      "type": "Feature",
      "geometry": {
        "type": "Point",
        "coordinates": [
          74.02058974358974,
          14.979923076923077
        ]
      },
      "properties": {
        "layer": "interpolated_heatmap",
        "value": 0.4338,
        "label": "Interpolated anomaly intensity",
        "disclaimer": "Interpolated estimate \u2014 NOT a direct measurement",
        "data_provenance": "INFERRED"
      }
    },
    {
      "type": "Feature",
      "geometry": {
        "type": "Point",
        "coordinates": [
          74.02058974358974,
          14.980230769230769
        ]
      },
      "properties": {
        "layer": "interpolated_heatmap",
        "value": 0.4338,
        "label": "Interpolated anomaly intensity",
        "disclaimer": "Interpolated estimate \u2014 NOT a direct measurement",
        "data_provenance": "INFERRED"
      }
    },
    {
      "type": "Feature",
      "geometry": {
        "type": "Point",
        "coordinates": [
          74.02058974358974,
          14.980538461538462
        ]
      },
      "properties": {
        "layer": "interpolated_heatmap",
        "value": 0.4338,
        "label": "Interpolated anomaly intensity",
        "disclaimer": "Interpolated estimate \u2014 NOT a direct measurement",
        "data_provenance": "INFERRED"
      }
    },
    {
      "type": "Feature",
      "geometry": {
        "type": "Point",
        "coordinates": [
          74.02058974358974,
          14.980846153846153
        ]
      },
      "properties": {
        "layer": "interpolated_heatmap",
        "value": 0.4338,
        "label": "Interpolated anomaly intensity",
        "disclaimer": "Interpolated estimate \u2014 NOT a direct measurement",
        "data_provenance": "INFERRED"
      }
    },
    {
      "type": "Feature",
      "geometry": {
        "type": "Point",
        "coordinates": [
          74.02058974358974,
          14.981153846153846
        ]
      },
      "properties": {
        "layer": "interpolated_heatmap",
        "value": 0.4339,
        "label": "Interpolated anomaly intensity",
        "disclaimer": "Interpolated estimate \u2014 NOT a direct measurement",
        "data_provenance": "INFERRED"
      }
    },
    {
      "type": "Feature",
      "geometry": {
        "type": "Point",
        "coordinates": [
          74.02058974358974,
          14.981461538461538
        ]
      },
      "properties": {
        "layer": "interpolated_heatmap",
        "value": 0.4339,
        "label": "Interpolated anomaly intensity",
        "disclaimer": "Interpolated estimate \u2014 NOT a direct measurement",
        "data_provenance": "INFERRED"
      }
    },
    {
      "type": "Feature",
      "geometry": {
        "type": "Point",
        "coordinates": [
          74.02058974358974,
          14.981769230769231
        ]
      },
      "properties": {
        "layer": "interpolated_heatmap",
        "value": 0.434,
        "label": "Interpolated anomaly intensity",
        "disclaimer": "Interpolated estimate \u2014 NOT a direct measurement",
        "data_provenance": "INFERRED"
      }
    },
    {
      "type": "Feature",
      "geometry": {
        "type": "Point",
        "coordinates": [
          74.02058974358974,
          14.982076923076923
        ]
      },
      "properties": {
        "layer": "interpolated_heatmap",
        "value": 0.4341,
        "label": "Interpolated anomaly intensity",
        "disclaimer": "Interpolated estimate \u2014 NOT a direct measurement",
        "data_provenance": "INFERRED"
      }
    },
    {
      "type": "Feature",
      "geometry": {
        "type": "Point",
        "coordinates": [
          74.02058974358974,
          14.982384615384616
        ]
      },
      "properties": {
        "layer": "interpolated_heatmap",
        "value": 0.4342,
        "label": "Interpolated anomaly intensity",
        "disclaimer": "Interpolated estimate \u2014 NOT a direct measurement",
        "data_provenance": "INFERRED"
      }
    },
    {
      "type": "Feature",
      "geometry": {
        "type": "Point",
        "coordinates": [
          74.02058974358974,
          14.982692307692307
        ]
      },
      "properties": {
        "layer": "interpolated_heatmap",
        "value": 0.4343,
        "label": "Interpolated anomaly intensity",
        "disclaimer": "Interpolated estimate \u2014 NOT a direct measurement",
        "data_provenance": "INFERRED"
      }
    },
    {
      "type": "Feature",
      "geometry": {
        "type": "Point",
        "coordinates": [
          74.02058974358974,
          14.983
        ]
      },
      "properties": {
        "layer": "interpolated_heatmap",
        "value": 0.4344,
        "label": "Interpolated anomaly intensity",
        "disclaimer": "Interpolated estimate \u2014 NOT a direct measurement",
        "data_provenance": "INFERRED"
      }
    },
    {
      "type": "Feature",
      "geometry": {
        "type": "Point",
        "coordinates": [
          74.02058974358974,
          14.983307692307692
        ]
      },
      "properties": {
        "layer": "interpolated_heatmap",
        "value": 0.4345,
        "label": "Interpolated anomaly intensity",
        "disclaimer": "Interpolated estimate \u2014 NOT a direct measurement",
        "data_provenance": "INFERRED"
      }
    },
    {
      "type": "Feature",
      "geometry": {
        "type": "Point",
        "coordinates": [
          74.02058974358974,
          14.983615384615385
        ]
      },
      "properties": {
        "layer": "interpolated_heatmap",
        "value": 0.4346,
        "label": "Interpolated anomaly intensity",
        "disclaimer": "Interpolated estimate \u2014 NOT a direct measurement",
        "data_provenance": "INFERRED"
      }
    },
    {
      "type": "Feature",
      "geometry": {
        "type": "Point",
        "coordinates": [
          74.02058974358974,
          14.983923076923077
        ]
      },
      "properties": {
        "layer": "interpolated_heatmap",
        "value": 0.4348,
        "label": "Interpolated anomaly intensity",
        "disclaimer": "Interpolated estimate \u2014 NOT a direct measurement",
        "data_provenance": "INFERRED"
      }
    },
    {
      "type": "Feature",
      "geometry": {
        "type": "Point",
        "coordinates": [
          74.02058974358974,
          14.98423076923077
        ]
      },
      "properties": {
        "layer": "interpolated_heatmap",
        "value": 0.4349,
        "label": "Interpolated anomaly intensity",
        "disclaimer": "Interpolated estimate \u2014 NOT a direct measurement",
        "data_provenance": "INFERRED"
      }
    },
    {
      "type": "Feature",
      "geometry": {
        "type": "Point",
        "coordinates": [
          74.02058974358974,
          14.984538461538461
        ]
      },
      "properties": {
        "layer": "interpolated_heatmap",
        "value": 0.435,
        "label": "Interpolated anomaly intensity",
        "disclaimer": "Interpolated estimate \u2014 NOT a direct measurement",
        "data_provenance": "INFERRED"
      }
    },
    {
      "type": "Feature",
      "geometry": {
        "type": "Point",
        "coordinates": [
          74.02058974358974,
          14.984846153846155
        ]
      },
      "properties": {
        "layer": "interpolated_heatmap",
        "value": 0.435,
        "label": "Interpolated anomaly intensity",
        "disclaimer": "Interpolated estimate \u2014 NOT a direct measurement",
        "data_provenance": "INFERRED"
      }
    },
    {
      "type": "Feature",
      "geometry": {
        "type": "Point",
        "coordinates": [
          74.02058974358974,
          14.985153846153846
        ]
      },
      "properties": {
        "layer": "interpolated_heatmap",
        "value": 0.4351,
        "label": "Interpolated anomaly intensity",
        "disclaimer": "Interpolated estimate \u2014 NOT a direct measurement",
        "data_provenance": "INFERRED"
      }
    },
    {
      "type": "Feature",
      "geometry": {
        "type": "Point",
        "coordinates": [
          74.02058974358974,
          14.98546153846154
        ]
      },
      "properties": {
        "layer": "interpolated_heatmap",
        "value": 0.4352,
        "label": "Interpolated anomaly intensity",
        "disclaimer": "Interpolated estimate \u2014 NOT a direct measurement",
        "data_provenance": "INFERRED"
      }
    },
    {
      "type": "Feature",
      "geometry": {
        "type": "Point",
        "coordinates": [
          74.02058974358974,
          14.98576923076923
        ]
      },
      "properties": {
        "layer": "interpolated_heatmap",
        "value": 0.4353,
        "label": "Interpolated anomaly intensity",
        "disclaimer": "Interpolated estimate \u2014 NOT a direct measurement",
        "data_provenance": "INFERRED"
      }
    },
    {
      "type": "Feature",
      "geometry": {
        "type": "Point",
        "coordinates": [
          74.02058974358974,
          14.986076923076924
        ]
      },
      "properties": {
        "layer": "interpolated_heatmap",
        "value": 0.4354,
        "label": "Interpolated anomaly intensity",
        "disclaimer": "Interpolated estimate \u2014 NOT a direct measurement",
        "data_provenance": "INFERRED"
      }
    },
    {
      "type": "Feature",
      "geometry": {
        "type": "Point",
        "coordinates": [
          74.02058974358974,
          14.986384615384615
        ]
      },
      "properties": {
        "layer": "interpolated_heatmap",
        "value": 0.4355,
        "label": "Interpolated anomaly intensity",
        "disclaimer": "Interpolated estimate \u2014 NOT a direct measurement",
        "data_provenance": "INFERRED"
      }
    },
    {
      "type": "Feature",
      "geometry": {
        "type": "Point",
        "coordinates": [
          74.02058974358974,
          14.986692307692309
        ]
      },
      "properties": {
        "layer": "interpolated_heatmap",
        "value": 0.4355,
        "label": "Interpolated anomaly intensity",
        "disclaimer": "Interpolated estimate \u2014 NOT a direct measurement",
        "data_provenance": "INFERRED"
      }
    },
    {
      "type": "Feature",
      "geometry": {
        "type": "Point",
        "coordinates": [
          74.02058974358974,
          14.987
        ]
      },
      "properties": {
        "layer": "interpolated_heatmap",
        "value": 0.4356,
        "label": "Interpolated anomaly intensity",
        "disclaimer": "Interpolated estimate \u2014 NOT a direct measurement",
        "data_provenance": "INFERRED"
      }
    },
    {
      "type": "Feature",
      "geometry": {
        "type": "Point",
        "coordinates": [
          74.021,
          14.975
        ]
      },
      "properties": {
        "layer": "interpolated_heatmap",
        "value": 0.4356,
        "label": "Interpolated anomaly intensity",
        "disclaimer": "Interpolated estimate \u2014 NOT a direct measurement",
        "data_provenance": "INFERRED"
      }
    },
    {
      "type": "Feature",
      "geometry": {
        "type": "Point",
        "coordinates": [
          74.021,
          14.975307692307691
        ]
      },
      "properties": {
        "layer": "interpolated_heatmap",
        "value": 0.4355,
        "label": "Interpolated anomaly intensity",
        "disclaimer": "Interpolated estimate \u2014 NOT a direct measurement",
        "data_provenance": "INFERRED"
      }
    },
    {
      "type": "Feature",
      "geometry": {
        "type": "Point",
        "coordinates": [
          74.021,
          14.975615384615384
        ]
      },
      "properties": {
        "layer": "interpolated_heatmap",
        "value": 0.4354,
        "label": "Interpolated anomaly intensity",
        "disclaimer": "Interpolated estimate \u2014 NOT a direct measurement",
        "data_provenance": "INFERRED"
      }
    },
    {
      "type": "Feature",
      "geometry": {
        "type": "Point",
        "coordinates": [
          74.021,
          14.975923076923076
        ]
      },
      "properties": {
        "layer": "interpolated_heatmap",
        "value": 0.4353,
        "label": "Interpolated anomaly intensity",
        "disclaimer": "Interpolated estimate \u2014 NOT a direct measurement",
        "data_provenance": "INFERRED"
      }
    },
    {
      "type": "Feature",
      "geometry": {
        "type": "Point",
        "coordinates": [
          74.021,
          14.976230769230769
        ]
      },
      "properties": {
        "layer": "interpolated_heatmap",
        "value": 0.4352,
        "label": "Interpolated anomaly intensity",
        "disclaimer": "Interpolated estimate \u2014 NOT a direct measurement",
        "data_provenance": "INFERRED"
      }
    },
    {
      "type": "Feature",
      "geometry": {
        "type": "Point",
        "coordinates": [
          74.021,
          14.97653846153846
        ]
      },
      "properties": {
        "layer": "interpolated_heatmap",
        "value": 0.4351,
        "label": "Interpolated anomaly intensity",
        "disclaimer": "Interpolated estimate \u2014 NOT a direct measurement",
        "data_provenance": "INFERRED"
      }
    },
    {
      "type": "Feature",
      "geometry": {
        "type": "Point",
        "coordinates": [
          74.021,
          14.976846153846154
        ]
      },
      "properties": {
        "layer": "interpolated_heatmap",
        "value": 0.435,
        "label": "Interpolated anomaly intensity",
        "disclaimer": "Interpolated estimate \u2014 NOT a direct measurement",
        "data_provenance": "INFERRED"
      }
    },
    {
      "type": "Feature",
      "geometry": {
        "type": "Point",
        "coordinates": [
          74.021,
          14.977153846153845
        ]
      },
      "properties": {
        "layer": "interpolated_heatmap",
        "value": 0.4349,
        "label": "Interpolated anomaly intensity",
        "disclaimer": "Interpolated estimate \u2014 NOT a direct measurement",
        "data_provenance": "INFERRED"
      }
    },
    {
      "type": "Feature",
      "geometry": {
        "type": "Point",
        "coordinates": [
          74.021,
          14.977461538461538
        ]
      },
      "properties": {
        "layer": "interpolated_heatmap",
        "value": 0.4347,
        "label": "Interpolated anomaly intensity",
        "disclaimer": "Interpolated estimate \u2014 NOT a direct measurement",
        "data_provenance": "INFERRED"
      }
    },
    {
      "type": "Feature",
      "geometry": {
        "type": "Point",
        "coordinates": [
          74.021,
          14.97776923076923
        ]
      },
      "properties": {
        "layer": "interpolated_heatmap",
        "value": 0.4346,
        "label": "Interpolated anomaly intensity",
        "disclaimer": "Interpolated estimate \u2014 NOT a direct measurement",
        "data_provenance": "INFERRED"
      }
    },
    {
      "type": "Feature",
      "geometry": {
        "type": "Point",
        "coordinates": [
          74.021,
          14.978076923076923
        ]
      },
      "properties": {
        "layer": "interpolated_heatmap",
        "value": 0.4345,
        "label": "Interpolated anomaly intensity",
        "disclaimer": "Interpolated estimate \u2014 NOT a direct measurement",
        "data_provenance": "INFERRED"
      }
    },
    {
      "type": "Feature",
      "geometry": {
        "type": "Point",
        "coordinates": [
          74.021,
          14.978384615384615
        ]
      },
      "properties": {
        "layer": "interpolated_heatmap",
        "value": 0.4344,
        "label": "Interpolated anomaly intensity",
        "disclaimer": "Interpolated estimate \u2014 NOT a direct measurement",
        "data_provenance": "INFERRED"
      }
    },
    {
      "type": "Feature",
      "geometry": {
        "type": "Point",
        "coordinates": [
          74.021,
          14.978692307692308
        ]
      },
      "properties": {
        "layer": "interpolated_heatmap",
        "value": 0.4343,
        "label": "Interpolated anomaly intensity",
        "disclaimer": "Interpolated estimate \u2014 NOT a direct measurement",
        "data_provenance": "INFERRED"
      }
    },
    {
      "type": "Feature",
      "geometry": {
        "type": "Point",
        "coordinates": [
          74.021,
          14.979
        ]
      },
      "properties": {
        "layer": "interpolated_heatmap",
        "value": 0.4343,
        "label": "Interpolated anomaly intensity",
        "disclaimer": "Interpolated estimate \u2014 NOT a direct measurement",
        "data_provenance": "INFERRED"
      }
    },
    {
      "type": "Feature",
      "geometry": {
        "type": "Point",
        "coordinates": [
          74.021,
          14.979307692307692
        ]
      },
      "properties": {
        "layer": "interpolated_heatmap",
        "value": 0.4342,
        "label": "Interpolated anomaly intensity",
        "disclaimer": "Interpolated estimate \u2014 NOT a direct measurement",
        "data_provenance": "INFERRED"
      }
    },
    {
      "type": "Feature",
      "geometry": {
        "type": "Point",
        "coordinates": [
          74.021,
          14.979615384615384
        ]
      },
      "properties": {
        "layer": "interpolated_heatmap",
        "value": 0.4341,
        "label": "Interpolated anomaly intensity",
        "disclaimer": "Interpolated estimate \u2014 NOT a direct measurement",
        "data_provenance": "INFERRED"
      }
    },
    {
      "type": "Feature",
      "geometry": {
        "type": "Point",
        "coordinates": [
          74.021,
          14.979923076923077
        ]
      },
      "properties": {
        "layer": "interpolated_heatmap",
        "value": 0.4341,
        "label": "Interpolated anomaly intensity",
        "disclaimer": "Interpolated estimate \u2014 NOT a direct measurement",
        "data_provenance": "INFERRED"
      }
    },
    {
      "type": "Feature",
      "geometry": {
        "type": "Point",
        "coordinates": [
          74.021,
          14.980230769230769
        ]
      },
      "properties": {
        "layer": "interpolated_heatmap",
        "value": 0.4341,
        "label": "Interpolated anomaly intensity",
        "disclaimer": "Interpolated estimate \u2014 NOT a direct measurement",
        "data_provenance": "INFERRED"
      }
    },
    {
      "type": "Feature",
      "geometry": {
        "type": "Point",
        "coordinates": [
          74.021,
          14.980538461538462
        ]
      },
      "properties": {
        "layer": "interpolated_heatmap",
        "value": 0.4341,
        "label": "Interpolated anomaly intensity",
        "disclaimer": "Interpolated estimate \u2014 NOT a direct measurement",
        "data_provenance": "INFERRED"
      }
    },
    {
      "type": "Feature",
      "geometry": {
        "type": "Point",
        "coordinates": [
          74.021,
          14.980846153846153
        ]
      },
      "properties": {
        "layer": "interpolated_heatmap",
        "value": 0.4341,
        "label": "Interpolated anomaly intensity",
        "disclaimer": "Interpolated estimate \u2014 NOT a direct measurement",
        "data_provenance": "INFERRED"
      }
    },
    {
      "type": "Feature",
      "geometry": {
        "type": "Point",
        "coordinates": [
          74.021,
          14.981153846153846
        ]
      },
      "properties": {
        "layer": "interpolated_heatmap",
        "value": 0.4341,
        "label": "Interpolated anomaly intensity",
        "disclaimer": "Interpolated estimate \u2014 NOT a direct measurement",
        "data_provenance": "INFERRED"
      }
    },
    {
      "type": "Feature",
      "geometry": {
        "type": "Point",
        "coordinates": [
          74.021,
          14.981461538461538
        ]
      },
      "properties": {
        "layer": "interpolated_heatmap",
        "value": 0.4342,
        "label": "Interpolated anomaly intensity",
        "disclaimer": "Interpolated estimate \u2014 NOT a direct measurement",
        "data_provenance": "INFERRED"
      }
    },
    {
      "type": "Feature",
      "geometry": {
        "type": "Point",
        "coordinates": [
          74.021,
          14.981769230769231
        ]
      },
      "properties": {
        "layer": "interpolated_heatmap",
        "value": 0.4342,
        "label": "Interpolated anomaly intensity",
        "disclaimer": "Interpolated estimate \u2014 NOT a direct measurement",
        "data_provenance": "INFERRED"
      }
    },
    {
      "type": "Feature",
      "geometry": {
        "type": "Point",
        "coordinates": [
          74.021,
          14.982076923076923
        ]
      },
      "properties": {
        "layer": "interpolated_heatmap",
        "value": 0.4343,
        "label": "Interpolated anomaly intensity",
        "disclaimer": "Interpolated estimate \u2014 NOT a direct measurement",
        "data_provenance": "INFERRED"
      }
    },
    {
      "type": "Feature",
      "geometry": {
        "type": "Point",
        "coordinates": [
          74.021,
          14.982384615384616
        ]
      },
      "properties": {
        "layer": "interpolated_heatmap",
        "value": 0.4344,
        "label": "Interpolated anomaly intensity",
        "disclaimer": "Interpolated estimate \u2014 NOT a direct measurement",
        "data_provenance": "INFERRED"
      }
    },
    {
      "type": "Feature",
      "geometry": {
        "type": "Point",
        "coordinates": [
          74.021,
          14.982692307692307
        ]
      },
      "properties": {
        "layer": "interpolated_heatmap",
        "value": 0.4345,
        "label": "Interpolated anomaly intensity",
        "disclaimer": "Interpolated estimate \u2014 NOT a direct measurement",
        "data_provenance": "INFERRED"
      }
    },
    {
      "type": "Feature",
      "geometry": {
        "type": "Point",
        "coordinates": [
          74.021,
          14.983
        ]
      },
      "properties": {
        "layer": "interpolated_heatmap",
        "value": 0.4346,
        "label": "Interpolated anomaly intensity",
        "disclaimer": "Interpolated estimate \u2014 NOT a direct measurement",
        "data_provenance": "INFERRED"
      }
    },
    {
      "type": "Feature",
      "geometry": {
        "type": "Point",
        "coordinates": [
          74.021,
          14.983307692307692
        ]
      },
      "properties": {
        "layer": "interpolated_heatmap",
        "value": 0.4347,
        "label": "Interpolated anomaly intensity",
        "disclaimer": "Interpolated estimate \u2014 NOT a direct measurement",
        "data_provenance": "INFERRED"
      }
    },
    {
      "type": "Feature",
      "geometry": {
        "type": "Point",
        "coordinates": [
          74.021,
          14.983615384615385
        ]
      },
      "properties": {
        "layer": "interpolated_heatmap",
        "value": 0.4348,
        "label": "Interpolated anomaly intensity",
        "disclaimer": "Interpolated estimate \u2014 NOT a direct measurement",
        "data_provenance": "INFERRED"
      }
    },
    {
      "type": "Feature",
      "geometry": {
        "type": "Point",
        "coordinates": [
          74.021,
          14.983923076923077
        ]
      },
      "properties": {
        "layer": "interpolated_heatmap",
        "value": 0.4348,
        "label": "Interpolated anomaly intensity",
        "disclaimer": "Interpolated estimate \u2014 NOT a direct measurement",
        "data_provenance": "INFERRED"
      }
    },
    {
      "type": "Feature",
      "geometry": {
        "type": "Point",
        "coordinates": [
          74.021,
          14.98423076923077
        ]
      },
      "properties": {
        "layer": "interpolated_heatmap",
        "value": 0.4349,
        "label": "Interpolated anomaly intensity",
        "disclaimer": "Interpolated estimate \u2014 NOT a direct measurement",
        "data_provenance": "INFERRED"
      }
    },
    {
      "type": "Feature",
      "geometry": {
        "type": "Point",
        "coordinates": [
          74.021,
          14.984538461538461
        ]
      },
      "properties": {
        "layer": "interpolated_heatmap",
        "value": 0.435,
        "label": "Interpolated anomaly intensity",
        "disclaimer": "Interpolated estimate \u2014 NOT a direct measurement",
        "data_provenance": "INFERRED"
      }
    },
    {
      "type": "Feature",
      "geometry": {
        "type": "Point",
        "coordinates": [
          74.021,
          14.984846153846155
        ]
      },
      "properties": {
        "layer": "interpolated_heatmap",
        "value": 0.4351,
        "label": "Interpolated anomaly intensity",
        "disclaimer": "Interpolated estimate \u2014 NOT a direct measurement",
        "data_provenance": "INFERRED"
      }
    },
    {
      "type": "Feature",
      "geometry": {
        "type": "Point",
        "coordinates": [
          74.021,
          14.985153846153846
        ]
      },
      "properties": {
        "layer": "interpolated_heatmap",
        "value": 0.4352,
        "label": "Interpolated anomaly intensity",
        "disclaimer": "Interpolated estimate \u2014 NOT a direct measurement",
        "data_provenance": "INFERRED"
      }
    },
    {
      "type": "Feature",
      "geometry": {
        "type": "Point",
        "coordinates": [
          74.021,
          14.98546153846154
        ]
      },
      "properties": {
        "layer": "interpolated_heatmap",
        "value": 0.4353,
        "label": "Interpolated anomaly intensity",
        "disclaimer": "Interpolated estimate \u2014 NOT a direct measurement",
        "data_provenance": "INFERRED"
      }
    },
    {
      "type": "Feature",
      "geometry": {
        "type": "Point",
        "coordinates": [
          74.021,
          14.98576923076923
        ]
      },
      "properties": {
        "layer": "interpolated_heatmap",
        "value": 0.4353,
        "label": "Interpolated anomaly intensity",
        "disclaimer": "Interpolated estimate \u2014 NOT a direct measurement",
        "data_provenance": "INFERRED"
      }
    },
    {
      "type": "Feature",
      "geometry": {
        "type": "Point",
        "coordinates": [
          74.021,
          14.986076923076924
        ]
      },
      "properties": {
        "layer": "interpolated_heatmap",
        "value": 0.4354,
        "label": "Interpolated anomaly intensity",
        "disclaimer": "Interpolated estimate \u2014 NOT a direct measurement",
        "data_provenance": "INFERRED"
      }
    },
    {
      "type": "Feature",
      "geometry": {
        "type": "Point",
        "coordinates": [
          74.021,
          14.986384615384615
        ]
      },
      "properties": {
        "layer": "interpolated_heatmap",
        "value": 0.4355,
        "label": "Interpolated anomaly intensity",
        "disclaimer": "Interpolated estimate \u2014 NOT a direct measurement",
        "data_provenance": "INFERRED"
      }
    },
    {
      "type": "Feature",
      "geometry": {
        "type": "Point",
        "coordinates": [
          74.021,
          14.986692307692309
        ]
      },
      "properties": {
        "layer": "interpolated_heatmap",
        "value": 0.4356,
        "label": "Interpolated anomaly intensity",
        "disclaimer": "Interpolated estimate \u2014 NOT a direct measurement",
        "data_provenance": "INFERRED"
      }
    },
    {
      "type": "Feature",
      "geometry": {
        "type": "Point",
        "coordinates": [
          74.021,
          14.987
        ]
      },
      "properties": {
        "layer": "interpolated_heatmap",
        "value": 0.4356,
        "label": "Interpolated anomaly intensity",
        "disclaimer": "Interpolated estimate \u2014 NOT a direct measurement",
        "data_provenance": "INFERRED"
      }
    },
    {
      "type": "Feature",
      "geometry": {
        "type": "Polygon",
        "coordinates": [
          [
            [
              74.01709303231145,
              14.982932483807168
            ],
            [
              74.01715997348826,
              14.982640872191386
            ],
            [
              74.01720191311243,
              14.982344882948263
            ],
            [
              74.01721856479527,
              14.982046537998036
            ],
            [
              74.01720981489362,
              14.981747875344666
            ],
            [
              74.0171757232834,
              14.981450935154033
            ],
            [
              74.0171165229476,
              14.98115774581767
            ],
            [
              74.0170326183821,
              14.980870310097016
            ],
            [
              74.01692458282982,
              14.980590591443114
            ],
            [
              74.01616880509388,
              14.980901642676743
            ],
            [
              74.01706243986591,
              14.983027867814368
            ],
            [
              74.01709303231145,
              14.982932483807168
            ]
          ]
        ]
      },
      "properties": {
        "layer": "candidate_overlap_regions",
        "candidate_id": "CAND_001",
        "station_ids": [
          "DEMO_B",
          "DEMO_C"
        ],
        "classification": "POSSIBLE_HYDROTHERMAL_ASSOCIATED_ANOMALY",
        "candidate_score": 0.5697,
        "score_label": "Candidate score",
        "score_disclaimer": "Documented heuristic based on station evidence, spatial overlap, and data quality",
        "overlap_area_m2": 15444.162389515846,
        "station_scores": {
          "DEMO_B": 1.0,
          "DEMO_C": 0.4
        },
        "data_provenance": "INFERRED"
      }
    }
  ]
}